source_date,ticker,p_low,p_medium,p_high,feature_coverage,ret_20,ret_60,vol_20,downside_vol_60,max_drawdown_60,median_value_20,amihud_20,zero_volume_20,beta_60,corr_60,risk_score_internal,predicted_risk_class
2022-09-30,AFKS,0.1189682197545307,0.6241909908125421,0.2568407894329272,1.0,-0.2710580204778157,,0.6776204833637538,0.6378647746357848,-0.3297913697032525,431960092.70000005,3.295228257435972e-11,0.0,1.2095157796238212,0.9611601086191167,0.5962000000000001,medium
2022-09-30,AFLT,0.12106944034392118,0.7243424429963203,0.15458811665975847,1.0,-0.25258397932816534,,0.5582202562916261,0.519074789216736,-0.2687338501291989,281640430.1,5.6979086011036375e-11,0.0,1.0004130791672496,0.8570773319121379,0.5305500000000001,medium
2022-09-30,ALRS,0.18776151479693762,0.6910226620429661,0.12121582316009637,1.0,-0.1917272972244678,,0.5934940687470405,0.48296125375920856,-0.24949031600407756,765618934.45,2.535624952806735e-11,0.0,1.027959399271806,0.9191064738686062,0.4453000000000001,medium
2022-09-30,BSPB,0.2072711832138147,0.671845228802894,0.12088358798329134,1.0,-0.21336053034166247,,0.4487322826888494,0.42195856106076024,-0.2135645079041305,30560079.349999998,3.1837222968026204e-10,0.0,0.7168485342369171,0.7406240836506542,0.4326,medium
2022-09-30,CBOM,0.7428578315249844,0.19834435416786267,0.05879781430715293,1.0,0.011553716157958194,,0.22874532633271336,0.1258918956974795,-0.056397718011409914,592322953.3499999,1.6586193790926524e-11,0.0,0.32630586386996946,0.6789607856836101,0.18295,low
2022-09-30,CHMF,0.12100972772552321,0.6774738381903638,0.20151643408411302,1.0,-0.19679752066115697,,0.670633472441261,0.5912902115605277,-0.27218045112781963,517947656.1,3.427534682546827e-11,0.0,1.136071707554083,0.8886314314099129,0.5637500000000001,medium
2022-09-30,ENPG,0.05687163981172911,0.1895772883178012,0.7535510718704697,1.0,-0.35171102661596954,,0.8581811115523857,0.6614554843206771,-0.3939670932358318,69539436.75,2.9584699660503833e-10,0.0,1.3708946050752304,0.866081996418867,0.8230000000000001,high
2022-09-30,FEES,0.1195926680609979,0.6363772423203045,0.24403008961869765,1.0,-0.18572621035058423,,0.6019778516246115,0.45746414561141047,-0.26593449696018834,85190751.80000001,1.468649413444628e-10,0.0,1.0056171422880256,0.9081341827818102,0.5891500000000002,medium
2022-09-30,FLOT,0.11677634110874356,0.5899633939815003,0.29326026490975604,1.0,-0.28249400479616305,,0.5376148448477712,0.49066494399819516,-0.3033760186263097,44360383.25,3.234016476408654e-10,0.0,0.82024591215929,0.8282606293126743,0.6151,medium
2022-09-30,GAZP,0.36035090326109864,0.5282545596057268,0.11139453713317454,1.0,-0.1388449367088609,,0.6215124480538065,0.47420646998176513,-0.185126582278481,11119058437.25,1.1765569424917572e-12,0.0,0.896126976296883,0.7786879822164448,0.35325,medium
2022-09-30,GMKN,0.12708559319996848,0.752846097900841,0.12006830889919055,1.0,-0.2560611489310881,,0.4551201152903055,0.36084239858425143,-0.27423529411764713,15597846.61,1.1696086937870099e-09,0.0,0.7732855984670479,0.910256679075716,0.4929,medium
2022-09-30,HYDR,0.48602537971092746,0.4162395118266746,0.09773510846239804,1.0,-0.13986797857765598,,0.3069911693911097,0.2852892685175541,-0.1612742658038825,116639984.4,6.404294734236157e-11,0.0,0.519903857843418,0.9142151639956618,0.2995,low
2022-09-30,IRAO,0.16770946322842756,0.7110431355038115,0.12124740126776089,1.0,-0.20326958667489203,,0.5327577461601776,0.4629124868515322,-0.24528301886792447,250321715.0,6.762228526118364e-11,0.0,0.9402591193755777,0.9453127471845509,0.45945,medium
2022-09-30,LKOH,0.5502475519645292,0.36045541421404165,0.0892970338214292,1.0,-0.13710554951033738,,0.4818791653743939,0.41830694780703,-0.2147395171537484,3049506045.0,4.5525537259495005e-12,0.0,0.7412468096313075,0.8281420883364168,0.27270000000000005,low
2022-09-30,MAGN,0.12118009117054507,0.7176469936667766,0.16117291516267832,1.0,-0.19200000000000006,,0.6313503674976191,0.5008501945203389,-0.2560855263157895,488727138.65,4.2689577758592384e-11,0.0,1.0028489450965121,0.8524804877450685,0.5356500000000001,medium
2022-09-30,MGNT,0.48230132240271995,0.419502325308141,0.098196352289139,1.0,-0.1391851244189226,,0.5312764134563062,0.4176348698955146,-0.20107142857142857,799597034.75,2.0515071178997673e-11,0.0,0.7770681347931494,0.786824964949839,0.30105,low
2022-09-30,MOEX,0.4049746459930596,0.48800441974207537,0.107020934264865,1.0,-0.1973299958281185,,0.4713748370325341,0.4064597858865992,-0.2061426340447683,373303205.8,3.986350560541882e-11,0.0,0.786086590292117,0.9047969544594764,0.33365,medium
2022-09-30,MTLR,0.09024661622079701,0.36640750039899234,0.5433458833802107,1.0,-0.36697819314641744,,0.760718540916443,0.6831108610193803,-0.38818216033120057,267504524.43,6.470163363083583e-11,0.0,1.1172525027682578,0.7863986393098731,0.7244,high
2022-09-30,MTSS,0.47689838429282266,0.42424174131044956,0.09885987439672768,1.0,-0.20245526425301708,,0.42323927882823476,0.3620386891806001,-0.24629324546952225,293891328.0,3.323801152457791e-11,0.0,0.6562916478693415,0.8423672962958998,0.3033,low
2022-09-30,NLMK,0.10763256773131982,0.49330284525128215,0.399064587017398,1.0,-0.306938775510204,,0.8256804182254903,0.6880189846782657,-0.3865079365079366,740595823.4000001,2.8186483619988116e-11,0.0,1.4163275617735118,0.9092147848443746,0.6638000000000002,medium
2022-09-30,NVTK,0.18025940962247422,0.6984733173077838,0.12126727306974198,1.0,-0.15651114206128125,,0.6434126988901726,0.4861796966493259,-0.250125313283208,1755801983.0,9.7804381437888e-12,0.0,1.0017565593695164,0.8462893169297897,0.4504500000000001,medium
2022-09-30,OZON,0.09677246898791936,0.4095104994095301,0.4937170316025505,1.0,-0.3028192371475954,,0.8451723670946003,0.725667868391789,-0.3516086671043992,365684906.0,5.4831390670338917e-11,0.0,1.4528434406328063,0.9343829010209953,0.7037,high
2022-09-30,PHOR,0.5711713076130617,0.34247175186483353,0.08635694052210476,1.0,-0.21078983602453372,,0.4599571775583591,0.38800090103565343,-0.22666503127683058,1074112987.5,1.8733409653143672e-11,0.0,0.4543529659339087,0.5361064831338664,0.26385,low
2022-09-30,PIKK,0.10676551052484277,0.4858184231690939,0.40741606630606314,1.0,-0.2725260416666666,,0.7781457759294022,0.6239369843741678,-0.3638708092840476,521930868.0,5.985283634572533e-11,0.0,1.25056558675999,0.873159252915808,0.6674000000000001,medium
2022-09-30,PLZL,0.10382260641723362,0.4616392469213499,0.43453814666141655,1.0,-0.4010861132660978,,0.5723009310774153,0.5446164381894664,-0.4010861132660978,101979883.1,1.4069536342699263e-10,0.0,0.9609355000819297,0.8910594554010297,0.6789500000000002,medium
2022-09-30,POSI,0.21559383399465204,0.6637438051088045,0.12066236089654343,1.0,-0.17049180327868851,,0.5060260537258368,0.367667663595273,-0.24870081662954713,174047902.0,1.2074748308629132e-10,0.0,0.7243323310887301,0.7771694150974041,0.42745,medium
2022-09-30,RNFT,0.07560169529811611,0.2815693307073558,0.6428289739945281,1.0,-0.15601023017902815,,1.10841042721754,0.637557287288949,-0.37618147448015116,102629023.19999999,1.6296662159372449e-10,0.0,1.0480902977965045,0.5046726263571886,0.7675500000000002,high
2022-09-30,ROSN,0.12014069764790547,0.7514190882242486,0.128440214127846,1.0,-0.31433393923656194,,0.5977232102357836,0.5632290104147661,-0.33510776421708643,2176997157.65,7.966294606905006e-12,0.0,1.0890058980753046,0.9532865562414825,0.50835,medium
2022-09-30,RTKM,0.36907102308338346,0.5203434633609267,0.1105855135556898,1.0,-0.12423591607467377,,0.37206336228051184,0.2791208075953344,-0.17044005102040816,90708205.1,1.6335838253960528e-10,0.0,0.566777621604438,0.8171343374316348,0.34935,medium
2022-09-30,RUAL,0.11988957570992159,0.7561737038001488,0.12393672048992957,1.0,-0.31646464646464645,,0.532355029540421,0.47928137297517104,-0.33427079148252314,294288771.5,5.570192305957833e-11,0.0,0.9601323780145822,0.9569200448722395,0.50415,medium
2022-09-30,SBER,0.21756719960417759,0.6618293653919483,0.12060343500387419,1.0,-0.23358831710709327,,0.5780581291148176,0.49841723336948346,-0.25549374130737135,9308592631.2,1.954462773817013e-12,0.0,1.0305437840639882,0.9241124478256029,0.4262499999999999,medium
2022-09-30,SGZH,0.18783550350246833,0.6909494031514072,0.12121509334612449,1.0,-0.33988375311375596,,0.4689363561292018,0.45351105653545215,-0.3447802197802199,272118075.05,3.644552844262965e-11,0.0,0.7458920176235218,0.8597047307394516,0.44525000000000003,medium
2022-09-30,SIBN,0.2272014184753011,0.652516828792207,0.12028175273249206,1.0,-0.19914903675688456,,0.5004365298168457,0.3913721191407758,-0.23729969314694843,180851539.5,1.2467348956448727e-10,0.0,0.7718499605806673,0.8125424547275777,0.4205,medium
2022-09-30,SMLT,0.08936275844450796,0.3608650346455563,0.5497722069099358,1.0,-0.332108626198083,,0.7545804073677322,0.6436404894842986,-0.39265406485323495,209499329.75,7.487525613875495e-11,0.0,1.058282018419391,0.7564038372131323,0.7271000000000001,high
2022-09-30,SNGS,0.10770370992007369,0.4939251711781047,0.3983711189018216,1.0,-0.3421629521373768,,0.7439534634698337,0.7423765483081184,-0.36609426379247345,614551450.0,3.8473191846126904e-11,0.0,1.4182062948201832,0.9318690462772111,0.6635000000000001,medium
2022-09-30,SPBE,0.05524431697338708,0.18228392061181975,0.7624717624147931,1.0,-0.3933782267115601,,1.436483477028127,0.7290606979251852,-0.5117449664429531,234982164.3,1.3568257378584505e-10,0.0,1.3749581736202092,0.519657713055708,0.8281000000000001,high
2022-09-30,T,0.06601749873877524,0.23255339144570492,0.7014291098155199,1.0,-0.1418760166275076,,1.0617237958467118,0.8967557262505552,-0.339711417816813,128512152.1,2.7688555999268455e-10,0.0,1.8140552945642308,0.9281488056205216,0.7954,high
2022-09-30,TATN,0.12019436159606633,0.7503277510569272,0.1294778873470065,1.0,-0.19693945442448424,,0.5773436396551012,0.4593497250416322,-0.2517891997397528,287726190.1,7.501985587053892e-11,0.0,0.9995487262545387,0.9266601934207113,0.5093,medium
2022-09-30,VKCO,0.08521269018994465,0.33564376309374044,0.5791435467163148,1.0,-0.13441372735938995,,1.2188172463023863,1.0091176029450457,-0.39985459832788084,1080268313.6,3.911644137212254e-11,0.0,2.0609296217077646,0.9197183523153079,0.7395500000000002,high
2022-09-30,VTBR,0.28196663855001164,0.6005156849078891,0.11751767654209913,1.0,-0.2568442010950721,,0.5335521053138178,0.46363124547279816,-0.277697145621674,5201088900125.0,3.633392418796832e-15,0.0,0.9763717615342805,0.9589695865315098,0.39059999999999995,medium
2022-10-31,AFKS,0.12064546443071468,0.6631864673830289,0.2161680681862565,1.0,0.1371326803205699,,0.36081586951251415,0.5389179645298309,-0.34300894129843196,241310261.89999998,5.646679096200557e-11,0.0,1.178580891766623,0.9530278543238975,0.5729000000000001,medium
2022-10-31,AFLT,0.15785283119052507,0.7210173139510335,0.12112985485844131,1.0,0.05578684429641956,,0.2902272749756114,0.4421721330066816,-0.27519379844961234,130869281.2,7.570069045842187e-11,0.0,0.9391995144626257,0.8664783379782005,0.46690000000000004,medium
2022-10-31,ALRS,0.23791916858653056,0.6422200411538471,0.11986079025962215,1.0,0.02418229731824506,,0.40391758901610203,0.4020576105246275,-0.24949031600407756,667677080.8,1.814629798804852e-11,0.0,0.9868068226467187,0.8399600489278717,0.4143,medium
2022-10-31,BSPB,0.12119697451679763,0.7163129199985173,0.16249010548468518,1.0,0.21456420576028146,,0.4534076049920897,0.3576557569935514,-0.22845486996430386,15950775.5,6.476900908613431e-10,0.0,0.7345846077028667,0.6737689927435803,0.5366500000000001,medium
2022-10-31,CBOM,0.7203730484171222,0.2168637336214898,0.06276321796138792,1.0,0.04394338380513507,,0.2143495083380342,0.16247891087499752,-0.06519967400162996,351037273.95,1.5947630144548845e-11,0.0,0.38663394632494985,0.724838952477242,0.19495,low
2022-10-31,CHMF,0.12046884547608429,0.6577278051369044,0.22180334938701132,1.0,0.24061810154525376,,0.5386178654063232,0.4677507860787913,-0.2824561403508772,805864186.9,3.998532302955664e-11,0.0,1.0977964528084385,0.8116286221032005,0.5763,medium
2022-10-31,ENPG,0.07423414494491322,0.27430049945734086,0.6514653555977458,1.0,0.10119840213049258,,0.4762842482689448,0.5706145475786615,-0.3939670932358318,56773945.25,2.7135565865986813e-10,0.0,1.4284426381021984,0.8790856437533829,0.7715,high
2022-10-31,FEES,0.13556848836052274,0.74395233117455,0.12047918046492728,1.0,0.06981871631553149,,0.3156947570256456,0.38747511424132447,-0.26593449696018834,70996188.8,2.1953561624170026e-10,0.0,0.936553590734151,0.8770715324444898,0.48525,medium
2022-10-31,FLOT,0.10319497677661808,0.45669701183386346,0.4401080113895185,1.0,0.19311841289522635,,0.49962602659966737,0.4292112115673664,-0.3033760186263097,37210992.3,4.80242674637066e-10,0.0,0.9180857222893036,0.7358362558396029,0.6813,medium
2022-10-31,GAZP,0.11727831127535149,0.5970195374774624,0.2857021512471861,1.0,-0.2110920631978872,,0.6711938615967811,0.5942350934419289,-0.36867088607594944,4732272219.15,2.053122659578733e-12,0.0,0.6516715057508521,0.4753884972358903,0.6113000000000001,medium
2022-10-31,GMKN,0.12122265588040908,0.7139614618425015,0.16481588227708935,1.0,0.04337934172607305,,0.36137538234191224,0.3232430855612668,-0.2981176470588236,15258653.53,8.926676734022591e-10,0.0,0.8682717910185582,0.8927998492225796,0.5384,medium
2022-10-31,HYDR,0.2814773077207626,0.6009740961305435,0.11754859614869383,1.0,0.12874032987884965,,0.3679487183036525,0.22793425456763503,-0.20818815331010454,133869997.65,8.018204656779984e-11,0.0,0.5733268713049244,0.7631529081007009,0.39085,medium
2022-10-31,IRAO,0.2319132057527318,0.6479821751787623,0.12010461906850585,1.0,0.14412745461281973,,0.3200246678676181,0.41824774116103863,-0.24528301886792447,238806899.05,5.60028508922898e-11,0.0,0.9203784178007686,0.9142213813079481,0.41775000000000007,medium
2022-10-31,LKOH,0.6259455731970776,0.2958236274565392,0.07823079934638322,1.0,0.15170468481726762,,0.3134939188380165,0.36783527251293285,-0.2147395171537484,3056983956.25,3.2307608552529955e-12,0.0,0.7627656850079872,0.83578316205051,0.24005000000000004,low
2022-10-31,MAGN,0.11982969118579115,0.7572333745172893,0.12293693429691957,1.0,0.1988461538461539,,0.5157658031127831,0.40956450546571926,-0.2560855263157895,783054852.6,2.6038237484431012e-11,0.0,1.1167937782615078,0.8476269479294631,0.5032,medium
2022-10-31,MGNT,0.5002080935764109,0.40384219652418984,0.09594970989939916,1.0,0.04572683706070291,,0.3584649738225995,0.34106051438432894,-0.20107142857142857,734593981.75,2.182323850216592e-11,0.0,0.8393843881519337,0.8181782469256094,0.2936,low
2022-10-31,MOEX,0.4484296483856472,0.44932740513992053,0.1022429464744322,1.0,0.07357357357357341,,0.3102341074582309,0.3700961804592858,-0.23800104112441434,327701681.7,3.1071184544772906e-11,0.0,0.8235553539441721,0.9139288249638244,0.3152,medium
2022-10-31,MTLR,0.10060718955261327,0.436995860205951,0.4623969502414357,1.0,0.10633333333333317,,0.41715731361137776,0.5890968631173435,-0.38818216033120057,219708990.39000002,8.743113202169636e-11,0.0,1.2248726671377954,0.8164308744140362,0.69065,high
2022-10-31,MTSS,0.30266388618944123,0.5812162573190216,0.11611985649153717,1.0,0.1459020553159096,,0.38315864164140506,0.34907607096880655,-0.24629324546952225,406403011.25,3.3605228350974064e-11,0.0,0.7288347241883479,0.7952208520079815,0.38025,medium
2022-10-31,NLMK,0.09657526254893135,0.40814505049809874,0.4952796869529699,1.0,0.18810511756569848,,0.5991372152254882,0.5695570181658839,-0.41349206349206347,921728527.9000001,3.595506156980923e-11,0.0,1.3974859321542161,0.8721551603876891,0.7043500000000003,high
2022-10-31,NVTK,0.22703134768114838,0.6526807442095869,0.12028790810926465,1.0,0.08940201302545892,,0.40132405155680756,0.43332166311252585,-0.250125313283208,1055555082.7,9.415873197925464e-12,0.0,0.9995392958465195,0.850593756152913,0.42060000000000003,medium
2022-10-31,OZON,0.10368986006330203,0.4605881818993794,0.43572195803731856,1.0,0.12959054453355856,,0.4855422338517113,0.616678204418708,-0.3516086671043992,286148896.75,4.0295715934585615e-11,0.0,1.501792837082943,0.9081344139843915,0.6794500000000001,medium
2022-10-31,PHOR,0.38128311496612166,0.5093025206269609,0.10941436440691749,1.0,0.0050890585241729624,,0.3188730836269869,0.33527429783828183,-0.3027106586532564,557229410.0,1.9468171900749568e-11,0.0,0.5148141031154385,0.6003670828342728,0.34395,medium
2022-10-31,PIKK,0.11960483410488336,0.6366329415848634,0.2437622243102534,1.0,0.06615731897898947,,0.3759605155226732,0.5303528001046912,-0.3638708092840476,296710502.0,4.6117134532705456e-11,0.0,1.0970198194794663,0.8208008683018584,0.5890000000000001,medium
2022-10-31,PLZL,0.08158755731543164,0.31459206457919586,0.6038203781053725,1.0,0.08788342178645325,,0.5566090547625977,0.4881790163174318,-0.4010861132660978,180230730.7,9.725503429397125e-11,0.0,1.0934203249743764,0.7642255668014293,0.7502000000000001,high
2022-10-31,POSI,0.203788285638732,0.6752490862332019,0.12096262812806628,1.0,0.17902718697984077,,0.33395300237381537,0.32470872657101263,-0.24870081662954713,95784400.0,1.570607454312931e-10,0.0,0.8016110984295479,0.7901115197743184,0.43479999999999996,medium
2022-10-31,RNFT,0.10484308701438884,0.4698271321104641,0.42532978087514706,1.0,0.15099715099715083,,0.3662525880766519,0.5527273270641263,-0.37618147448015116,49396584.7,3.7370892904231483e-10,0.0,0.9667033103341995,0.5347377185695732,0.67505,medium
2022-10-31,ROSN,0.12014069764790547,0.7514190882242486,0.128440214127846,1.0,0.1597777005904828,,0.4196086567589813,0.5074049970421902,-0.33510776421708643,2116108518.625,7.448530086664346e-12,0.0,1.2012853904890473,0.9351532235242958,0.50835,medium
2022-10-31,RTKM,0.4152343669444484,0.4788287895613735,0.10593684349417823,1.0,0.03145665773011608,,0.17835522392804762,0.23760518438846395,-0.17044005102040816,55399369.900000006,1.4206948059396217e-10,0.0,0.5550835104645783,0.7916735102746482,0.32925,medium
2022-10-31,RUAL,0.12072756492193062,0.6659645743920625,0.21330786068600707,1.0,0.03832703874667809,,0.4819759403569423,0.420640775142061,-0.3474286862193652,521103523.275,3.952762086896623e-11,0.0,1.0127295224880548,0.8583379500390692,0.57115,medium
2022-10-31,SBER,0.1752244158548349,0.7034997552806626,0.12127582886450249,1.0,0.10817665063401849,,0.4319171381595591,0.4413863352444699,-0.2941585535465926,9295342787.0,1.6502583585248197e-12,0.0,1.051732574091667,0.9069605336014335,0.45400000000000007,medium
2022-10-31,SGZH,0.12075131259016263,0.7595553245642982,0.11969336284553908,1.0,0.05322740814299887,,0.34259237683867916,0.3912119008632309,-0.35137362637362635,150255871.15,5.4737259397001804e-11,0.0,0.8062327460406727,0.8025854159382613,0.4989,medium
2022-10-31,SIBN,0.2883740507318026,0.5945224181697467,0.11710353109845076,1.0,0.1875862068965517,,0.2841823893441621,0.3768202564367936,-0.23729969314694843,112663627.3,1.157827327202049e-10,0.0,0.8411626481250987,0.8430584127500629,0.38734999999999997,medium
2022-10-31,SMLT,0.09500918935015137,0.3974517793498624,0.5075390312999862,1.0,0.1564155724487446,,0.5287427031781932,0.5594575868361991,-0.4009528200399569,322668381.75,5.1224241762686055e-11,0.0,1.0817615017682405,0.7390710584255099,0.70945,high
2022-10-31,SNGS,0.11362317877141398,0.5515251959971073,0.33485162523147877,1.0,0.13933350826554713,,0.3874913677277046,0.6480710419070149,-0.36609426379247345,317528701.0,4.445773132896713e-11,0.0,1.3409363316489396,0.9267071560128274,0.6351000000000001,medium
2022-10-31,SPBE,0.0554345808066626,0.18313134017835303,0.7614340790149844,1.0,0.12920837124658768,,0.6634071812608954,0.6582394957768469,-0.5117449664429531,132144628.9,1.1426266845126941e-10,0.0,1.3491819010305195,0.5604120569469986,0.8275000000000001,high
2022-10-31,T,0.08934633049811533,0.3607626171836958,0.5498910523181889,1.0,-0.006069802731411333,,0.46267822236775874,0.7080046262740415,-0.339711417816813,100935127.25,1.5583353294919215e-10,0.0,1.5918680214292005,0.8710817071184623,0.7271500000000001,high
2022-10-31,TATN,0.1954230030662179,0.6834588541796918,0.12111814275409029,1.0,0.009379885356956663,,0.35394577665210647,0.4299970940704143,-0.2517891997397528,226543253.7,3.4077139129864406e-11,0.0,0.9387550839692398,0.8637188085340055,0.44020000000000004,medium
2022-10-31,VKCO,0.09963196033998732,0.42982708506855244,0.4705409545914602,1.0,0.1550229474757776,,0.5062422900028414,0.8631553255976505,-0.39985459832788084,627138535.9,2.8958548670015018e-11,0.0,1.7611184337595849,0.8721350849491722,0.6940500000000001,high
2022-10-31,VTBR,0.42792228357320033,0.4675197522590163,0.10455796416778347,1.0,0.07090620031796502,,0.3042884765040524,0.4139207636635692,-0.30212868892114186,3752690022250.0,1.6886316080775208e-15,0.0,0.9792262438737445,0.9560926172309177,0.32385,medium
2022-11-30,AFKS,0.11640791556514925,0.5849933830383028,0.2985987013965478,1.0,-0.01080657791699291,-0.14677473826409992,0.2701315353485517,0.4623665453889362,-0.3271400132714001,189095885.0,3.8910150015361966e-11,0.0,1.160000817862552,0.9590405072449836,0.61775,medium
2022-11-30,AFLT,0.12112866497538012,0.6841336734490379,0.19473766157558214,1.0,-0.040644171779141036,-0.16600000000000004,0.2283351188899979,0.39659682981361866,-0.2742561448900388,96459525.0,7.077167113596743e-11,0.0,0.9301070307909179,0.8972364657659061,0.55935,medium
2022-11-30,ALRS,0.2401211807290839,0.6401123549898541,0.11976646428106219,1.0,-0.019906499773789887,-0.11722358054876403,0.22513827231005065,0.3560164941055801,-0.24949031600407756,414674395.6,2.0901668038454237e-11,0.0,0.9788421662865421,0.8365808801258113,0.41305000000000003,medium
2022-11-30,BSPB,0.20481281224155443,0.6742469584394533,0.12094022931899229,1.0,0.002172114191145935,0.017217847769028793,0.2227633189617033,0.31362442952457376,-0.20410310362966855,15269883.75,6.479070486527794e-10,0.0,0.7070424270169993,0.6776445240965299,0.43415,medium
2022-11-30,CBOM,0.7275295598355854,0.21095706519796378,0.061513374966450665,1.0,-0.02132664262192252,0.0901310043668122,0.19474719979787297,0.15531657278114286,-0.06519967400162996,301587304.35,2.0031114414079898e-11,0.0,0.4058430360401669,0.7261740093389077,0.1912,low
2022-11-30,CHMF,0.1205176197137382,0.7429999399762827,0.13648244030997922,1.0,0.0020273694880890147,0.0038080731150038627,0.32271497268744315,0.4201239996950891,-0.2705732484076433,421104197.6,2.3180784130988203e-11,0.0,1.1090630715475944,0.8127475436700164,0.5155500000000001,medium
2022-11-30,ENPG,0.05853718107119038,0.19714946097078226,0.7443133579580273,1.0,-0.004889975550122272,-0.23279924599434498,0.32138658071545545,0.49748433251319146,-0.3939670932358318,44328680.0,2.534094591729288e-10,0.0,1.4685971665658297,0.8945216271013,0.81785,high
2022-11-30,FEES,0.12997188591680944,0.7498087431593665,0.120219370923824,1.0,-0.011192325262676994,-0.1176110884631063,0.2201875504649716,0.34436587149073006,-0.24230769230769234,56755773.2,1.442861113379175e-10,0.0,0.8923224505906254,0.8814798973924963,0.49025,medium
2022-11-30,FLOT,0.12127353318162896,0.700608048761444,0.17811841805692719,1.0,0.010906258114775413,-0.09359720605355071,0.20026320957924887,0.3810838893535661,-0.29682726204465326,25430265.5,4.4508864698820907e-10,0.0,0.9003946179775735,0.7297899972731535,0.54805,medium
2022-11-30,GAZP,0.1716759831217926,0.7070553003364973,0.12126871654171015,1.0,-0.013064971751412413,-0.31829268292682933,0.13282120678754164,0.5369775998022053,-0.34947419907067745,2603094667.5,1.6070483044337573e-12,0.0,0.6502173443770413,0.4836977575213985,0.45655,medium
2022-11-30,GMKN,0.10709353117537095,0.4886285433551951,0.4042779254694339,1.0,0.05578391074574274,-0.13370272223560586,0.3655609192817298,0.2888977990270246,-0.2878968727619957,15218269.2,8.342257863368834e-10,0.0,0.9150443300924639,0.8484196843895336,0.6660499999999999,medium
2022-11-30,HYDR,0.4120785305244497,0.4816481842077453,0.10627328526780488,1.0,-0.02379105249547453,-0.05977584059775842,0.14503311224834015,0.20101735887343067,-0.20759651307596516,63869947.6,1.0616209867546501e-10,0.0,0.5672078922591782,0.7491218527193227,0.3306,medium
2022-11-30,IRAO,0.19764362881505856,0.681274667530449,0.12108170365449254,1.0,0.07947454844006563,0.011384615384615326,0.23902378404502406,0.39766577304367956,-0.2360580595874714,201775615.72500002,3.6422257792884767e-11,0.0,0.9144064506568421,0.8903707610646272,0.4387500000000001,medium
2022-11-30,LKOH,0.7431311615311521,0.1981199308699637,0.058748907598884216,1.0,-0.018191489361702118,0.015291529152915206,0.1465030842368751,0.3223457892082135,-0.18684210526315792,1938615380.0,2.3413229621442833e-12,0.0,0.7589424335760573,0.855300512510374,0.1828,low
2022-11-30,MAGN,0.17319970244667615,0.7055271671118553,0.12127313044146859,1.0,0.015441531285185883,0.08210490229688028,0.3639384368019551,0.36965322641286497,-0.25190208402249425,627127065.125,1.9893252506541524e-11,0.0,1.1362991751315272,0.8359648782564639,0.45545,medium
2022-11-30,MGNT,0.6312021027241307,0.2913793716724179,0.07741852560345151,1.0,-0.0804838556052957,-0.12395644283121598,0.15942716768103338,0.3019785829107875,-0.20021451555237757,632965520.5,8.8331503744563e-12,0.0,0.8028580998850625,0.7950218737659793,0.23770000000000002,low
2022-11-30,MOEX,0.34394507398534313,0.5432023899403633,0.11285253607429355,1.0,0.029377064653138163,-0.08924843423799578,0.2128260791994475,0.32517874389268897,-0.23800104112441434,250566700.55,3.4851861053414396e-11,0.0,0.8510160282307931,0.9154777912520263,0.36069999999999997,medium
2022-11-30,MTLR,0.08079821216823452,0.3101186104486563,0.6090831773831092,1.0,0.016932171125137785,-0.22031033952988177,0.31250528867849175,0.5153702711750054,-0.36604009047656194,146751183.35000002,8.303038221568776e-11,0.0,1.1799568126976674,0.7827406613203466,0.7525000000000002,high
2022-11-30,MTSS,0.34492620200877167,0.5423060375039659,0.11276776048726243,1.0,0.04278782531980596,-0.01087866108786606,0.22432046690973328,0.31207484007040814,-0.2394014962593516,269163752.25,3.256318060259648e-11,0.0,0.7455996709909251,0.7910860585999256,0.36024999999999996,medium
2022-11-30,NLMK,0.10039358021425734,0.43541441821527516,0.46419200157046747,1.0,0.030983733539891478,-0.12072667217175881,0.36782758789824604,0.5160304998711781,-0.38303556520287185,481899934.1,2.6727367235411062e-11,0.0,1.402173484815469,0.8700684003915521,0.6913999999999999,high
2022-11-30,NVTK,0.26893548071440126,0.6127588725494201,0.11830564673617866,1.0,-0.06238730616660659,-0.10637566592197967,0.2457011660700566,0.37147889125088684,-0.24584103512014788,827098761.0,1.4395450037086099e-11,0.0,0.9948743854500575,0.8536226260817829,0.39735,medium
2022-11-30,OZON,0.11088993996296873,0.5232912422166519,0.36581881782037945,1.0,0.025659559089266315,-0.01697263595427778,0.3597284432719492,0.5508851402622482,-0.3363575268817204,261792979.75,2.7111659417822374e-11,0.0,1.5105743471040312,0.9033550811826623,0.6492,medium
2022-11-30,PHOR,0.31067881382306956,0.5737877908104366,0.11553339536649396,1.0,0.020592428322509182,-0.18802772526780087,0.2174861565976038,0.30410024440403455,-0.28119863446706284,443231316.5,1.6362680596146436e-11,0.0,0.503605361579878,0.5722825853855238,0.37635,medium
2022-11-30,PIKK,0.09963196033998732,0.42982708506855244,0.4705409545914602,1.0,0.009378084896347616,-0.18221807517995203,0.2776164697925821,0.4713613507881364,-0.3638708092840476,116718582.35,7.218941043295108e-11,0.0,1.0849365184108783,0.799981495056218,0.6940500000000001,high
2022-11-30,PLZL,0.08561737473990748,0.33804811535881685,0.5763345099012757,1.0,0.21177344782034346,-0.08838509316770182,0.42802720008347156,0.4522396622839559,-0.39647603584100066,222493521.47500002,7.669901997069655e-11,0.0,1.1470557035423683,0.7449536263393316,0.7383500000000001,high
2022-11-30,POSI,0.27699947193223945,0.6051737457162212,0.1178267823515394,1.0,0.011755607115235822,0.009725223834516905,0.21284599195257634,0.28513997251104917,-0.24870081662954713,135847960.8,8.75281908249483e-11,0.0,0.7871785878073138,0.7830703724941608,0.39315000000000005,medium
2022-11-30,RNFT,0.0866920497429005,0.34448900740813265,0.5688189428489668,1.0,-0.02579852579852593,-0.25047258979206055,0.286828100685497,0.46591020584734605,-0.3292682926829269,17697234.3,4.818984064222414e-10,0.0,0.9871478836269537,0.7705557550495098,0.7351500000000002,high
2022-11-30,ROSN,0.12084911466132414,0.7333644497037864,0.1457864356348893,1.0,0.011734617120505497,-0.10500399254724513,0.3144717339648172,0.44699824863723325,-0.32511860832894035,1386486705.4,6.888624808848467e-12,0.0,1.2058126941454794,0.920252740184528,0.52345,medium
2022-11-30,RTKM,0.4382102126823831,0.4583800909622969,0.10340969635532012,1.0,-0.003469210754553309,-0.05416529469871578,0.14052699434505364,0.21043390561257735,-0.14283360790774302,28124955.700000003,1.1396287589332391e-10,0.0,0.5313250313120867,0.8027772595077453,0.3195,medium
2022-11-30,RUAL,0.11145547623359861,0.5288607659553246,0.35968375781107675,1.0,0.0532407407407407,-0.20134228187919467,0.35331730978909714,0.38685217824264917,-0.3474286862193652,391485464.05,3.529204011912491e-11,0.0,1.060929941870672,0.845758236421597,0.6464500000000001,medium
2022-11-30,SBER,0.12789690436234738,0.7519911119869327,0.12011198365072001,1.0,0.07658402203856762,-0.0032791663630400425,0.37852258576518377,0.40390161521954576,-0.27229710352738734,7641303564.299999,1.4225684417938764e-12,0.0,1.1193583587366431,0.9139493691879913,0.4921500000000001,medium
2022-11-30,SGZH,0.12042239537630112,0.7453139385807767,0.1342636660429222,1.0,-0.06105705018126306,-0.31747572815533975,0.16000633497270308,0.3433988226954832,-0.33976510067114085,153772911.65,4.199899721956674e-11,0.0,0.7916920501515254,0.7908813212447834,0.5136000000000001,medium
2022-11-30,SIBN,0.4113781689270333,0.4822742378691919,0.10634759320377489,1.0,0.07000686341798201,0.08013856812933029,0.222087516642131,0.3472950367754903,-0.23729969314694843,301334839.125,2.312820761546204e-11,0.0,0.8277882531777925,0.8281909160187058,0.3309,medium
2022-11-30,SMLT,0.09352221430556537,0.3875322201966481,0.5189455654977865,1.0,-0.04177339901477828,-0.2137429264349232,0.268536208283913,0.48672641978029896,-0.4009528200399569,175475736.75,7.348340250535571e-11,0.0,1.0284139956138547,0.7014275090554892,0.7142,high
2022-11-30,SNGS,0.10351664775190948,0.45922140041715465,0.43726195183093586,1.0,-0.023793490460156996,-0.17114541642843528,0.2959891399822946,0.5657533295885496,-0.34528301886792445,320297155.5,3.935883839678318e-11,0.0,1.3114416431109757,0.9439015533755373,0.6801,medium
2022-11-30,SPBE,0.06555927597298572,0.23031655991540265,0.7041241641116116,1.0,-0.07074721780604132,-0.29322853688029016,0.26503231035392605,0.5934405511025008,-0.5039772727272727,57702395.400000006,1.1651331731803698e-10,0.0,1.3083733813726584,0.5596534117986819,0.7967500000000001,high
2022-11-30,T,0.07824807216373882,0.29591853363346005,0.6258333942028012,1.0,0.0416985462892121,0.019850187265917585,0.4019659331688869,0.6209847901534092,-0.339711417816813,88557397.875,1.9978013610479922e-10,0.0,1.6203464635071911,0.8730563074425167,0.7598999999999999,high
2022-11-30,TATN,0.31140369559411324,0.5731171390680454,0.11547916533784142,1.0,-0.05670103092783507,-0.18321803168935513,0.1738013608504865,0.372648629050429,-0.2299107142857143,232669794.5,2.3003432269482766e-11,0.0,0.9080771530236894,0.8561361145654139,0.37600000000000006,medium
2022-11-30,VKCO,0.09364843571068347,0.38836581793999586,0.5179857463493207,1.0,0.08020477815699656,0.21148325358851672,0.4524726679382533,0.7621773490680328,-0.39985459832788084,463513063.9,3.6048456968235375e-11,0.0,1.8035264042349914,0.8770620643744718,0.7137999999999998,high
2022-11-30,VTBR,0.1607794307993367,0.7180458540928522,0.12117471510781107,1.0,0.0056396556841793455,-0.149171270718232,0.3042141031474776,0.37549316570621316,-0.2834078489816195,2669264204000.0,3.3749560383424493e-15,0.0,0.9916073348291317,0.9451569017618539,0.46464999999999995,medium
2022-12-30,AFKS,0.1194912188783836,0.6342761404907022,0.2462326406309141,1.0,-0.04770642201834874,0.12496465931580425,0.26283889567440916,0.16749561285556344,-0.11117898594990838,147342167.39999998,5.2385335116556096e-11,0.0,1.2210956529942965,0.8707182977769735,0.5903792370231395,medium
2022-12-30,AFLT,0.2109687349976131,0.6682404296694633,0.12079083533292363,1.0,-0.008863819500402825,0.05308219178082196,0.1166403302344931,0.15743063156993642,-0.08765243902439013,86120821.2,6.127044687644495e-11,0.0,0.9063871704909398,0.8603394827316498,0.43029380863039407,medium
2022-12-30,ALRS,0.11970138182889212,0.7594220094179472,0.1208766087531608,1.0,-0.08322942643391518,-0.12287503728004778,0.19577170269859787,0.18299916233967004,-0.1575748806250904,472336840.9,1.0252657780120555e-11,0.0,0.9268004188348316,0.785067062470493,0.5012212632895561,medium
2022-12-30,BSPB,0.3548174336647772,0.5332867626785494,0.11189580365667351,1.0,0.02901234567901234,0.2869274318064847,0.15642608449394685,0.12611864317779933,-0.057474747474747456,23756923.75,3.288047087047544e-10,0.0,0.7020576646061306,0.48270064409325897,0.3557455909943715,medium
2022-12-30,CBOM,0.5147888532168603,0.3911437528606492,0.09406739392249062,1.0,0.05761641673243889,0.12077617932418883,0.14387105454493512,0.1481705719127864,-0.04179614667495346,209173332.39999998,2.3926436483795018e-11,0.0,0.7047729686190136,0.8017625061634122,0.28753183239524704,low
2022-12-30,CHMF,0.45040964835007036,0.4475764246441999,0.10201392700572981,1.0,0.16195372750642667,0.5296108291032149,0.19170279753523933,0.18778041919411897,-0.06824782187802514,582572627.5,1.95690556950753e-11,0.0,1.199838504989001,0.6894527004521378,0.3143689806128831,low
2022-12-30,ENPG,0.09856820769228991,0.4221516701254773,0.4792801221822328,1.0,-0.07635467980295563,0.023192360163710735,0.2534593285779876,0.1785206560280697,-0.16228571428571426,68878470.5,1.7462009699478784e-10,0.0,1.3972591657670128,0.8242417417714845,0.69769205753596,high
2022-12-30,FLOT,0.17182559878891673,0.7069051596962159,0.12126924151486727,1.0,-0.015183246073298573,0.16470588235294126,0.15623084507079707,0.14506354236768118,-0.09048091224590993,22681585.05,1.8440842006527226e-10,0.0,0.7454843399081427,0.5122327994765249,0.456441651031895,medium
2022-12-30,GAZP,0.12031551978822803,0.7477464614003837,0.13193801881138834,1.0,-0.01989629808272042,-0.23630555294559807,0.13219685215095867,0.43994748728036265,-0.192467332820907,2201148630.6000004,2.7180003345223284e-12,0.0,0.4264212122972372,0.22453608715006737,0.5115268292682926,medium
2022-12-30,GMKN,0.11983168014023314,0.7571985872219286,0.12296973263783836,1.0,0.05633802816901401,0.2338709677419355,0.20658893786964652,0.14666759705745203,-0.07608695652173902,13134989.61,8.691698353520127e-10,0.0,1.0793372239887042,0.7398761292986937,0.5032312695434648,medium
2022-12-30,HYDR,0.12109662216580588,0.722919916739865,0.15598346109432915,1.0,0.0270743534482758,0.16572389542883337,0.22167889491329026,0.12210284437720813,-0.11254220332624731,56942137.5,1.8091333329623305e-10,0.0,0.8495904027724981,0.6952182464758127,0.5316451532207629,medium
2022-12-30,IRAO,0.12933216496658848,0.7504809168711013,0.12018691816231013,1.0,0.03129272368221159,0.23593664664117964,0.2404583644523959,0.2035525620956505,-0.06932041773876196,193528793.15,4.414673599873869e-11,0.0,0.9183192226101949,0.7374036802207883,0.4908330206378987,medium
2022-12-30,LKOH,0.11121370776382931,0.5264644731269577,0.36232181910921296,1.0,-0.1109776078645549,0.007052709725315465,0.4257287289332665,0.34077090057758,-0.15114309906858592,1787765523.0,2.056320864590554e-12,0.0,0.5272539502837149,0.34437889417122336,0.6476348968105067,medium
2022-12-30,MAGN,0.20171962274844155,0.6772747166713734,0.12100566058018508,1.0,0.05201664532650452,0.31829121540312877,0.20782914793315127,0.19697502051020577,-0.09230302110217103,361221831.70000005,1.48170309545514e-11,0.0,1.285455964090126,0.7162727120898017,0.4361198248905567,medium
2022-12-30,MGNT,0.11985598986485105,0.7567711673358465,0.1233728427993025,1.0,-0.06995928862224132,-0.080305117067486,0.2366873014455538,0.14073584750541032,-0.19849482596425216,1198883182.75,7.78728989321357e-12,0.0,0.9107209864804197,0.7326020611307605,0.5036150093808631,medium
2022-12-30,MOEX,0.22020376289269425,0.6592752859191138,0.12052095118819199,1.0,0.09629970121811082,0.22748327328872886,0.27541363677766095,0.18366079143711164,-0.043463573921855625,216293620.35,2.775013428832827e-11,0.0,0.9512027451939169,0.7549374467176064,0.42465878674171353,medium
2022-12-30,MTLR,0.11845310266646306,0.6151986764300298,0.26634822090350724,1.0,0.05363028063517428,0.17877094972067042,0.31486780594157004,0.18191883160106645,-0.09470699432892249,118946197.91999999,8.944933743628424e-11,0.0,1.072937094425008,0.6687327008170209,0.601285928705441,medium
2022-12-30,MTSS,0.26640877408109287,0.6151415393946029,0.11844968652430429,1.0,0.011553273427471256,0.13517406962785117,0.18605490379588197,0.1884469690466208,-0.0666807343321375,199486040.0,3.424049994863398e-11,0.0,0.986023477082935,0.7633572350955264,0.3986820512820513,medium
2022-12-30,NLMK,0.3749477659029781,0.5150248325724831,0.11002740152453883,1.0,0.11684370257966625,0.5054973152646383,0.18982050021476976,0.22287370596464487,-0.05440320232896656,463940309.5,2.199771187859078e-11,0.0,1.5133983733175247,0.806681653132347,0.3467428392745466,medium
2022-12-30,NVTK,0.15247333246472303,0.7265023692527969,0.1210242982824802,1.0,0.030975143403441763,0.1196013289036546,0.2001005452220214,0.19042255338813224,-0.11746143057503511,751252261.2,9.416486560467648e-12,0.0,1.1497422637603096,0.8443945618221111,0.47112520325203255,medium
2022-12-30,OZON,0.1073127094691763,0.4905205458332608,0.40216674469756286,1.0,-0.017174903610234882,0.21070811744386875,0.2933022301016962,0.2026161097834339,-0.12413566019097799,163135039.25,7.542654628139767e-11,0.0,1.4481328841541505,0.7863213626514618,0.6651399624765479,medium
2022-12-30,PHOR,0.17236497730828984,0.7063640545474458,0.12127096814426433,1.0,0.002038576132977976,0.07738998482549309,0.20726838585100618,0.15063045905760195,-0.10093542546771272,253885306.0,2.8402401951116505e-11,0.0,0.7109628036242448,0.6341830254793029,0.4560516572858036,medium
2022-12-30,PIKK,0.12096782954240369,0.7289332577454962,0.15009891271210007,1.0,0.0024958402662229595,0.12848848098894927,0.26029857465059725,0.14160473557164782,-0.0906103286384976,91029485.4,9.090310991989095e-11,0.0,0.6697886841558853,0.48413710133039045,0.5269712320200125,medium
2022-12-30,PLZL,0.12810248013838849,0.7517746213842039,0.12012289847740765,1.0,0.02498500899460332,0.32346868547832064,0.2436857884322283,0.24416797077939464,-0.06460050729232725,173074573.3,5.047831798375212e-11,0.0,1.070164954413923,0.57086352788091,0.4919606003752346,medium
2022-12-30,POSI,0.21278683110355814,0.6664712066978578,0.12074196219858414,1.0,-0.031081704877673366,0.18811320754716987,0.19725294406551175,0.13817097411666399,-0.08970856102003633,63407664.900000006,7.98407785286424e-11,0.0,0.7927327662391597,0.6453919661484716,0.4291706066291432,medium
2022-12-30,RNFT,0.09388145741068449,0.3899087822119492,0.5162097603773663,1.0,0.0410256410256411,0.11538461538461542,0.3377775833808188,0.1679454703513228,-0.10121951219512193,16474106.850000001,3.522517242919662e-10,0.0,0.9770401538098888,0.6309885924198213,0.7130600375234522,high
2022-12-30,ROSN,0.27023912438885417,0.6115306791114596,0.11823019649968627,1.0,0.09074626865671642,0.2740585774058577,0.19588464245783518,0.20894209673090913,-0.08443824145150036,677767315.05,1.3156343700865495e-11,0.0,1.2864548038816317,0.845426710083191,0.39666579111944966,medium
2022-12-30,RTKM,0.2952583610503098,0.5881018687694832,0.11663977018020705,1.0,-0.017041461700632476,0.01175406871609419,0.10190303053588678,0.09332902306330863,-0.06824823792332813,31818071.299999997,1.1846323859892655e-10,0.0,0.43837036268839863,0.6906432553624342,0.38390494058786745,medium
2022-12-30,RUAL,0.12061650658893044,0.6622471235097517,0.21713636990131788,1.0,0.02976266837716479,0.14279612756264237,0.27936654513827863,0.23120873065105335,-0.08737182188509618,241559680.575,3.32709748523703e-11,0.0,1.2075936547923618,0.6723282757267858,0.5734886804252659,medium
2022-12-30,SBER,0.36683281770195864,0.5223718170685654,0.11079536522947586,1.0,0.03285526123225524,0.3040465631929048,0.22511095044988905,0.20268031116497676,-0.05459527824620558,6026218050.3,1.2813443907745915e-12,0.0,1.4211589741859358,0.8760939545874077,0.3503473420888056,medium
2022-12-30,SGZH,0.09671490231607872,0.40911145986392744,0.49417363781999396,1.0,-0.06229508196721312,-0.06516853932584266,0.3581408175865794,0.14888004853789055,-0.20216337187616573,205002818.85,8.000101091079447e-11,0.0,0.7197381807870074,0.5088398390398992,0.7038899312070045,high
2022-12-30,SIBN,0.11540228382892889,0.5721707883175359,0.3124269278535353,1.0,-0.021195015443604248,0.24864130434782616,0.43019827924941234,0.3747714493977452,-0.10742035742035738,265730710.7,2.8405659010042448e-11,0.0,0.8160423240092256,0.5330203133846266,0.6244933083176987,medium
2022-12-30,SMLT,0.1211274766781502,0.6840563281036349,0.19481619521821503,1.0,-0.0018595041322314598,0.20114370959721528,0.2826475254879337,0.15571042658686587,-0.11077389984825492,102737417.5,7.427027044577782e-11,0.0,0.7585505729572706,0.4372473512200874,0.5594016260162602,medium
2022-12-30,SNGS,0.20532053338377404,0.6737506017144926,0.12092886490173335,1.0,-0.0621750433275563,0.16558966074313397,0.21592455898571025,0.1972242979348584,-0.06672443674176776,373497551.5,2.3306171274592635e-11,0.0,1.2222085149528799,0.7715793783200288,0.43382876797998754,medium
2022-12-30,SPBE,0.076238952884996,0.2849900132147805,0.6387710339002235,1.0,-0.009442060085836812,0.12366114897760472,0.33599711159213946,0.19588115314181476,-0.14149443561208264,53717698.9,2.1241690283099568e-10,0.0,1.4230801186348827,0.6713117442407107,0.7657091932457786,high
2022-12-30,T,0.065357486096287,0.22933442414884125,0.7053080897548718,1.0,-0.052768972589968266,0.006738010305192166,0.31864614535560065,0.2115027913693694,-0.12668559261887868,57707616.400000006,2.7428703477143595e-10,0.0,1.3008596731921662,0.7026848957322547,0.7973453408380238,high
2022-12-30,TATN,0.15413988271323076,0.7247998453268323,0.12106027195993695,1.0,-0.03489338133481035,-0.1102884860862905,0.12896443335061675,0.1920768058131732,-0.11845449923741735,227989332.3,2.097059105580415e-11,0.0,0.7894084184079606,0.7150581552343519,0.469803502188868,medium
2022-12-30,VKCO,0.0855373114549868,0.3375715330109658,0.5768911555340474,1.0,-0.12001610954490538,0.13095238095238093,0.3209467311665504,0.26247250315648313,-0.16813819577735134,219942684.3,5.4198182613950784e-11,0.0,1.6211592463474191,0.7692111765810765,0.7385876172607881,high
2022-12-30,VTBR,0.20270103811912504,0.6763133489578664,0.1209856129230085,1.0,-0.026143790849673443,0.0825627476882429,0.24080349851259575,0.19311801518086386,-0.08005738880918234,3075557826125.0,2.537127414497947e-15,0.0,1.1261599682240973,0.8561111073566436,0.4354924327704816,medium
2023-01-31,AFKS,0.11473272100305534,0.5641347057634273,0.32113257323351735,1.0,0.044539403402087174,-0.020346820809248545,0.24744604505205478,0.1344924775179419,-0.11117898594990838,250541188.3,4.27010746099192e-11,0.0,1.2919947077938192,0.7861885138005816,0.6286560975609756,medium
2023-01-31,AFLT,0.12021847679805915,0.6508578195555641,0.2289237036463768,1.0,0.13636363636363624,0.06707317073170738,0.2962252388058407,0.17370758761279015,-0.06630265210608421,288149028.79999995,5.284869061588275e-11,0.0,1.1014517056641475,0.723304659365173,0.580509756097561,medium
2023-01-31,ALRS,0.11997029301888841,0.6447475134254649,0.23528219355564664,1.0,0.04465037910699232,-0.06485671191553544,0.2174329178475301,0.1472328451207213,-0.15143565077976973,570863927.7,1.3887529138935768e-11,0.0,1.0326174751974675,0.7253820021599947,0.5841926829268294,medium
2023-01-31,BSPB,0.37813268119490373,0.5121466430002207,0.10972067580487545,1.0,-0.0084346802667713,0.05708908406524471,0.0906664146673255,0.07556179394998906,-0.03897280966767358,23718153.2,1.369019388131793e-10,0.0,0.48849509564570603,0.44379392297797854,0.34533658536585365,medium
2023-01-31,CBOM,0.38124148848636646,0.5093400811083695,0.10941843040526404,1.0,0.1195939982347749,0.18996247654784248,0.19474841209696897,0.10707830097318895,-0.04179614667495346,179308028.15,3.804179967872302e-11,0.0,0.9044111907893291,0.7450196479660202,0.34396829268292684,medium
2023-01-31,CHMF,0.18597453480733947,0.6927933135933011,0.12123215159935953,1.0,0.03498217468805698,0.12742718446601953,0.23303956990262745,0.1564570653048265,-0.05982490272373531,379565552.1,2.790896798814048e-11,0.0,1.013136747312168,0.651404545133443,0.4465121951219513,medium
2023-01-31,ENPG,0.09876465872440696,0.42355825260404517,0.4776770886715479,1.0,0.11710526315789482,0.03410475030450666,0.21640328901340566,0.13408463642433482,-0.16228571428571426,51697784.75,1.5230191384786136e-10,0.0,1.2819890147860702,0.7563008384145372,0.6970243902439024,high
2023-01-31,FEES,0.16051913212799607,0.7183097937661229,0.12117107410588093,0.75,,-0.023922365154592784,0.12340672940682806,0.11555062443059884,-0.06455215546124626,53751168.0,9.167918852052285e-11,0.25,0.8918287874396577,0.7178918173720532,0.4648487804878049,medium
2023-01-31,FLOT,0.11482871847868018,0.5652653529315574,0.3199059285897624,1.0,0.19863013698630128,0.1757105943152455,0.3372816575255088,0.12151396618758063,-0.09048091224590993,46604649.0,2.4905225436680885e-10,0.0,0.6577695654865705,0.39607868992090617,0.6280731707317073,medium
2023-01-31,GAZP,0.4096657405372895,0.48380552766137497,0.10652873180133561,1.0,-0.03314579256360084,-0.0691786870768325,0.15621720813205034,0.0877828724542411,-0.07289521680296518,2181757820.1000004,4.019989299485243e-12,0.0,0.6154683531846685,0.6655725953577254,0.3316341463414635,medium
2023-01-31,GMKN,0.11984856897266712,0.756902084800513,0.12324934622681986,1.0,-0.024226804123711254,0.07633262260127949,0.13253392944774747,0.11666801556151304,-0.07608695652173902,9282032.5,6.766210249475286e-10,0.0,0.9622219680428986,0.602677773455397,0.5034975609756097,medium
2023-01-31,HYDR,0.12088115609304595,0.7322414585060307,0.14687738540092346,1.0,0.016865594187856825,-0.019882455920970266,0.13595712490262665,0.10585962118619786,-0.1095357590966124,38117940.15,9.310200429375302e-11,0.0,0.725524827220777,0.6322985732672814,0.5243487804878049,medium
2023-01-31,IRAO,0.16292730935815342,0.7158704883684945,0.12120220227335202,1.0,0.02011955095494966,0.10764603451005228,0.18584476911556128,0.15048459061622876,-0.06932041773876196,152891804.5,4.405202085728884e-11,0.0,0.7847117114598683,0.5641896049086289,0.46301951219512194,medium
2023-01-31,LKOH,0.12206730330535533,0.7581563510358007,0.11977634565884406,1.0,-0.0408633442463926,-0.16269715253519634,0.08230276141106051,0.3025530813324903,-0.16742948376796163,1295780802.5,3.1917801572716535e-12,0.0,-0.07209757888196819,-0.04046307338981187,0.4976317073170732,medium
2023-01-31,MAGN,0.1768347184265433,0.7018898463806583,0.1212754351927985,1.0,0.07635873633777512,0.09139213602550478,0.17006769557877618,0.1667168315970173,-0.0740281864643022,275473922.70000005,2.6104934772093658e-11,0.0,0.887784713068887,0.5641635055965252,0.45285609756097567,medium
2023-01-31,MGNT,0.12102699905784096,0.726379198173343,0.15259380276881596,1.0,0.0698314413484693,-0.10434866084285299,0.20168469729955762,0.11686669959739035,-0.1752178121974831,708187553.5,9.546005844517846e-12,0.0,0.7892492637060613,0.5565701527033794,0.5289707317073171,medium
2023-01-31,MOEX,0.21263617718140668,0.6666177300498642,0.12074609276872911,1.0,0.12349555206698071,0.23079568906214165,0.30298435421652453,0.12640151722146706,-0.045783361888444674,313590597.15,2.35711606874558e-11,0.0,1.2106969969577568,0.698432046186526,0.4292634146341464,medium
2023-01-31,MTLR,0.121272848922659,0.7056511584718826,0.1730759926054583,1.0,0.0527531411677753,0.09725565719788154,0.23384284821997156,0.12158408782437927,-0.09470699432892249,157872977.74,4.5170107587245465e-11,0.0,0.8421315337481907,0.4545024536264477,0.5444609756097561,medium
2023-01-31,MTSS,0.49529434618374935,0.4081322438568382,0.09657340995941233,1.0,0.06076056936477592,0.09639877031181388,0.12355063054874613,0.10245646041646372,-0.0666807343321375,258472617.5,2.758795183950893e-11,0.0,0.7513621210009093,0.6403604616829183,0.2956439024390244,low
2023-01-31,NLMK,0.15086467041091656,0.7281486112839383,0.12098671830514514,1.0,0.02133613151451552,0.06259097525473067,0.1919713903946834,0.16196497553276443,-0.0725203804347827,285656558.5,2.8706019920922658e-11,0.0,0.9956342059183227,0.6357810091091924,0.47241219512195126,medium
2023-01-31,NVTK,0.24797918229066626,0.6326118199350447,0.11940899777428912,1.0,-0.039903039343650915,-0.09730014025245437,0.1143846037882704,0.1178641043974557,-0.1127952062037364,549764879.3,9.07161862858669e-12,0.0,0.9188543742437916,0.7256941821461914,0.4086512195121952,medium
2023-01-31,OZON,0.11417515005209473,0.5576974439178227,0.32812740603008256,1.0,0.18915159944367166,0.22361359570661898,0.28948302323965597,0.17771728103436502,-0.12413566019097799,324111232.5,4.176064672736389e-11,0.0,1.6835854444754164,0.8110112668231888,0.6319585365853657,medium
2023-01-31,PHOR,0.23747827982964106,0.6426423579790771,0.11987936219128184,1.0,-0.008435582822085896,-0.020157623522279455,0.10321844241379022,0.12113269124019957,-0.09120024401403082,178900678.0,2.5055575470613314e-11,0.0,0.7590468509636794,0.652631344408285,0.41455121951219515,medium
2023-01-31,PIKK,0.12121447696023811,0.7147635275355959,0.16402199550416596,1.0,0.02466070837471035,0.008963494132985694,0.14193123792294435,0.13953734557751635,-0.0906103286384976,56738693.3,7.983518586934902e-11,0.0,0.7534517767008777,0.47777815321795053,0.5378048780487805,medium
2023-01-31,PLZL,0.13769262864623527,0.7417405226510917,0.12056684870267313,1.0,0.19929140832595227,0.5340292951363599,0.247977835474571,0.13544337321811553,-0.04529927224120012,140937218.5,5.912521597271737e-11,0.0,1.1290299534102526,0.5405236935841172,0.4833975609756098,medium
2023-01-31,POSI,0.12115594907992916,0.6860006334573585,0.19284341746271222,1.0,0.24941797299394697,0.2715210867161586,0.33239859978604114,0.10905788058878513,-0.08970856102003633,159877604.0,1.0206904487113158e-10,0.0,0.9647590087028658,0.5514073562139696,0.5580999999999999,medium
2023-01-31,RNFT,0.10559335800340564,0.4759754147945788,0.4184312272020155,1.0,0.11151515151515157,0.12653562653562656,0.35422455168555445,0.12690175382232008,-0.0923645320197044,40430857.1,1.3268616397576652e-10,0.0,1.0756674126920933,0.49770811246281244,0.6721146341463414,medium
2023-01-31,ROSN,0.12043020846425578,0.7451296329097369,0.13444015862600742,1.0,-0.0741747045238419,-0.04471544715447151,0.2104173627906234,0.16684706686125914,-0.08979758185029207,606257438.825,1.0771018657553718e-11,0.0,0.7013967018506887,0.4908612042482193,0.5137560975609756,medium
2023-01-31,RTKM,0.140508761010148,0.7388170533658159,0.12067418562403612,1.0,0.044369208838203944,0.013487809095625192,0.2142309892356675,0.08674450207303905,-0.060006937218175405,40166176.05,9.186674824676297e-11,0.0,0.7134066607098503,0.6654208347354091,0.48097804878048783,medium
2023-01-31,RUAL,0.24806727232355005,0.6325279181491884,0.11940480952726153,1.0,0.03911980440097795,0.14911450588076258,0.14918823975552553,0.1651317415462525,-0.0668821481849825,275222945.55,2.0859112009412266e-11,0.0,1.198579754618209,0.687560059985481,0.4086024390243903,medium
2023-01-31,SBER,0.3389192557308112,0.5477988934230555,0.11328185084613326,1.0,0.11489631823952595,0.1975,0.23773214118677877,0.1302961356596235,-0.05459527824620558,6960936229.0,1.0120557539863813e-12,0.0,1.4998149219155386,0.8239166032528291,0.3630146341463415,medium
2023-01-31,SGZH,0.08567693317370087,0.3384029313504649,0.5759201354758342,1.0,0.06315789473684208,-0.03940217391304357,0.2360339691817848,0.15475253809251646,-0.1636363636363638,106986281.85,8.227087944886107e-11,0.0,1.079598133221603,0.6078798049792499,0.7381731707317072,high
2023-01-31,SIBN,0.12001481109584398,0.6458021643511289,0.23418302455302714,1.0,-0.034799737360472704,-0.016503122212310428,0.12426359460346943,0.2916991742729873,-0.15306915306915303,142535677.675,3.404738807173947e-11,0.0,0.6615877110460148,0.34225899478495697,0.5835609756097561,medium
2023-01-31,SMLT,0.12026877648106779,0.6521727820567436,0.22755844146218862,1.0,0.08187255104145175,0.045228133094241896,0.21007121606622894,0.13832022029170338,-0.11077389984825492,98282548.0,6.494281898680513e-11,0.0,0.3550705399282623,0.20950437646234737,0.579709756097561,medium
2023-01-31,SNGS,0.12108095521005031,0.7237525969786294,0.15516644781132036,1.0,0.057749372289431555,0.03947958725886069,0.29546988346647685,0.13826842203745415,-0.06975736568457536,247066625.0,2.0233074975982722e-11,0.0,1.1591287510208281,0.6039032257641949,0.5310048780487805,medium
2023-01-31,SPBE,0.09421723965812931,0.3921414781268496,0.5136412822150211,1.0,0.34745030250648234,0.27369281045751626,1.4624825805446156,0.20565713299724706,-0.12403560830860538,226544111.45,7.915134585478159e-11,0.0,3.3625237834688178,0.5644038129566986,0.7119902439024391,high
2023-01-31,T,0.10033507797165647,0.4349824164222401,0.4646825056061034,1.0,0.07027027027027022,0.06615384615384601,0.19243005262768756,0.16233294767560985,-0.12668559261887868,31900954.800000004,2.4642421439343634e-10,0.0,1.4588440585094986,0.7068208904987355,0.6916048780487806,high
2023-01-31,TATN,0.2621755642686299,0.619140016588426,0.11868441914294417,1.0,-0.06484641638225264,-0.1642094560244025,0.07599870816368154,0.08611864445394181,-0.16101046185251333,240075467.75,1.3542273681510258e-11,0.0,0.5415314663093485,0.657174296622492,0.40093170731707317,medium
2023-01-31,VKCO,0.07859511671164783,0.29782894905663815,0.623575934231714,1.0,0.09265890778871966,0.03916560238399325,0.25583080507886724,0.18107914981149556,-0.16813819577735134,189091052.5,6.410548299211269e-11,0.0,1.961959969259403,0.8423279664814595,0.7588951219512196,high
2023-01-31,VTBR,0.22102918904165922,0.6584765545683814,0.1204942563899593,1.0,0.030708422012769798,0.005338078291814874,0.18491603297264303,0.15425600089083905,-0.08005738880918234,2604575832750.0,2.512043757222134e-15,0.0,1.31329773800727,0.831834064576759,0.4241634146341464,medium
2023-02-28,AFKS,0.12121334890672732,0.690776012681019,0.18801063841225377,1.0,0.046277665995975825,0.0370961308336657,0.27721955967034534,0.15557720350337992,-0.08249541284403672,349460178.85,3.6518719689704614e-11,0.0,1.3213221208682397,0.7839907463484089,0.5548682926829269,medium
2023-02-28,AFLT,0.11974080198055584,0.6395492104464543,0.24070998757298978,1.0,0.012203876525484603,0.136180499597099,0.2591959814103705,0.1789749450577519,-0.09446143391097528,292575584.1,4.031942987668401e-11,0.0,1.0491335095409453,0.6791703218698855,0.5872829268292683,medium
2023-02-28,ALRS,0.20392262305205883,0.675117645011051,0.12095973193689019,1.0,-0.016734362307067374,-0.056733167082294145,0.1586711925847907,0.14973642151925984,-0.10015455950540963,626469339.75,7.166787792515881e-12,0.0,0.890934397615697,0.7078192935768506,0.4347146341463416,medium
2023-02-28,BSPB,0.0936515120349839,0.3883861538384038,0.5179623341266123,1.0,0.08294884653961887,0.1108024691358025,0.4366168785039904,0.17557105013907887,-0.09693877551020413,62780598.7,2.5651505660385105e-10,0.0,0.507564218594691,0.2881666834853274,0.713790243902439,high
2023-02-28,CBOM,0.4110366544973012,0.4825795650515421,0.10638378045115664,1.0,-0.05590867816837464,0.14885556432517744,0.166365917793903,0.10149249884110743,-0.07277208457646911,246005762.60000002,3.1132507273005235e-11,0.0,0.7562813127571534,0.6654428099181325,0.3310463414634147,medium
2023-02-28,CHMF,0.287650928752869,0.5951979465687888,0.11715112467834224,1.0,0.15578439964943036,0.35604113110539837,0.3265553811052629,0.1412477572572547,-0.06801932367149754,1257809636.5,1.352114583634816e-11,0.0,0.9139507906487822,0.549878946920617,0.38771463414634155,medium
2023-02-28,ENPG,0.103877198355061,0.4620724105256331,0.43405039111930577,1.0,-0.06197854588796181,-0.030788177339901468,0.23925929704521798,0.17279193866612297,-0.10409356725146202,57055547.5,1.1113551077768237e-10,0.0,1.1868148222820982,0.7529705107649542,0.6787439024390244,medium
2023-02-28,FEES,0.15912918630782902,0.7197203302134011,0.12115048347876972,0.8166666666666667,0.027381500230096778,0.03837209302325584,0.21952179448090878,0.1400602530337604,-0.058434399117971325,47127257.4,1.528548672544013e-10,0.0,0.8130878203110894,0.6563118804834319,0.46591463414634154,medium
2023-02-28,FLOT,0.10713800849902955,0.4890115432991159,0.40385044820185456,1.0,0.14202831283360395,0.288219895287958,0.3534598539061153,0.1813062240672439,-0.09839108910891081,188515923.8,7.409527462070339e-11,0.0,0.9971634902469075,0.547319648936357,0.6658658536585365,medium
2023-02-28,GAZP,0.5368282137465933,0.3720377086920162,0.0911340775613905,1.0,-0.004734549586515979,-0.04943928614494164,0.1393303468950869,0.08595991756299103,-0.07682566483748421,2515829049.1000004,1.508113973367114e-12,0.0,0.5538656088683429,0.6027690673835682,0.2783317073170732,low
2023-02-28,GMKN,0.17730382174564913,0.7014212757695018,0.12127490248484901,1.0,-0.04303630363036315,0.0009665838166250662,0.13149114467355758,0.09201201974853525,-0.07602414280210612,9635310.399999999,7.190701524959078e-10,0.0,0.5677889544174348,0.5323665573187918,0.4525243902439025,medium
2023-02-28,HYDR,0.36813162703254726,0.5211945993265613,0.11067377364089141,1.0,0.002165605095541201,0.059671336206896575,0.13545202685598048,0.11370741369017925,-0.05335467520341475,52126119.349999994,7.855379609317719e-11,0.0,0.697204246774873,0.6398179217993071,0.34976829268292686,medium
2023-02-28,IRAO,0.22901130757167606,0.6507734797472624,0.12021521268106146,1.0,-0.020189003436426156,0.03949567066686921,0.1748632518034881,0.14610395619884117,-0.07391304347826089,168998019.575,2.3127418354408814e-11,0.0,0.8276929268984148,0.634888779714452,0.41943902439024394,medium
2023-02-28,LKOH,0.12045945318069548,0.7444312658168328,0.1351092810024716,1.0,0.010766307789740415,-0.12834516657564177,0.14283477258774271,0.3207673182934207,-0.17210810810810806,1432829827.75,2.9391617178032806e-12,0.0,-0.11209163126022365,-0.06543738324006901,0.5143463414634146,medium
2023-02-28,MAGN,0.22214213698082214,0.6574002512529182,0.12045761176625959,1.0,0.10164951360496244,0.25064020486555716,0.28013579697305374,0.1581230357945843,-0.06837384635382826,597495540.95,1.7451316675662623e-11,0.0,0.8207929489587081,0.5709803681147643,0.4234975609756098,medium
2023-02-28,MGNT,0.3501136487270883,0.5375719924496658,0.11231435882324606,1.0,-0.012786074997313879,-0.01564173987572315,0.20350800402770472,0.13966022406155115,-0.07128842380640943,673482166.5,8.776855256085493e-12,0.0,0.9294944764450374,0.663270745752229,0.3578804878048781,medium
2023-02-28,MOEX,0.2733075079585333,0.6086428913343517,0.11804960070711511,1.0,0.10702630063351881,0.3253275109170306,0.28337699914980996,0.1425398932229604,-0.06276760499225653,412010019.84999996,2.023178557664616e-11,0.0,1.3354883375305835,0.7390500408209059,0.3950634146341464,medium
2023-02-28,MTLR,0.11974344446933517,0.6396070032656468,0.24064955226501805,1.0,0.11417772699305617,0.2659542594626987,0.3504780029641904,0.16116644324907198,-0.08857368006304178,342875695.63,4.3740465634723665e-11,0.0,1.3417255160888135,0.6827154322956397,0.5872487804878049,medium
2023-02-28,MTSS,0.33624867453803375,0.5502447526920877,0.11350657276987862,1.0,0.0622703144140464,0.11317928968763358,0.23110973498411863,0.13525474491732706,-0.06454702164336346,310819789.75,3.208159974766369e-11,0.0,0.8651631490851086,0.7383297236632441,0.3642512195121952,medium
2023-02-28,NLMK,0.12040271862022044,0.7457739963330875,0.1338232850466922,1.0,0.08718304967002433,0.18740515933232182,0.3203089172197393,0.16658092069254196,-0.07308602999210734,549440832.5,2.7593408639290855e-11,0.0,0.987740425128057,0.6149915720399389,0.513209756097561,medium
2023-02-28,NVTK,0.3102019512192363,0.574229084702639,0.1155689640781247,1.0,0.04166666666666674,0.018164435946462776,0.2878985316384048,0.10362387650989578,-0.06539162112932606,863823035.7,6.680938343637917e-12,0.0,0.9165390370476236,0.6680296670283565,0.3765804878048781,medium
2023-02-28,OZON,0.1209165534965891,0.7309425118540526,0.1481409346493583,1.0,-0.013827596351868143,0.17490361023484047,0.2565038195881102,0.14148310265362027,-0.09189031505250878,269752705.25,3.9636164979337204e-11,0.0,1.524055896967968,0.8149982746001818,0.5253829268292683,medium
2023-02-28,PHOR,0.18015625870083524,0.6985760789636337,0.12126766233553106,1.0,0.04706610930484589,0.060530029794574336,0.2560494343884995,0.14936066347770977,-0.07497099767981441,360710574.5,1.6513165750984122e-11,0.0,0.8754389319551807,0.6714380828399362,0.45052195121951216,medium
2023-02-28,PIKK,0.22240770798957152,0.6571435343176846,0.1204487576927439,1.0,0.02017385599475152,0.03494176372712143,0.21429655307526874,0.14030029690579032,-0.05624901248222469,95784199.19999999,7.189792973432118e-11,0.0,0.7770697570838877,0.5816393384347063,0.42333902439024396,medium
2023-02-28,PLZL,0.10050622391227643,0.43624756810618637,0.4632462079815372,1.0,-0.050148608484193447,0.17109734159504297,0.3557715288411301,0.2139498215032066,-0.13837448559670784,357695932.8,3.989181794738184e-11,0.0,1.0825037616197102,0.5684148549121324,0.6910048780487805,high
2023-02-28,POSI,0.11648116112832806,0.5859685611614305,0.2975502777102415,1.0,0.03811716551547728,0.248807508847515,0.34219929297264423,0.1567531747924234,-0.0910559006211179,173872208.8,5.749351980683198e-11,0.0,1.3975675647869594,0.7098228616162258,0.6172317073170732,medium
2023-02-28,RNFT,0.056797219025625074,0.18924149468302054,0.7539612862913543,1.0,0.04585152838427953,0.22820512820512806,0.6442687138973,0.25300847794661185,-0.1765816808309726,85151318.5,1.945885748553074e-10,0.0,1.374388344768745,0.45957853145511307,0.8232317073170731,high
2023-02-28,ROSN,0.3233095345580195,0.5621294305682623,0.11456103487371831,1.0,0.06145416851769592,0.06985074626865662,0.16145416072022872,0.15883426311402715,-0.08979758185029207,841437857.925,9.017014875145246e-12,0.0,0.5187667400869629,0.40955247929728383,0.37031219512195124,medium
2023-02-28,RTKM,0.2039111058599209,0.675128913419721,0.12095998072035793,1.0,-0.0067647556232032224,0.03179901616303571,0.18795061117758552,0.1078539603982046,-0.06620439161300973,53826010.75,1.0447701351763521e-10,0.0,0.795467026586558,0.711438969940223,0.43472195121951224,medium
2023-02-28,RUAL,0.12115615081672163,0.6860151612482276,0.19282868793505087,1.0,-0.05298880685877594,0.020269403463758717,0.25159712211631763,0.17812546933522022,-0.10363423212192269,421412136.875,1.5579896651373733e-11,0.0,0.9340768208180195,0.6153897502481396,0.5580902439024391,medium
2023-02-28,SBER,0.48087480245208086,0.42075300483152867,0.09837219271639051,1.0,0.10718476985265357,0.2426459827308649,0.26803471267242285,0.12324884766971142,-0.06487521694894971,10388841626.9,1.0114118903583863e-12,0.0,1.2028967199079568,0.7857843876852632,0.30164390243902445,low
2023-02-28,SGZH,0.09788498837015283,0.41729695032784425,0.48481806130200283,1.0,0.07960199004975133,0.06721311475409841,0.2863963271354369,0.18700383873053172,-0.13031103882903028,211755497.2,7.315353629386249e-11,0.0,1.3123047638401553,0.6864531664923579,0.6999975609756097,high
2023-02-28,SIBN,0.1136354011617422,0.5516598668146198,0.3347047320236381,1.0,-0.04249578414839794,-0.09287464053679828,0.19345135877792158,0.28580934250957807,-0.20512820512820507,268817198.15,2.6651858960000008e-11,0.0,0.40456296916764356,0.2250164526557285,0.6350317073170731,medium
2023-02-28,SMLT,0.121142889932806,0.6850840209870914,0.19377308908010255,1.0,0.03146645557094785,0.0768595041322313,0.29805088189083345,0.17627591049832603,-0.06587712805329382,137462560.0,6.785842300925996e-11,0.0,0.7422525471804113,0.4523587523320836,0.5587146341463415,medium
2023-02-28,SNGS,0.1819178016202262,0.6968223884220599,0.12125980995771395,1.0,-0.01856649395509502,-0.015164644714038,0.24114804722024466,0.13702981034153636,-0.08744442091890736,480097851.5,1.519536029473461e-11,0.0,1.1162824183522457,0.6791954449085886,0.4492975609756098,medium
2023-02-28,SPBE,0.07574060231148896,0.28231312120342267,0.6419462764850885,1.0,-0.06721623335447047,0.2626609442060086,0.46262983415360076,0.24121484869597515,-0.1614219114219113,200044778.7,7.660987142171666e-11,0.0,3.528914733691207,0.6015610347959758,0.7671487804878049,high
2023-02-28,T,0.04621930441751602,0.14366026106491897,0.810120434517565,1.0,-0.04677928346018201,-0.042513518553048635,0.4587637346214082,0.26538293654433553,-0.12002866356144759,50373253.1,1.8200207467101177e-10,0.0,1.4068143703159963,0.6462596369153379,0.8579731707317073,high
2023-02-28,TATN,0.18146035465365762,0.6972775510817091,0.12126209426463327,1.0,-0.013225127742711118,-0.09083356410966492,0.21419205098705907,0.10719356391051874,-0.14238683127572005,663062643.6,7.394425097750684e-12,0.0,0.5696143858950277,0.5864414335497349,0.4496146341463415,medium
2023-02-28,VKCO,0.10990415779985097,0.5138646545474634,0.3762311876526856,1.0,-0.013687266694317635,-0.04228755537656059,0.24640393849487965,0.1958075782112527,-0.13006824568446407,232984491.8,2.411072721374048e-11,0.0,1.4334638517004799,0.7803439763633893,0.6538243902439024,medium
2023-02-28,VTBR,0.36705375884784586,0.5221715240691186,0.11077471708303557,1.0,-0.0199464126228045,-0.021984551396316165,0.2049680186506541,0.15112897171549006,-0.06684179801517798,3381264779500.0,1.79351017941106e-15,0.0,1.0739174600094021,0.794511103443321,0.35024878048780494,medium
2023-02-28,WUSH,0.05148363315933127,0.16581840150835675,0.782697965332312,0.8833333333333333,0.10983302411873863,,0.3810325883525301,0.46091690250839656,-0.16396979503775622,27169632.485,3.481018336465964e-10,0.0,0.9264225994139093,0.31279393993096755,0.8401853658536586,high
2023-03-31,AFKS,0.121211266725952,0.6905721072276202,0.1882166260464278,1.0,0.14044423877834356,0.2058223925629945,0.2432783492844469,0.1563939988461901,-0.08249541284403672,356180623.95000005,2.695201071582959e-11,0.0,1.2079504448231422,0.7700571090822977,0.5550073170731709,medium
2023-03-31,AFLT,0.09399537746837924,0.3906650265625496,0.5153395959690712,1.0,0.13035714285714284,0.2639776357827477,0.45150438506040025,0.1863908385592796,-0.09446143391097528,232162372.60000002,3.752991011781371e-11,0.0,1.4187599182226427,0.6771282709177782,0.7126975609756098,high
2023-03-31,ALRS,0.35728805978592304,0.5310387688014356,0.11167317141264131,1.0,0.0916459884201819,0.113191632928475,0.239021430373643,0.09789725950042931,-0.05867306155075935,697879359.4000001,9.889277219593489e-12,0.0,1.0169090589408176,0.7909704301992091,0.35462926829268293,medium
2023-03-31,BSPB,0.10518195471769333,0.47259006279219457,0.4222279824901122,1.0,0.3592677345537758,0.4585993517336213,0.6126985185099492,0.17190919045050487,-0.09693877551020413,245607001.2,4.822660485197331e-11,0.0,0.5831768697096213,0.21518902675036278,0.6737317073170732,medium
2023-03-31,CBOM,0.1100999291088855,0.5157099512253339,0.3741901196657806,1.0,0.018787361229718247,0.05373178271750345,0.24935731019447072,0.16338368843505394,-0.11259566740173821,603485639.6,1.5133622808251577e-11,0.0,0.8486717658832427,0.624034620674546,0.6529219512195121,medium
2023-03-31,CHMF,0.3195932430231782,0.5655536536187258,0.11485310335809606,1.0,0.001525262154432605,0.18230925050641456,0.21029177577854957,0.1316456070443255,-0.06801932367149754,656680471.0,1.2106109668035155e-11,0.0,0.9906784667125413,0.6241837082248883,0.37207560975609755,medium
2023-03-31,ENPG,0.08348984168197436,0.32553225593670126,0.5909779023813244,1.0,0.08635794743429281,0.14511873350923477,0.2476298982414699,0.17528802459855086,-0.10409356725146202,70561378.75,1.1088413633419727e-10,0.0,1.0968991123300424,0.7415434607267666,0.7446317073170732,high
2023-03-31,FEES,0.12114695333262224,0.685364381424387,0.19348866524299072,0.9333333333333333,0.12835685025034138,,0.2800759768304924,0.14118651004156949,-0.058434399117971325,107430389.4,5.935455160460892e-11,0.0,0.8849096145363613,0.6215630710220929,0.5585268292682928,medium
2023-03-31,FLOT,0.11041961921985131,0.51875121501771,0.3708291657624387,1.0,0.19409715105554426,0.5255302435192459,0.4779282815397165,0.18437267883097483,-0.09839108910891081,640660633.2,2.7300706452657438e-11,0.0,1.1020791578812177,0.4772471076869533,0.6514317073170731,medium
2023-03-31,GAZP,0.146450274797811,0.7326809491269269,0.12086877607526192,1.0,0.05550031075202,0.045043381945726546,0.32111054990894566,0.10645193949496233,-0.07682566483748421,3401135918.2000003,2.0558537596634855e-12,0.0,0.9781147346356919,0.6688396845269317,0.47600243902439027,medium
2023-03-31,GMKN,0.15362914461100394,0.7253212912315132,0.12104956415748289,1.0,0.034458993797381154,-0.03621420315911139,0.14542719138182855,0.07649967930513966,-0.0708935950413222,8870527.65,5.619489190980744e-10,0.0,0.5708342072498089,0.6509659850295233,0.47020731707317076,medium
2023-03-31,HYDR,0.3619993244738811,0.5267572976561601,0.11124337786995896,1.0,0.04174597132343605,0.07446669284125118,0.1282104314793756,0.07788860548054773,-0.038277511961722466,52626483.2,5.009897215265285e-11,0.0,0.5480276523568114,0.6904009024466556,0.35250975609756097,medium
2023-03-31,IRAO,0.11969626812163418,0.7595070696376414,0.12079666224072458,1.0,0.0901868471384435,0.08301666179479694,0.23023633562736898,0.12626798323003885,-0.07391304347826089,266287358.15,2.5949257379656426e-11,0.0,0.8829966610904187,0.7209145489070904,0.5011439024390244,medium
2023-03-31,LKOH,0.5461344058424246,0.3640014288076504,0.08986416534992518,1.0,0.08703796203796199,0.057458697764820155,0.17310597828487262,0.06820374425095577,-0.06836982968369831,1906819029.75,3.0485005965126422e-12,0.0,0.5817889864443934,0.646553299270323,0.274429268292683,low
2023-03-31,MAGN,0.2197580443964806,0.6597067615551371,0.12053519404838228,1.0,0.025680534155110513,0.20030052592036052,0.22429765531085943,0.13338879482917546,-0.07611018760389454,807298913.75,1.2517312909465701e-11,0.0,0.9083400861633067,0.6525718406763793,0.4249268292682927,medium
2023-03-31,MGNT,0.4621547583676922,0.43720929000044007,0.10063595163186768,1.0,0.019009725906277586,0.05516136415655759,0.0904896117838078,0.12433389260223499,-0.06874080302711794,585508871.5,5.194237566697552e-12,0.0,0.7323942214068052,0.6887061477242321,0.3094512195121951,low
2023-03-31,MOEX,0.11735844460038083,0.5981798235937033,0.28446173180591594,1.0,-0.02537235885001743,0.1748434237995824,0.2985501779683973,0.195223136371726,-0.1008315169128926,985271444.0,6.946807095728724e-12,0.0,1.2583302080469396,0.7059394795753267,0.6106707317073171,medium
2023-03-31,MTLR,0.119974105961754,0.6448372033717845,0.23518869066646156,1.0,0.23144664158193895,0.40886609269096885,0.3220174114347418,0.15878970239942702,-0.08857368006304178,573740441.8050001,2.7632403827642722e-11,0.0,1.0285400445579187,0.5481666639212819,0.5841390243902439,medium
2023-03-31,MTSS,0.45497279241249444,0.44354470444850347,0.10148250313900203,1.0,0.012964054213317588,0.0902748414376322,0.15312760755398078,0.13015882633426143,-0.06454702164336346,445051692.0,1.1303754069928687e-11,0.0,0.7955241299483756,0.74824220069063,0.3124560975609756,low
2023-03-31,NLMK,0.18727122540099714,0.6915082228936306,0.12122055170537226,1.0,0.03408910734104964,0.16111803453800966,0.19407019325402794,0.15087933790311775,-0.07308602999210734,419479325.7,1.7750911391039097e-11,0.0,1.0935233967254188,0.7439470468535541,0.4456317073170732,medium
2023-03-31,NVTK,0.4942506163137541,0.40904419106605716,0.0967051926201888,1.0,0.09331819042210876,0.08898944193061853,0.20158991993046885,0.1020490530072894,-0.06539162112932606,1157853365.7,4.632103853079665e-12,0.0,0.9369456169728961,0.713107316402444,0.2960780487804878,low
2023-03-31,OZON,0.12063450621202766,0.6628286988598869,0.21653679492808536,1.0,0.08168843000303672,0.24025069637883,0.2592846776665114,0.11488951540040122,-0.09189031505250878,260588162.25,4.2725341903874126e-11,0.0,1.2169276684041042,0.7293284953869796,0.5731243902439024,medium
2023-03-31,PHOR,0.2483713420431949,0.6322383357727128,0.1193903221840924,1.0,0.1166666666666667,0.14968592002451353,0.21366148740297528,0.13964284977189367,-0.07497099767981441,679294453.5,7.854947851856906e-12,0.0,0.8084520702050056,0.6244573200549198,0.4084341463414635,medium
2023-03-31,PIKK,0.25329225365570984,0.6275583519061866,0.11914939443810357,1.0,0.06507239303725387,0.07858319604612851,0.16565799992281832,0.10949926885730074,-0.05624901248222469,107658378.30000001,7.17193061232637e-11,0.0,0.8109836894774956,0.7415037738779237,0.40572926829268297,medium
2023-03-31,PLZL,0.10866415868992105,0.5024573664154133,0.38887847489466565,1.0,0.06852648257129923,0.1780522802420612,0.21515871179808477,0.20626648402913797,-0.13837448559670784,173861863.0,3.460759421140713e-11,0.0,0.7927467042217475,0.45866461478685294,0.6593756097560975,medium
2023-03-31,POSI,0.17260551287178216,0.7061228325241585,0.12127165460405931,1.0,0.06408826081566876,0.3325054330953119,0.16176808722897607,0.16158263574293247,-0.0910559006211179,305932238.8,1.7916291896454804e-11,0.0,1.0928104057229824,0.6133862695866631,0.4558780487804878,medium
2023-03-31,RNFT,0.0577547681033739,0.1935786634535276,0.7486665684430986,1.0,0.39874739039665985,0.5990453460620526,0.7367772380622132,0.26744336971316135,-0.1765816808309726,61216294.2,7.187409078083785e-11,0.0,1.2737755218187174,0.34663538809262096,0.820260975609756,high
2023-03-31,ROSN,0.15519440083946043,0.7237240963385653,0.12108150282197422,1.0,0.07280664695113348,0.041279387643520904,0.19315868472895825,0.1633024813745511,-0.08955021062644375,964521252.625,7.0992358174623675e-12,0.0,0.590541001277104,0.4932089423009953,0.4689731707317074,medium
2023-03-31,RTKM,0.20975303232291648,0.6694246465481647,0.12082232112891883,1.0,0.05418888697746427,0.09643943460368587,0.16598984206811498,0.10872105692977696,-0.06620439161300973,84114650.75,8.14859816860414e-11,0.0,0.818337103425671,0.7038828495919985,0.43104878048780493,medium
2023-03-31,RUAL,0.12127505333527876,0.7044155493579985,0.17430939730672257,1.0,-0.00798035604665448,-0.010289073983341557,0.15006473419642127,0.1639920236086789,-0.10363423212192269,317732446.95000005,1.2832671302940188e-11,0.0,0.8430418910519413,0.6858020334372539,0.5453463414634147,medium
2023-03-31,SBER,0.3127801848438843,0.5718441633913666,0.11537565176474916,1.0,0.28890211246652764,0.5314996818213957,0.40779949246609815,0.1265020099745948,-0.06487521694894971,13308244066.25,5.92135547833775e-13,0.0,1.3011034782358262,0.6826858730153641,0.3753365853658537,medium
2023-03-31,SGZH,0.1211601987150112,0.6863092036834233,0.19253059760156566,1.0,0.04669110553733358,0.16167023554603843,0.23310777927048007,0.17016132983331156,-0.0721590909090909,185091508.15,2.2029892374737035e-11,0.0,1.1099525248277584,0.7378571566570561,0.5578926829268294,medium
2023-03-31,SIBN,0.11971124136045781,0.7592575573081722,0.12103120133136992,1.0,0.12408327418973264,0.041538798772468244,0.14788290588123332,0.11224973530393953,-0.1015479196399166,235104412.64999998,3.537567681819659e-11,0.0,0.5659773264103303,0.5349484457031312,0.501370731707317,medium
2023-03-31,SMLT,0.11933776632054359,0.6311959679286386,0.24946626575081782,1.0,0.026543452615021668,0.07516474464579903,0.2295966990965544,0.144834289481907,-0.09252405625462623,223208121.0,2.420739290760856e-11,0.0,0.9213432227430289,0.632580291174334,0.592170731707317,medium
2023-03-31,SNGS,0.12957147764231003,0.7502293961067994,0.12019912625089049,1.0,0.05329153605015691,0.07889908256880718,0.19532720400143477,0.1401451425036819,-0.08744442091890736,409403207.5,1.47728134730957e-11,0.0,1.099870914970128,0.7201971800350032,0.49061463414634154,medium
2023-03-31,SPBE,0.07588245941329129,0.2830737622399499,0.6410437783467589,1.0,0.007442489851150258,0.28030954428202937,0.2671602954226344,0.23698797318593512,-0.1614219114219113,167748521.14999998,7.169156734185621e-11,0.0,3.0341560953651725,0.5542993969511304,0.7667390243902439,high
2023-03-31,T,0.07316982055752161,0.26870975757544535,0.6581204218670331,1.0,-0.009757068896853793,-0.03884808658677996,0.17527734760454391,0.26774843694064066,-0.12379075600143319,35937474.224999994,1.7401143345777847e-10,0.0,1.1960728452551852,0.6575347829721729,0.7745756097560975,high
2023-03-31,TATN,0.13066939073867842,0.7490765116998266,0.12025409756149509,1.0,0.13173834039975763,0.06527936145952107,0.2273794199634034,0.11114266655569265,-0.10838562464346835,1000398322.45,8.751652598843992e-12,0.0,0.7439675019617168,0.6182021871720444,0.48961707317073183,medium
2023-03-31,VKCO,0.11884342136959274,0.6219383588091554,0.2592182198212519,1.0,0.011784511784511897,0.06560283687943258,0.20186809278939982,0.18274592825502597,-0.07498986623429271,210142829.8,2.891909341658825e-11,0.0,1.1081892241790372,0.747647130407978,0.5974829268292684,medium
2023-03-31,VTBR,0.1316205702848846,0.7480790705548193,0.12030035916029619,1.0,0.1057604388905824,0.10407790626902003,0.5243159764549508,0.16128215876006666,-0.06684179801517798,3883284207000.0,1.878189310690539e-15,0.0,1.4337755496164242,0.6898404761836767,0.4887585365853658,medium
2023-03-31,WUSH,0.12061241664657721,0.6621160037571489,0.217271579596274,1.0,0.10333315089486073,0.2210915258343933,0.2662496479656088,0.1360121805923743,-0.06867196367763906,59306015.215,1.2029803329753594e-10,0.0,0.8063596686099472,0.4835865346680404,0.5735707317073171,medium
2023-04-28,AFKS,0.12083383872327846,0.6698674002941406,0.20929876098258088,1.0,0.06789747751403263,0.2398712311557789,0.2594025320391276,0.16057720613470636,-0.08249541284403672,464029488.35,1.7399822012563846e-11,0.0,1.182853459134574,0.7139305193023967,0.5686682926829268,medium
2023-04-28,AFLT,0.11894052391513842,0.6236865755319562,0.2573729005529054,1.0,0.27140600315955776,0.4366297750803285,0.34203012323593396,0.15817803523533563,-0.09446143391097528,1049487393.5,1.4969192396326068e-11,0.0,1.4493313036402506,0.6286909008366667,0.5964878048780488,medium
2023-04-28,ALRS,0.5386103956103662,0.370497293567427,0.09089231082220688,1.0,0.02667070768298241,0.09752146444192467,0.1447533781375784,0.08598884313117411,-0.05867306155075935,855412218.55,9.867196429186944e-12,0.0,0.9199102958063616,0.7652311284323704,0.27758536585365856,low
2023-04-28,BSPB,0.12030818285286966,0.6532239693490897,0.22646784779804066,1.0,0.18882154882154878,0.7546963522512673,0.35811627532963086,0.17815389051057806,-0.09693877551020413,480200932.0,8.083194111274044e-12,0.0,0.6800567026051517,0.22340978887432167,0.5790682926829268,medium
2023-04-28,CBOM,0.11658935239514268,0.5874204773826763,0.2959901702221811,1.0,-0.04205085219335014,-0.08512341561040693,0.16148024839362926,0.16169133254319584,-0.11555555555555563,324932431.1,1.7228058279750175e-11,0.0,0.7925734365694854,0.6060304823827907,0.6164585365853659,medium
2023-04-28,CHMF,0.3437378477562885,0.5433917506496859,0.11287040159402555,1.0,-0.04625928041119354,0.026008601269711162,0.15167222655002482,0.13235465521867026,-0.07128233761399583,874361013.8,7.464552690284612e-12,0.0,0.8464869908576815,0.5985940477301231,0.36079512195121954,medium
2023-04-28,ENPG,0.06807892702620094,0.24273141124758568,0.6891896617262133,1.0,0.062211981566820285,0.0783625730994153,0.33180529940805414,0.16876508291091016,-0.10093896713615025,106644903.75,8.049606847205197e-11,0.0,1.1933689827329153,0.6719585085884533,0.7893560975609755,high
2023-04-28,FEES,0.14869503448408003,0.7303734631284333,0.12093150238748653,1.0,0.08551835417507059,0.2432432432432432,0.1898574107413264,0.1445931118991042,-0.058434399117971325,166529189.9,6.010034822609105e-11,0.0,0.949060409171965,0.637311461659757,0.4741658536585367,medium
2023-04-28,FLOT,0.09041354685521355,0.3674614815342545,0.5421249716105319,1.0,0.02849296258153111,0.2668076109936577,0.4056179069960655,0.20316495624150507,-0.10484608351112468,367884009.45,1.8294893090257618e-11,0.0,1.1730318624964975,0.46845745321126653,0.7238878048780488,high
2023-04-28,GAZP,0.5864970910878442,0.3293573455646236,0.08414556334753216,1.0,0.06653712536065459,0.1455223880597014,0.18167005044163673,0.1123349454832097,-0.048362031453969,5610353761.549999,1.3259404948296197e-12,0.0,0.9632781928744064,0.6198592646218205,0.2572975609756098,low
2023-04-28,GMKN,0.10335023373168313,0.45791319942235686,0.43873656684595996,1.0,-0.029180546302465027,-0.04496002097260465,0.2264627196352211,0.14720335102120202,-0.0845583616032165,15208423.810000002,4.65552485778441e-10,0.0,0.647532912140846,0.5757656380756222,0.6807219512195122,medium
2023-04-28,HYDR,0.17639753187927712,0.7023267056626747,0.12127576245804825,1.0,0.007795371498173109,0.05832693783576359,0.19403804050052598,0.09564816278537608,-0.03911723493694541,88207072.2,7.354102797210254e-11,0.0,0.5619682399472992,0.5774310563681506,0.45316585365853657,medium
2023-04-28,IRAO,0.38480523931581223,0.5061262352096525,0.1090685254745353,1.0,0.0985155195681513,0.16169544740973318,0.1554799336929705,0.11275637576708622,-0.05926770195184505,272222881.625,1.1165419901867348e-11,0.0,0.9326968736441398,0.7571428880948053,0.3424048780487805,medium
2023-04-28,LKOH,0.6221319857272459,0.2990514644739854,0.07881654979876868,1.0,0.07398047099368177,0.18177221590190884,0.21588704426314656,0.07228470487783308,-0.035030241935483875,4060518345.25,2.2246758362510023e-12,0.0,0.7087108801636585,0.6087063272200828,0.24174634146341467,low
2023-04-28,MAGN,0.2659921732490191,0.6155346715328308,0.11847315521815002,1.0,-0.008262393590385497,0.0798800436205016,0.16278735409705145,0.1269655935139173,-0.07611018760389454,748886252.5999999,8.965457786534357e-12,0.0,0.8722132540213442,0.6111783391094263,0.39890243902439027,medium
2023-04-28,MGNT,0.19935776455052936,0.6795910813357484,0.12105115411372222,1.0,0.016594360086767956,0.008500107596298712,0.20791720496186974,0.13204711300509792,-0.06874080302711794,791911277.25,7.481678066417613e-12,0.0,0.8289714338191436,0.7475195673831804,0.43763902439024394,medium
2023-04-28,MOEX,0.12724092003679832,0.7526823351993445,0.12007674476385712,1.0,-0.022301199466903565,0.02210663198959706,0.08899600081701015,0.17350392201709458,-0.11164930976023246,495125084.7,4.963846919008315e-12,0.0,0.9534273458795263,0.6261489613326439,0.49275609756097566,medium
2023-04-28,MTLR,0.11996630050604565,0.6446537256967364,0.23537997379721784,1.0,0.2448966324275128,0.6310902896081771,0.41722461174244085,0.16330039167425067,-0.08857368006304178,1397941959.87,1.2449511245560974e-11,0.0,1.2299475494235017,0.5356171173908466,0.5842487804878048,medium
2023-04-28,MTSS,0.4437519780134208,0.45346783225668935,0.10278018972988982,1.0,0.0554585999612176,0.08103277060575964,0.11942696023188754,0.13019107761371093,-0.06454702164336346,531747989.5,1.0070830869407431e-11,0.0,0.7578507059163196,0.6905622279228029,0.31716585365853656,medium
2023-04-28,NLMK,0.14481953892796492,0.7343609045309814,0.1208195565410538,1.0,0.05243790248390057,0.1540013449899127,0.20204073952605714,0.1422340813963642,-0.07308602999210734,433677183.0,1.61891018886456e-11,0.0,1.0827528906431196,0.6969914638474556,0.47735121951219517,medium
2023-04-28,NVTK,0.3966982801754331,0.49542693937902543,0.10787478044554151,1.0,0.16066481994459836,0.306058834989285,0.20927402835974668,0.11900933293139146,-0.06539162112932606,1570067389.1999998,7.31087690792535e-12,0.0,1.015604224440187,0.6725077364581672,0.3372243902439025,medium
2023-04-28,OZON,0.09810046060958719,0.41882187927283115,0.48307766011758174,1.0,-0.043234138124649046,-0.0029256875365710755,0.2994717717040058,0.1455126030347946,-0.09189031505250878,371531532.5,3.9218956992227514e-11,0.0,1.1096649279505815,0.6417549080829966,0.6992731707317074,high
2023-04-28,PHOR,0.26265072823823615,0.618690784730476,0.11865848703128785,1.0,-0.03038379530916846,0.10242424242424253,0.1258526594812008,0.15279666965510852,-0.07497099767981441,403140412.5,1.0804358862630261e-11,0.0,0.7661839308045639,0.5634406510249746,0.4006780487804878,medium
2023-04-28,PIKK,0.13085538529998159,0.7488813721212858,0.12026324257873262,1.0,0.05223766610661351,0.10702233649365267,0.23811339192788736,0.11569541723407124,-0.05624901248222469,107833338.0,3.763622665686879e-11,0.0,0.7738212316467202,0.5807523595364636,0.48944878048780494,medium
2023-04-28,PLZL,0.08339601436975642,0.32498722853589135,0.5916167570943521,1.0,0.10194354710586251,0.07037037037037042,0.2501346417970186,0.19955641012694403,-0.11366282146258866,230072346.0,4.71484414267208e-11,0.0,0.9072364657581329,0.5197475504000083,0.7449073170731706,high
2023-04-28,POSI,0.12867005009115035,0.7511772333544441,0.1201527165544055,1.0,-0.0034948741845293174,0.07219854600150422,0.09848034915654023,0.14794699424001054,-0.08822429906542051,174986428.8,1.7419590910050977e-11,0.0,0.8705243020847143,0.6283623398640128,0.49143902439024395,medium
2023-04-28,RNFT,0.07451531212554488,0.2757870545380892,0.6496976333363659,1.0,0.011940298507462588,0.4999999999999998,0.6613277801959656,0.26671815732147575,-0.1765816808309726,440988728.0,2.7353326161196882e-11,0.0,1.5311842480505142,0.35360417559441354,0.7706878048780488,high
2023-04-28,ROSN,0.6778879765588464,0.25215783446850626,0.0699541889726474,1.0,0.03386715673405094,0.1481049562682215,0.130038232177539,0.09481553655983242,-0.044053483462350385,854739544.7,6.8824266640023194e-12,0.0,0.8038461006762305,0.762299107662112,0.21610731707317074,low
2023-04-28,RTKM,0.20648743277066958,0.6726104807082907,0.1209020865210397,1.0,0.06870104438642288,0.11169580716346972,0.15211348213342749,0.11630444050122571,-0.06620439161300973,97083105.2,3.7037641315676443e-11,0.0,0.8002011221759271,0.7361512151380588,0.4330926829268293,medium
2023-04-28,RUAL,0.1211777875045816,0.6876488379130659,0.19117337458235253,1.0,0.011509900990099187,-0.04185228604923785,0.2000798420596825,0.15802895677386064,-0.10184423822389288,505095727.125,6.0197268359093996e-12,0.0,0.8619210618085824,0.63311758501955,0.556990243902439,medium
2023-04-28,SBER,0.5330975009118176,0.3752645204788051,0.0916379786093772,1.0,0.10978762696214228,0.5186050919198939,0.18455339966321477,0.11909886745948653,-0.06487521694894971,10950055068.25,6.040838995523386e-13,0.0,1.2873228814842876,0.6728855843419791,0.2798926829268293,low
2023-04-28,SGZH,0.1196316481146882,0.7605685177815078,0.11979983410380401,1.0,0.045345622119815854,0.16209016393442632,0.1775120987677425,0.15472556222603562,-0.0721590909090909,236607272.95,3.193552876364714e-11,0.0,0.9886185203026167,0.6832216414232908,0.5001756097560976,medium
2023-04-28,SIBN,0.18918380326314405,0.6896151446916122,0.12120105204524374,1.0,0.05461433231611079,0.13371040723981897,0.16269223170393984,0.11483708831686441,-0.07608941070219011,196777830.25,3.393416416419077e-11,0.0,0.7193140055194245,0.6236197622886082,0.44434146341463415,medium
2023-04-28,SMLT,0.11853242842005385,0.6165339622897203,0.2649336092902258,1.0,0.04328672668071243,0.06241466744684998,0.2191390989743914,0.13925186441821907,-0.09252405625462623,274461954.0,1.986891209567633e-11,0.0,0.9486133739277379,0.634550600183531,0.6005365853658536,medium
2023-04-28,SNGS,0.12074804091795927,0.6666870212384084,0.21256493784363234,1.0,0.06653911564625847,0.09493670886075956,0.2633822480345685,0.14865816050909786,-0.08744442091890736,717310730.5,1.4564344129064047e-11,0.0,1.0855831533211528,0.7189171625254838,0.5706926829268293,medium
2023-04-28,SPBE,0.05768139790687149,0.19324505885689883,0.7490735432362298,1.0,0.08059100067159175,0.03739522888459068,0.2714126110892953,0.20206282707025766,-0.1614219114219113,221974634.85000002,5.772251684255449e-11,0.0,1.592320063305355,0.7216749129339178,0.8204878048780488,high
2023-04-28,T,0.03870381136068604,0.11378922528473764,0.8475069633545763,1.0,0.10758093706012462,0.0005449591280652921,0.3137758338500119,0.284882002867166,-0.12379075600143319,59450275.375,1.281653970485472e-10,0.0,1.4425970899983773,0.6851367253228148,0.8857951219512195,high
2023-04-28,TATN,0.32065496986273195,0.5645748679925393,0.11477016214472886,1.0,0.08108108108108114,0.22983257229832565,0.2249639863375495,0.12771980605035313,-0.04286589099816285,910692991.2,1.118231770666652e-11,0.0,1.0404622213540544,0.7252158469140099,0.37157073170731714,medium
2023-04-28,VKCO,0.09866139733103833,0.42281830141792076,0.4785203012510409,1.0,0.0328618968386023,0.015957446808510634,0.26600551397095396,0.1746707220225807,-0.09069400630914826,372695031.2,2.3169964951420266e-11,0.0,1.063789920402966,0.6836793186003567,0.6973756097560976,high
2023-04-28,VTBR,0.1209060546900994,0.6727769420978152,0.20631700321208535,1.0,0.22491730981256874,0.29827636576102834,0.5725131239009372,0.2381278584905403,-0.08787432498772696,15249293492250.0,7.6196707797393695e-16,0.0,1.6773709746375505,0.5696269758201973,0.5668,medium
2023-04-28,WUSH,0.07744973300543181,0.2915494430462614,0.6310008239483068,1.0,0.16121831440051593,0.44517841708852957,0.5937980878239925,0.20167536442340034,-0.10034588777863174,149040297.7,1.1910808130738589e-10,0.0,0.9877964588621302,0.3627214449486843,0.7622097560975609,high
2023-05-31,AFKS,0.11977839498840492,0.7581212453084691,0.12210035970312591,1.0,0.03062747388229181,0.19889794685990347,0.3282137033037798,0.1617351965535365,-0.07035682763838103,510070151.0500001,2.3870694676854182e-11,0.0,1.2333711899831206,0.7308777958172226,0.5024000000000001,medium
2023-05-31,AFLT,0.15920209929342305,0.7196462887635788,0.12115161194299813,1.0,0.011871684768880897,0.4225852272727273,0.32185969441168866,0.1494764298456998,-0.10164015904572576,864148144.8,1.2999915913133286e-11,0.0,1.5452751364974344,0.6746225484071512,0.4658585365853659,medium
2023-05-31,ALRS,0.521133793538906,0.38563250600322657,0.09323370045786744,1.0,-0.013643178410794543,0.05805725313605681,0.2007060407977894,0.08620392438125238,-0.05575065847234417,601019434.8,1.2769745494389092e-11,0.0,0.8289635163070557,0.710933661907887,0.2848878048780488,low
2023-05-31,BSPB,0.08325977472523187,0.32419685288820266,0.5925433723865655,1.0,-0.04378644106550811,0.5029649595687331,0.6898278747877379,0.47649251065712134,-0.21108729979697727,545209627.8,4.0029660632673654e-11,0.0,1.19912060890545,0.34676351054709986,0.7453073170731708,high
2023-05-31,CBOM,0.11440155315917346,0.5602854369644312,0.3253130098763953,1.0,-0.11580801409070896,-0.14273516436601685,0.23274626397183518,0.1734202169492891,-0.19184330560772733,335933195.35,2.6473464123981116e-11,0.0,0.7245659124190045,0.5484086519250496,0.6306341463414634,medium
2023-05-31,CHMF,0.2876557621461579,0.5951934305790085,0.11715080727483354,1.0,0.05284803619165124,-0.03705096859131096,0.16019358459517244,0.10760635001482154,-0.1116694584031267,567616625.2,1.0621533976509941e-11,0.0,0.6885217466581423,0.6228476877254701,0.38771219512195126,medium
2023-05-31,ENPG,0.06882617628662019,0.24646818601878062,0.6847056376945992,1.0,-0.014237288135593218,0.08238213399503724,0.3905597441879965,0.18182733339713358,-0.13429752066115708,83889000.0,1.7351882088456865e-10,0.0,1.4898464620318677,0.7367971574546983,0.7871756097560976,high
2023-05-31,FEES,0.10617758849551932,0.4808437261775747,0.412978685326906,1.0,-0.0649773755656109,0.164825253664036,0.42293266822442116,0.2004529762127118,-0.07945701357466062,258757258.0,4.950713176734509e-11,0.0,1.0209058672482245,0.5339344699979809,0.6697853658536587,medium
2023-05-31,FLOT,0.088809460660611,0.3574273796610466,0.5537631596783424,1.0,0.33939914163090124,0.5745711402623612,0.5772674339248578,0.21880962723490918,-0.1600121914050595,304043884.55,2.633074660549207e-11,0.0,1.5554283966563927,0.5191499855064259,0.7287804878048779,high
2023-05-31,GAZP,0.2050806184609396,0.6739851248178058,0.12093425672125456,1.0,-0.08445243580378714,0.004128920934245217,0.2412833449843822,0.12974780551790338,-0.12196973805520894,6453088991.200001,1.3833142959244756e-12,0.0,1.0361128355610978,0.6655611194599598,0.43398048780487813,medium
2023-05-31,GMKN,0.12127590300403539,0.7032943129869135,0.17542978400905107,1.0,0.0026131206161466025,0.0012360939431397266,0.13996723032679254,0.14466414513143663,-0.10679733634878752,9589133.200000001,4.0136861816181617e-10,0.0,0.614870476200957,0.5883512398177552,0.5461463414634147,medium
2023-05-31,HYDR,0.18126357433136264,0.6974734014978212,0.12126302417081603,1.0,0.04124723790817564,0.07231352718078377,0.2002033294304114,0.08697418685123129,-0.07111163007940224,55642741.05,1.0138467797410161e-10,0.0,0.6924715492743627,0.6455932523301899,0.4497512195121952,medium
2023-05-31,IRAO,0.1494766380318649,0.7295713620729972,0.12095199989513793,1.0,0.005166687169393613,0.1873002034292357,0.29868769813651364,0.17806700279400428,-0.06435360128249179,452686245.25,1.820391983838703e-11,0.0,0.8083441776459115,0.5752088233389409,0.47353170731707317,medium
2023-05-31,LKOH,0.701770740458046,0.23226975959648927,0.06595949994546485,1.0,0.2156734337480899,0.38171442749038587,0.2509672452805859,0.07374943215941901,-0.05004214075010538,4782997920.0,1.3565697581536554e-12,0.0,0.948488827664251,0.7060147482648349,0.20442926829268293,low
2023-05-31,MAGN,0.3802263300699462,0.5102562356189435,0.10951743431111029,1.0,0.0548566982233174,0.024949596774193505,0.1876986905673022,0.08607809354103513,-0.0996200427451912,526415993.4,1.3926673119026099e-11,0.0,0.6459885301787075,0.5477125697021329,0.3444146341463415,medium
2023-05-31,MGNT,0.11215433627311883,0.5359243421112817,0.35192132161559947,1.0,-0.0636789881147094,-0.05564720114373689,0.35209803688202146,0.21014465843493954,-0.16606460935081024,1161311202.0,6.218032232526235e-12,0.0,0.7553757579735125,0.5154600152029665,0.6429414634146342,medium
2023-05-31,MOEX,0.1199030255701728,0.7559321235700354,0.12416485085979172,1.0,0.07335978591861214,-0.013819415006358748,0.18910823394017184,0.15757045193246455,-0.1384516024864778,477549097.95,1.8694202494182935e-11,0.0,0.6873250989599914,0.5486645993061716,0.5043658536585366,medium
2023-05-31,MTLR,0.10661383767177178,0.48452754794627306,0.40885861438195514,1.0,-0.013912075681691727,0.38016979515538596,0.5016070200904794,0.24318480273180207,-0.1642810832377437,963411222.7049999,1.7374364831320186e-11,0.0,1.5981747169339695,0.6009373126664941,0.668019512195122,medium
2023-05-31,MTSS,0.44924304282291705,0.4486079775729347,0.10214897960414822,1.0,0.17140746213520508,0.2212593876372042,0.3305528089404888,0.09256482807542991,-0.04063467492260053,917507250.75,9.113820509041304e-12,0.0,0.7182774569461667,0.5378736585936839,0.3148585365853659,low
2023-05-31,NLMK,0.2776402198066645,0.6045722747520422,0.1177875054412932,1.0,0.10364481775911205,0.14682044887780554,0.23027676179721418,0.11363280792324681,-0.0923230593607306,562672945.0,1.929449789762782e-11,0.0,0.7914576407118465,0.6116882530543865,0.392819512195122,medium
2023-05-31,NVTK,0.18362163324466638,0.6951285632633886,0.12124980349194511,1.0,0.022362204724409418,0.21096810296586455,0.2567733769490142,0.18722761730037285,-0.09367541766109777,920667656.2,8.094655860153743e-12,0.0,1.0896529813527953,0.7217325136867037,0.44812195121951226,medium
2023-05-31,OZON,0.09754471291257917,0.4149000700294681,0.48755521705795285,1.0,0.039018622524386704,0.04706583258862085,0.34249009933444563,0.17279601049012858,-0.14281828073993474,352064225.0,4.351624670399791e-11,0.0,1.159881123788005,0.6450050430834179,0.7011365853658538,high
2023-05-31,PHOR,0.4102457973794064,0.4832867411148573,0.10646746150573616,1.0,0.06803665648431001,0.08490832157968975,0.19776294291605198,0.10122887281644394,-0.061833688699360345,468044446.5,1.9582503740868958e-11,0.0,0.4240749346435956,0.4564843185777264,0.3313853658536586,medium
2023-05-31,PIKK,0.12090313233177781,0.7314427357173064,0.14765413195091562,1.0,0.06558849955076385,0.14331619537275064,0.24657342331428375,0.1181621161387379,-0.100784973366975,163886544.95,6.795868699894792e-11,0.0,0.7616368359324239,0.5599957068528273,0.5249853658536585,medium
2023-05-31,PLZL,0.12068856925992216,0.7384042720120845,0.14090715872799328,1.0,0.012810707456978987,0.18289414917373836,0.3030342071398694,0.11940969718452683,-0.0734000465441006,153984809.8,6.659257851436265e-11,0.0,0.6843508440566795,0.4451492469386424,0.5193609756097561,medium
2023-05-31,POSI,0.2500149208041769,0.6306738758819953,0.1193112033138277,1.0,0.11178788964528841,0.14319047034262566,0.23720408600031087,0.09350594758908838,-0.06125486604076025,161367285.4,5.005559051684017e-11,0.0,0.5012227963754904,0.45701341700623954,0.4075268292682927,medium
2023-05-31,RNFT,0.09010493494033399,0.36551475299412617,0.5443803120655398,1.0,-0.045599999999999974,0.2337125129265769,0.31490769303617533,0.2747686731485972,-0.24645161290322581,255130585.4,5.163793234903925e-11,0.0,1.4388058095444993,0.37984029821986987,0.7248341463414634,high
2023-05-31,ROSN,0.5237888194289091,0.383328937326632,0.092882243244459,1.0,0.15410256410256418,0.25445930880713497,0.2551479324660565,0.11514087909555676,-0.05594405594405594,1281508374.9,7.654469163487421e-12,0.0,0.8946167074054197,0.7382093563541959,0.2837804878048781,low
2023-05-31,RTKM,0.26309897978158037,0.6182670935236158,0.11863392669480384,1.0,0.1260775862068968,0.24510638297872345,0.2753931467323339,0.09734842291328138,-0.03389830508474567,170163357.75,7.599371669288878e-11,0.0,0.6960622617683463,0.5650988612274536,0.400439024390244,medium
2023-05-31,RUAL,0.2147175966022113,0.6645946587410851,0.1206877446567035,1.0,-0.026033881415047366,-0.05327521491706022,0.16650632621575379,0.1004242867775114,-0.10925039872408293,361705486.92499995,1.7754819085558477e-11,0.0,0.6923547631058533,0.667492064479291,0.42798536585365854,medium
2023-05-31,SBER,0.46801251461234883,0.4320510777004683,0.09993640768718279,1.0,0.014631934712719508,0.43824491703669066,0.29582856815228675,0.1704352879079316,-0.06413321243096204,15534493035.75,5.465046634982362e-13,0.0,0.6589638375675195,0.3482954755742845,0.3070048780487805,low
2023-05-31,SGZH,0.09181063537304782,0.3763752613685499,0.5318141032584023,1.0,-0.05754871608085954,-0.0038498556304139564,0.3601134716081666,0.1940811442313998,-0.11343439623627805,267274345.95,3.8565738321673703e-11,0.0,1.0815535920730972,0.6547389906728015,0.719570731707317,high
2023-05-31,SIBN,0.12016705195347244,0.6495424813294194,0.23029046671710826,1.0,0.0528251762542149,0.20093240093240095,0.3620370816592626,0.1857076695296135,-0.0739429695181908,309074446.8,2.2870178162920398e-11,0.0,0.8808992937029242,0.5924425411621496,0.5813073170731708,medium
2023-05-31,SMLT,0.11667444209037592,0.5885722595861387,0.2947532983234855,1.0,0.16070403673235134,0.19147682639434405,0.48439339555665745,0.15362008367824,-0.10222141954126784,486177783.5,2.2575585830779648e-11,0.0,1.2972326677354251,0.6262866972794311,0.6158439024390244,medium
2023-05-31,SNGS,0.11902262813643907,0.6251896794769058,0.255787692386655,1.0,-0.0059015059015058435,0.08435072142064381,0.3185652209276667,0.14869898145181257,-0.11870845204178537,437892860.0,2.5691394561598797e-11,0.0,1.1699338317722285,0.7346246900957765,0.5956292682926829,medium
2023-05-31,SPBE,0.08836288403486249,0.35467029199899675,0.5569668239661407,1.0,0.0013071895424836555,0.03443619176232282,0.32017818402599024,0.17542835095804615,-0.12559808612440193,101641739.69999999,1.0352442362410154e-10,0.0,1.420406562521901,0.7816960700467269,0.730131707317073,high
2023-05-31,T,0.11954021801233261,0.6352841501473184,0.245175631840349,1.0,0.23833519970138117,0.309194948697711,0.4645339758911132,0.14822872844418708,-0.06030603060306028,120657204.25,1.4382492869190575e-10,0.0,1.355408634982389,0.6465722343773587,0.5897902439024391,medium
2023-05-31,TATN,0.3395000096563868,0.5472673227466525,0.1132326675969606,1.0,0.1160916645681187,0.3233801134667065,0.2525083505786876,0.13131512127310974,-0.07285089849441473,817968655.5,1.4057305987924677e-11,0.0,1.0616279839064762,0.7478383871446728,0.3627463414634147,medium
2023-05-31,VKCO,0.11958741148182052,0.6362670165115426,0.24414557200663703,1.0,0.18711276332094173,0.19799916631929948,0.4666675376035039,0.16788931393694742,-0.09069400630914826,667428271.0,2.429829120697317e-11,0.0,1.369590359470949,0.6766021161062491,0.5892146341463416,medium
2023-05-31,VTBR,0.11991875655973062,0.7556478497400461,0.12443339370022327,1.0,0.014625228519195455,0.33855893880012045,0.408672115627325,0.23172280049430907,-0.08787432498772696,25719071463750.0,5.592491480298196e-16,0.0,1.8954027577205572,0.6240201039845352,0.504619512195122,medium
2023-05-31,WUSH,0.07600489020500627,0.28373109791854856,0.6402640118764452,1.0,-0.041113585746102355,0.1893370165745858,0.3412580417742372,0.1950811906377144,-0.19062259800153725,75245083.47999999,1.9527007289690825e-10,0.0,0.8834355158159611,0.33991783634924405,0.7663853658536586,high
2023-06-30,AFKS,0.2647773519015524,0.6166815140587795,0.1185411340396683,1.0,0.11191749427043551,0.18485855776405957,0.22686235749563793,0.15803360860165283,-0.07035682763838103,587311610.95,1.8868166466315002e-11,0.0,1.2488346316984835,0.7426918046919951,0.39954634146341467,medium
2023-06-30,AFLT,0.12569488248302757,0.7543139209403512,0.1199911965766213,1.0,0.0865139949109417,0.32773631840796047,0.2881780691577244,0.15756214292885035,-0.10164015904572576,758414314.2,1.8003753357947787e-11,0.0,1.3802454648520617,0.6952431479557509,0.4941951219512195,medium
2023-06-30,ALRS,0.4982848424204439,0.4055206861721803,0.09619447140737589,1.0,0.07328244274809159,0.06097192876546931,0.1990405963536529,0.10108159245533316,-0.05575065847234417,855381188.8,8.784216961381959e-12,0.0,0.6854306533874798,0.6169360630784773,0.2944,low
2023-06-30,BSPB,0.09724450800146543,0.41279674839223957,0.4899587436062949,1.0,-0.016158845626378926,0.11622243268840493,0.19183496624391422,0.4746742605147171,-0.21108729979697727,153895893.5,5.402994774051831e-11,0.0,1.2050626843516992,0.4322274650396688,0.7021365853658537,high
2023-06-30,CBOM,0.12101991087131696,0.6779788280071397,0.20100126112154318,1.0,0.12483421750663126,-0.048387096774193505,0.15376352909279867,0.16535616782749835,-0.14746674214548539,262145890.05,2.4381414725013402e-11,0.0,0.5469784431547505,0.454970988628958,0.563419512195122,medium
2023-06-30,CHMF,0.18914025367722742,0.6896582188508968,0.12120152747187579,1.0,0.13759689922480622,0.1243056885654088,0.33742133206550157,0.10673282669891933,-0.09275803079262501,832762163.1,8.961405676247437e-12,0.0,0.7872965374193455,0.5337794049436599,0.44437073170731706,medium
2023-06-30,ENPG,0.06842308699965785,0.24444928348486628,0.6871276295154759,1.0,0.06241395135383199,0.07424593967517401,0.34137556098731753,0.2052122152842633,-0.13429752066115708,137654707.5,1.0465530736224828e-10,0.0,1.7056538708577555,0.7826216605956092,0.788351219512195,high
2023-06-30,FEES,0.07130061469606863,0.2590274956664008,0.6696718896375305,1.0,-0.020158102766798414,-0.029365700861393895,0.31506891837746914,0.24804396265439535,-0.1621187800963082,229179554.8,4.0248735197340314e-11,0.0,0.9104162470321645,0.4644853691567848,0.7799853658536584,high
2023-06-30,FLOT,0.1136140054856583,0.5514241787581575,0.3349618157561842,1.0,0.06599286563614748,0.5039422915618186,0.4511298704889062,0.2269846372695361,-0.1600121914050595,1210594724.9,1.1145684430805009e-11,0.0,1.5903898439639759,0.5163532240170926,0.6351512195121952,medium
2023-06-30,GAZP,0.32158997940665845,0.563713233493887,0.11469678709945455,1.0,0.032869080779944326,-0.03297594900028977,0.14841473021068727,0.12292727615314913,-0.12386788871413834,3356469653.5,1.5756302637413743e-12,0.0,0.7834201647535892,0.6483091178159993,0.37112682926829277,medium
2023-06-30,GMKN,0.12119654044798112,0.6892128259806362,0.1895906335713828,1.0,0.010290889132821057,-0.03207571973182588,0.14290888913076888,0.1412138594673167,-0.10679733634878752,13573677.879999999,5.604601084122758e-10,0.0,0.5938256463469603,0.5745532912505025,0.5559317073170732,medium
2023-06-30,HYDR,0.11969707472690301,0.7594936633172662,0.12080926195583093,1.0,0.015529411764705792,0.04226032359333476,0.23389981290976783,0.11538147778392245,-0.07111163007940224,98454046.1,6.362020577409381e-11,0.0,0.7673782387081945,0.6254647226628168,0.5011560975609757,medium
2023-06-30,IRAO,0.23315074513274148,0.6467932441433314,0.1200560107239271,1.0,-0.012958435207823915,0.05583889106839268,0.10867845128604375,0.17349595037544385,-0.08118630482079481,269264631.625,1.348184703619983e-11,0.0,0.612418040612745,0.5069069299991971,0.41703414634146346,medium
2023-06-30,LKOH,0.1561316256425579,0.7227689858901901,0.12109938846725198,1.0,-0.10643912737508798,0.1260392417692051,0.2899907092879521,0.17832789337799074,-0.11505981703026036,4755157746.5,1.901773793281845e-12,0.0,0.8325114097630588,0.5099367968420837,0.46823902439024395,medium
2023-06-30,MAGN,0.16058297777143404,0.7182450488147111,0.12117197341385483,1.0,0.16414978514426015,0.18126323657655408,0.3508831428205868,0.11913979613143573,-0.08934790440734952,1076362550.45,1.3405924882572772e-11,0.0,0.9841970981301178,0.633679939632958,0.4648000000000001,medium
2023-06-30,MGNT,0.11195678733154471,0.5339062632254649,0.3541369494429904,1.0,0.17986270022883288,0.1294633077765608,0.45696354948669365,0.22008107208552588,-0.16606460935081024,2703231416.5,4.751430024472823e-12,0.0,0.9364125896608708,0.42940186670353264,0.6439463414634147,medium
2023-06-30,MOEX,0.32714641927520977,0.5585992027558658,0.11425437796892444,1.0,0.06462496755774727,0.09124767225325892,0.2506480671975251,0.10856857810431061,-0.0590802805923617,675691721.65,1.324238208069025e-11,0.0,0.6142066287763118,0.5352392847006437,0.3685024390243903,medium
2023-06-30,MTLR,0.10594142473106669,0.47886701570824175,0.4151915595606914,1.0,0.0461681590882661,0.1771017337258749,0.31683531864137554,0.24254135918786834,-0.1642810832377437,767097317.085,1.4299806215174473e-11,0.0,1.7419987413148679,0.6552754417414555,0.6707317073170732,medium
2023-06-30,MTSS,0.11623170746914527,0.5826721634677273,0.30109612906312744,1.0,-0.064912557113597,0.16486751717369974,0.46428834483205106,0.3755064105444906,-0.1446894365182303,2239696747.25,3.3373499073922507e-12,0.0,0.8167074858316363,0.400485782585628,0.618980487804878,medium
2023-06-30,NLMK,0.1290267839286404,0.7508019946312794,0.12017122144008023,1.0,0.16810927779280505,0.3042887345212928,0.3549378850366758,0.12547796145374562,-0.0923230593607306,1062652358.5,1.532481579534613e-11,0.0,1.0122941307801672,0.6093484726422306,0.4911121951219513,medium
2023-06-30,NVTK,0.18313964565696098,0.6956074817349776,0.12125287260806149,1.0,0.031844179935075045,0.11417125688532792,0.24141139026373418,0.18371982211217314,-0.09367541766109777,1337015125.3000002,7.170935310774323e-12,0.0,1.1500051904996453,0.7378511068885074,0.4484536585365855,medium
2023-06-30,OZON,0.10343906994847345,0.45861095378131816,0.43794997627020854,1.0,0.11646358741853224,0.0993303571428572,0.34528079218956487,0.1875545265589308,-0.1383647798742138,565541126.0,1.957748664805868e-11,0.0,1.1952682574258973,0.6204390900358603,0.680390243902439,medium
2023-06-30,PHOR,0.5738208411714756,0.34020103980167427,0.08597811902685015,1.0,-0.04618997912317324,0.0012327078482399223,0.12144132788834004,0.09068224523702634,-0.049661986479459186,480124855.0,1.0018458600095863e-11,0.0,0.47833529822340576,0.5415314305222928,0.2627219512195122,low
2023-06-30,PIKK,0.14681503474268906,0.7323056033001365,0.12087936195717436,1.0,0.09723628997250744,0.1612557427258805,0.22852724894460932,0.1402521818715222,-0.100784973366975,229414684.14999998,2.831421127951824e-11,0.0,0.8618577628496742,0.5715313968962549,0.47570243902439024,medium
2023-06-30,PLZL,0.12990887631390932,0.7498749235136924,0.1202162001723983,1.0,0.017086373264297627,0.11095115681233936,0.2391902165294636,0.14779289294314038,-0.0734000465441006,177319062.6,3.4549265561187266e-11,0.0,0.9040339660762465,0.5737349033056403,0.4903073170731708,medium
2023-06-30,POSI,0.25307348932972573,0.6277661491066907,0.11916036156358362,1.0,0.06444397102684274,0.15713293191292266,0.2723781259258436,0.10227103464585648,-0.05606723463043983,293850312.6,3.783262984518808e-11,0.0,0.5967554679532673,0.4537348794320556,0.4058487804878049,medium
2023-06-30,RNFT,0.04606655689993245,0.1430326042094533,0.8109008388906142,1.0,0.19159663865546217,0.013581129378127166,0.48630179261890144,0.2659488711640643,-0.24645161290322581,273918660.4,5.2074204648349455e-11,0.0,0.9990986339698693,0.32997489058003926,0.8585073170731705,high
2023-06-30,ROSN,0.6830818911592706,0.24782238809895513,0.06909572074177416,1.0,0.06832779623477303,0.2367948717948718,0.17850113967715056,0.11040822279079127,-0.05594405594405594,1559566750.3,4.270518708003539e-12,0.0,0.7908061915929201,0.6829360227849218,0.213609756097561,low
2023-06-30,RTKM,0.1369707699070018,0.7424915180871583,0.12053771200583982,1.0,-0.0004174784302811707,0.1548231511254019,0.2922397737720665,0.13634282876669668,-0.053121208035593837,231937907.55,5.32327109368809e-11,0.0,0.8893135224275861,0.5863318863082722,0.4840243902439025,medium
2023-06-30,RUAL,0.2017163025703673,0.6772779701601411,0.12100572726949156,1.0,-0.001272912423625372,-0.02932079673388599,0.18160537309361996,0.09879882190454703,-0.12576896787423109,598777768.1500001,1.0884118604779008e-11,0.0,0.7169205459487585,0.6431625496701294,0.43612195121951225,medium
2023-06-30,SBER,0.5300866174032307,0.3778709054737789,0.09204247712299027,1.0,-0.00848299263427954,0.11534701857282492,0.17051007946205377,0.18302944113468192,-0.06413321243096204,9337891803.3,7.469187269534055e-13,0.0,0.4753366787050453,0.3459323328833742,0.2811512195121951,low
2023-06-30,SGZH,0.11524879647387493,0.5702966441085718,0.31445455941755324,1.0,0.14115579851620463,0.07781670661995199,0.26981497800749066,0.19687203727706343,-0.11343439623627805,306050036.75,3.554119751100083e-11,0.0,1.0708783778718918,0.6112205008891296,0.6254682926829268,medium
2023-06-30,SIBN,0.13392226490592418,0.7456705712858196,0.12040716380825617,1.0,0.01979911145451041,0.09726696456406536,0.15113087618432958,0.1912441907304552,-0.0739429695181908,173453535.79999998,3.296386692718887e-11,0.0,0.8564119878436793,0.5914324896042034,0.4867024390243903,medium
2023-06-30,SMLT,0.12050179701564215,0.6587008880695071,0.22079731491485066,1.0,0.01717872481004301,0.19341085271317837,0.3483306124310345,0.20162899957729352,-0.10222141954126784,864125272.0,1.2674842272185482e-11,0.0,1.48295069534214,0.6557854023754129,0.5756975609756098,medium
2023-06-30,SNGS,0.12112011923045797,0.7215961987431123,0.15728368202642984,1.0,0.15141700404858316,0.14492753623188404,0.27007671280046786,0.17287737973808792,-0.11870845204178537,905586661.5,1.598828117750102e-11,0.0,1.235223953230547,0.7303433553669723,0.5326585365853659,medium
2023-06-30,SPBE,0.08119269860590957,0.31234954131883025,0.6064577600752602,1.0,0.0677856681730149,0.08175277959450611,0.3733134288007713,0.18966934893484283,-0.12559808612440193,268133653.0,5.3382413172653135e-11,0.0,1.3765156699373426,0.6793971542809402,0.751351219512195,high
2023-06-30,T,0.11907133190265856,0.6260926422943097,0.2548360258030317,1.0,-0.0021296014602980584,0.3096426432421642,0.29054912104154856,0.16937284613019807,-0.09189417393751764,112284773.94999999,1.2150415631662392e-10,0.0,1.4880071786418536,0.6605719414553403,0.5951121951219512,medium
2023-06-30,TATN,0.41894036839425985,0.4755212247821123,0.10553840682362789,1.0,0.12302909171663323,0.3214005748628168,0.2610714973889631,0.13962804943595655,-0.07285089849441473,1167462715.3,5.698993563797084e-12,0.0,0.9266185087757287,0.6423509525428609,0.32766829268292685,medium
2023-06-30,VKCO,0.11979788026336918,0.757786067921774,0.12241605181485686,1.0,0.07092941998602376,0.3003818413237167,0.35163480773629874,0.16156505687218292,-0.07772020725388595,830570013.0,1.1687553780460295e-11,0.0,1.562146331656136,0.6991768890209439,0.5027024390243903,medium
2023-06-30,VTBR,0.12008187902902896,0.7525823461320231,0.12733577483894787,1.0,0.012135355892648692,0.06455571919489467,0.2838065877736851,0.2293842051337831,-0.09446322907861371,13626495620500.0,5.293363359040331e-16,0.0,1.4084994348163202,0.5823814233971684,0.5073317073170732,medium
2023-06-30,WUSH,0.09937054573518007,0.4279272952132022,0.47270215905161767,1.0,0.05776726057906445,0.13226383232343308,0.2506595200018667,0.20473722216599458,-0.19062259800153725,92342691.83,9.777535292986658e-11,0.0,0.7793377948158136,0.3011188273989892,0.6949512195121951,high
2023-07-31,AFKS,0.14718351569178184,0.7319265842817316,0.12088990002648638,1.0,0.07390760127446505,0.25808171698993543,0.24450767178480856,0.13346328047268918,-0.04840182648401825,677357356.65,1.5481642876620176e-11,0.0,1.2065756324121488,0.7331134583440552,0.47540000000000004,medium
2023-07-31,AFLT,0.12081129557784691,0.7346331441347783,0.14455556028737476,1.0,0.0812796208530806,0.21195219123505993,0.20412279135152286,0.13544858931577033,-0.06154910096818811,471809673.75,1.353465360077506e-11,0.0,1.2591129563635675,0.7283381069354316,0.522429268292683,medium
2023-07-31,ALRS,0.35007614508194196,0.5376061871371408,0.1123176677809173,1.0,0.1993266937859446,0.29820832068023084,0.2592108006493435,0.11496822170198209,-0.03477633477633468,1522706833.8,7.461005494539317e-12,0.0,0.8303836206618207,0.5654688433075628,0.35789756097560976,medium
2023-07-31,BSPB,0.06057015028911119,0.20654217756633134,0.7328876721445575,1.0,0.3434207302131831,0.2735191637630663,0.3485960894848935,0.5061692325072292,-0.16732142857142862,267617849.0,4.639427666627507e-11,0.0,1.4663170558598924,0.480281373442048,0.8116487804878049,high
2023-07-31,CBOM,0.12094843210910076,0.6746101750139512,0.204441392876948,1.0,0.07083825265643462,0.10273556231003034,0.16101329782600646,0.13542939884157842,-0.08268615806304247,166377835.5,4.092336861153609e-11,0.0,0.4751927264820491,0.4034834576237154,0.5656146341463415,medium
2023-07-31,CHMF,0.5801043654531376,0.3348217402999002,0.08507389424696231,1.0,0.12190319934372429,0.4198504983388702,0.18919256424894548,0.07124702788429439,-0.020994256288373814,970350413.7,1.0444634523346171e-11,0.0,0.8530851782732678,0.5298232600491614,0.2600390243902439,low
2023-07-31,ENPG,0.07421134896726744,0.27418015277150165,0.6516084982612309,1.0,0.12265331664580748,0.21902604756511912,0.380389988754022,0.16072787232270885,-0.0736842105263158,199864499.39999998,5.036977421188287e-11,0.0,1.6049145778298815,0.7154424177973325,0.7715658536585366,high
2023-07-31,FEES,0.04803912628858632,0.1512040794736944,0.8007567942377193,1.0,0.2160764027059292,0.14887218045112793,0.4321621150436609,0.22323726735478153,-0.1621187800963082,213959956.8,3.1935010124605625e-11,0.0,1.3414629365335373,0.5362955477052167,0.8516926829268292,high
2023-07-31,FLOT,0.12297786778285846,0.7571899590036033,0.11983217321353841,1.0,0.12045454545454537,0.7405119152691968,0.2946731711414894,0.1491127607853117,-0.05708682863056991,1115995624.65,1.0976325279738158e-11,0.0,1.4917474222852811,0.49188021063709325,0.4967609756097562,medium
2023-07-31,GAZP,0.2537077989452297,0.6271637038305204,0.11912849722424998,1.0,0.04501858290372862,0.0038581135552229195,0.14774383991287104,0.10877764659074803,-0.09768766756032166,2813635278.35,1.961264570541242e-12,0.0,0.8228286948924951,0.6998600325787666,0.4055024390243903,medium
2023-07-31,GMKN,0.12024577953567514,0.6515679659581447,0.22818625450618021,1.0,0.1367160930485647,0.15494125777470646,0.2322258966972872,0.1156863230309363,-0.0520954223081882,18651303.93,4.234503470696548e-10,0.0,0.8276090771572107,0.7018981533052999,0.5800780487804879,medium
2023-07-31,HYDR,0.12096935969616904,0.6755568325285045,0.2034738077753265,1.0,0.01576550274436528,0.09230189627024998,0.1802558836188189,0.11136541911085368,-0.0697909642616319,105474770.4,4.120447996830613e-11,0.0,0.8766623469112613,0.6676251784380928,0.5650000000000001,medium
2023-07-31,IRAO,0.1331759374940998,0.7464507415456575,0.1203733209602426,1.0,0.03430702299564947,0.04299323138631239,0.13689826225153523,0.1259192972416744,-0.09069048436963245,386928706.6999999,1.311776667872809e-11,0.0,0.42407498798363286,0.3925521238727229,0.4873658536585366,medium
2023-07-31,LKOH,0.13350476772555644,0.7461069076811312,0.1203883245933122,1.0,0.16534196840349336,0.30577240241891146,0.19834984603480613,0.2044677099667725,-0.11505981703026036,5312273022.0,1.4366141201728872e-12,0.0,0.8169727277987637,0.4667753420151493,0.4870731707317073,medium
2023-07-31,MAGN,0.5308337392649592,0.37722397432171567,0.0919422864133251,1.0,0.12465839815009461,0.4001570269562942,0.17887384469097362,0.11310024449609858,-0.039394589952769454,935570143.5500001,6.880483864544777e-12,0.0,1.0618827597441958,0.6515995598298318,0.28083902439024394,low
2023-07-31,MGNT,0.12120231642860448,0.689729995603726,0.1890676879676695,1.0,0.10072147332447323,0.30280898876404505,0.24248070842151012,0.2244100037591157,-0.12761822500539843,3690311688.25,2.6195977678252755e-12,0.0,0.8641727438867686,0.3655963250052206,0.5555804878048781,medium
2023-07-31,MOEX,0.20419533652899158,0.6748508488935331,0.12095381457747532,1.0,0.09665275390784855,0.22688152353048885,0.18615831749215048,0.10867461334126617,-0.0590802805923617,493461997.0,1.6933943972664397e-11,0.0,0.750367742350445,0.5638269521770828,0.4345414634146342,medium
2023-07-31,MTLR,0.09671850518036296,0.40913642320781224,0.4941450716118248,1.0,0.208186938821036,0.2055648302726767,0.39669804042461737,0.13986766368488518,-0.12285460900412126,880689766.0899999,1.4230167273027697e-11,0.0,1.3970921548092097,0.5809346709239617,0.7038780487804879,high
2023-07-31,MTSS,0.12126564848815422,0.7078397508926213,0.17089460061922448,1.0,0.007991660875608098,0.0792410714285714,0.14934326706159012,0.34258772211210314,-0.1712062256809338,1327935554.5,3.999711352164064e-12,0.0,0.8221309899604585,0.36275430702507244,0.5428829268292683,medium
2023-07-31,NLMK,0.42446552166310725,0.4705967231361235,0.10493775520076924,1.0,0.20150017047391744,0.6332457902054687,0.2494898871278095,0.10115721361886207,-0.04576058427479168,1162891842.6,6.4266714487396936e-12,0.0,1.0226463061977522,0.5719048615920681,0.3253170731707318,medium
2023-07-31,NVTK,0.49600971899777696,0.40750733638624326,0.09648294461597966,1.0,0.14897156684815482,0.23548544478777056,0.18381404901797876,0.09019610240865096,-0.051850784963272334,1449892739.0,6.711978059999353e-12,0.0,0.8955393934637463,0.6272751591671979,0.29534634146341465,low
2023-07-31,OZON,0.12042264003417313,0.7453081814736373,0.1342691784921896,1.0,0.25690679060160093,0.4818873668188737,0.3200951576104549,0.14378754009609113,-0.058521057786483865,684542536.5,9.71992651799544e-12,0.0,1.1569623273424234,0.5413506762152687,0.5136048780487805,medium
2023-07-31,PHOR,0.34435438392823337,0.5428284088288569,0.11281720724290972,1.0,0.04746044962531215,0.06175270783513853,0.10058371922815998,0.08627746962081788,-0.0679927197087884,495742715.0,9.217000693364689e-12,0.0,0.3982830403551003,0.4134417745405586,0.3605121951219512,medium
2023-07-31,PIKK,0.11989691307038883,0.6430437765449537,0.23705931038465738,1.0,0.016731517509727567,0.1802168021680215,0.2311349233110308,0.16339631710158556,-0.050956231549223574,203676292.35,3.9870897898501574e-11,0.0,1.0243354337905144,0.64872184092495,0.585209756097561,medium
2023-07-31,PLZL,0.12011385756190714,0.6482106467776474,0.2316754956604454,1.0,0.10963889148082484,0.12453900709219856,0.18138612177501118,0.14974008953278417,-0.0734000465441006,200398139.84999996,2.3555652339597015e-11,0.0,0.9055513671049412,0.5758896787695793,0.5821121951219512,medium
2023-07-31,POSI,0.2812984116292176,0.6011417136062674,0.11755987476451495,1.0,0.08586313996593531,0.27686145146088603,0.228299960741986,0.09828722603740789,-0.03507043641020591,291597636.4,1.734298969484096e-11,0.0,0.6070189015117647,0.40136914390097495,0.39094146341463415,medium
2023-07-31,RNFT,0.12125635674127636,0.6961909863353184,0.18255265692340528,1.0,0.18508092892329353,0.4417808219178083,0.3776166429631195,0.1049589589546367,-0.06095110515740132,303077752.95,3.4071285829975045e-11,0.0,0.7725759837563496,0.3123355603032283,0.5511414634146342,medium
2023-07-31,ROSN,0.7105625001648512,0.2249792396293689,0.06445826020577994,1.0,0.06421922393055124,0.3389919726279773,0.17027073434104312,0.08886407211512092,-0.03766594627971598,1372924254.9,5.374309522421317e-12,0.0,0.7568058032079901,0.5966774365499291,0.19999512195121952,low
2023-07-31,RTKM,0.11994728744547226,0.7551274336728584,0.12492527888166922,1.0,0.034439834024896365,0.14690998313142178,0.1732339507316984,0.14151323815254235,-0.053121208035593837,195487121.95,2.1742518924234354e-11,0.0,1.119090629842218,0.6676366764304337,0.5050829268292684,medium
2023-07-31,RUAL,0.12969992303578567,0.7500944318040296,0.12020564516018478,1.0,0.11495268138801262,0.099004975124378,0.2418930771802438,0.08676370266122078,-0.06891531181752009,772251948.6500001,1.0213431224753854e-11,0.0,0.8850081709200869,0.6697090413625265,0.4904975609756098,medium
2023-07-31,SBER,0.12030308825785804,0.7480194109467677,0.13167750079537416,1.0,0.0989191632762092,0.1193436309598559,0.2771004943547421,0.16682887776230104,-0.06174854685882647,8812625649.55,6.07054569166907e-13,0.0,0.5433100660097177,0.33214408213083835,0.5112926829268293,medium
2023-07-31,SGZH,0.08694129954190362,0.34599468612629547,0.5670640143318009,1.0,0.0895997320381845,0.22270249953016363,0.3886791432618524,0.1779147690313083,-0.10280373831775702,720110775.5,1.6690925708207077e-11,0.0,1.0343415984066595,0.47685301347623177,0.7344048780487805,high
2023-07-31,SIBN,0.11767965681142292,0.6029354014862172,0.27938494170235995,1.0,0.0968388883583231,0.21947334890634962,0.19681395495853757,0.17581283207220513,-0.07236363636363641,260761463.95000002,2.6936595061271528e-11,0.0,0.8632582156166841,0.5491855013931405,0.6080780487804878,medium
2023-07-31,SMLT,0.11252630472027686,0.539772626936503,0.3477010683432202,1.0,0.20989872590656655,0.46210027635215156,0.35683848585386774,0.17482992496780253,-0.08376327769347491,1211822336.25,1.612646082611576e-11,0.0,1.662360884999881,0.6500311543264988,0.641019512195122,medium
2023-07-31,SNGS,0.1628950112894448,0.7159031662558605,0.12120182245469481,1.0,0.06584362139917688,0.2644873699851411,0.2152386282817531,0.15933039177067373,-0.05239138371668506,732289566.5,9.586884934579818e-12,0.0,1.2337934044722634,0.7271938727865268,0.4630439024390244,medium
2023-07-31,SPBE,0.10837796807760183,0.49988886186309084,0.39173317005930725,1.0,0.13033033033033026,0.2555036691127417,0.42573514709592386,0.15437328549960488,-0.056516724336793556,403056719.6,2.946571700855597e-11,0.0,1.338818931621202,0.5701039205660765,0.660619512195122,medium
2023-07-31,T,0.07810903474776625,0.29515506251793827,0.6267359027342955,1.0,0.09764778706282873,0.33704052780395855,0.30235711769107915,0.16802390519749202,-0.0965381367858148,106032358.95,1.1132315525298797e-10,0.0,1.6033025851337341,0.6719246728113665,0.7603024390243902,high
2023-07-31,TATN,0.5025650993117151,0.40178627956051627,0.09564862112776865,1.0,0.04679064187162574,0.34922680412371143,0.18226597946455406,0.102458935731886,-0.05262135922330102,974954279.2,7.1661607224458915e-12,0.0,0.672131528386014,0.46980388079473123,0.292619512195122,low
2023-07-31,VKCO,0.12207493102539793,0.7581482502838569,0.11977681869074515,1.0,0.1743690593248115,0.5175772977551885,0.25923678040896286,0.11583436594319722,-0.06018085438104148,665710507.5,1.456902142823979e-11,0.0,1.315229994237944,0.5702952543920229,0.49762439024390254,medium
2023-07-31,VTBR,0.12126804562502874,0.7072393857547694,0.17149256862020182,1.0,0.168628338614758,0.22374970372126124,0.2890431988698828,0.15161203391444517,-0.09446322907861371,11125503605875.0,6.730162665099945e-16,0.0,1.3702478001430038,0.6339121955550071,0.5433170731707317,medium
2023-07-31,WUSH,0.11239031072397568,0.5383581643669461,0.34925152490907835,1.0,0.0679006852362729,0.12422709387296238,0.21430054571856239,0.1352590448608684,-0.07872484356502618,70585031.91,8.582431703343916e-11,0.0,0.6268013012841245,0.362158493491964,0.6417268292682927,medium
2023-08-31,AFKS,0.12093287403528538,0.6739248178343734,0.20514230813034123,1.0,-0.02894417155231599,0.1762635956493923,0.2743836490222718,0.15123449895728494,-0.07843447948027249,825967585.1,1.5485635870365247e-11,0.0,1.1938020630468553,0.7782980685083203,0.566058536585366,medium
2023-08-31,AFLT,0.2200905565703004,0.6593848633032945,0.12052458012640518,1.0,-0.03188915768638656,0.11471258546467467,0.15074717440146584,0.13385020796199992,-0.06154910096818811,508431463.3,1.3132582956568852e-11,0.0,0.8712199327817244,0.655991411834903,0.42472682926829275,medium
2023-08-31,ALRS,0.11544957798084463,0.5727523318002417,0.3117980902189137,1.0,-0.08366219415943177,0.23173688996665653,0.35342056800649957,0.18559568559180822,-0.1164383561643837,2444483118.3500004,6.293282903682566e-12,0.0,1.2275306745908803,0.684035580640503,0.624190243902439,medium
2023-08-31,BSPB,0.12080780984835472,0.6688742373446211,0.2103179528070241,1.0,0.16504032258064516,0.7106571936056838,0.6021166273901923,0.13965417807194716,-0.07706978169805534,1023991113.9,1.4313398278421718e-11,0.0,0.3054658079934041,0.10199055069219344,0.5693024390243903,medium
2023-08-31,CBOM,0.11991483136757528,0.7557189570071834,0.1243662116252414,1.0,-0.04252733900364525,0.1462744464199126,0.20639632962899646,0.12189080884550692,-0.07766859604253595,272071835.1,4.1954612775735595e-11,0.0,0.7118635709782365,0.6601960100589788,0.5045560975609756,medium
2023-08-31,CHMF,0.12065415649872911,0.7393829945379911,0.13996284896327982,1.0,0.020300214438885078,0.398589065255732,0.3071044432767885,0.139668384477172,-0.0864903502501787,1832818555.2,8.883702801915719e-12,0.0,1.2067885787523234,0.6781295292741765,0.5185560975609756,medium
2023-08-31,ENPG,0.06226504540041615,0.21450161607563478,0.7232333385239491,1.0,-0.050811573747353456,0.1918475852902084,0.33659225681025995,0.22642621514084033,-0.10155148095909738,163258924.5,5.69909472772388e-11,0.0,1.5700088805779133,0.7031666339941925,0.8065414634146342,high
2023-08-31,FEES,0.09875462720149045,0.42348630980336144,0.47775906299514814,1.0,0.05269022604266138,0.402247667514843,0.3739298093044496,0.19898868738868186,-0.0810608330836079,506302175.0,2.883202704904919e-11,0.0,1.491549157182799,0.6705116167690687,0.6970585365853658,high
2023-08-31,FLOT,0.18432509227712476,0.6944299189058484,0.12124498881702678,1.0,0.03512472487160667,0.24580573951434892,0.36916613187360336,0.1352384414670802,-0.05548422597212044,1889472535.15,6.302658888247497e-12,0.0,1.0261033486942701,0.48075807313166147,0.44763902439024394,medium
2023-08-31,GAZP,0.7100254110021442,0.22542413819783097,0.06455045080002476,1.0,0.00502540937323559,0.08102034618888543,0.1428988886414541,0.08892934289631127,-0.0370068660537648,5038422992.15,1.006071207375841e-12,0.0,0.667018446816437,0.7393678199500304,0.20026829268292684,low
2023-08-31,GMKN,0.12121607134093969,0.6910476732100489,0.18773625544901149,1.0,0.010930930930930893,0.15066994804484546,0.21142401005739475,0.13789119640203665,-0.06423529411764695,23202288.07,3.504045231991077e-10,0.0,0.8606375302840245,0.6765104659360918,0.5546829268292683,medium
2023-08-31,HYDR,0.0918749149211232,0.3767894593133104,0.5313356257655665,1.0,0.0386468370339339,0.1145201168801977,0.3649927067393036,0.16754584166208678,-0.08012149141181402,390134313.4,2.9591025416127756e-11,0.0,1.201741493139435,0.5735038243286136,0.719370731707317,high
2023-08-31,IRAO,0.319926438127037,0.5652464440592426,0.1148271178137204,1.0,-0.022274052478133965,0.02694757471827547,0.17443438937920674,0.11207486468845183,-0.05422740524781344,446777509.6,8.309059591403795e-12,0.0,0.6848834815213117,0.7553762156801326,0.37191707317073175,medium
2023-08-31,LKOH,0.5208296023439852,0.38589652781750083,0.09327386983851386,1.0,0.10966693744922829,0.33895314644187424,0.2770114999625567,0.12979297298701056,-0.051390853371051426,8328181245.75,1.3209018776230263e-12,0.0,0.8161491246058531,0.5886383781581346,0.2850146341463415,low
2023-08-31,MAGN,0.1205983034151026,0.7409105112597024,0.13849118532519492,1.0,0.018352812271731134,0.35532871551828893,0.2837632340597734,0.14850958685855728,-0.08537253469685901,1478622235.8,8.879641902805311e-12,0.0,1.2500669099085635,0.7420010681535026,0.5172926829268293,medium
2023-08-31,MGNT,0.2026930019011738,0.6763212183138388,0.12098577978498733,1.0,0.04683195592286493,0.4304199505940478,0.30261498697431605,0.1603594295042886,-0.06779661016949157,3756363570.75,4.139788189239001e-12,0.0,1.0936452639714098,0.5306637413267788,0.4354975609756098,medium
2023-08-31,MOEX,0.14931402890218862,0.7297381790606008,0.12094779203721058,1.0,0.28276735180220425,0.40669661086157616,0.37700399059163886,0.14355366859209215,-0.0590802805923617,2061255434.5,9.756048236007484e-12,0.0,0.8527193317550449,0.5062311649473631,0.4736634146341464,medium
2023-08-31,MTLR,0.08588297649948348,0.33963234014455,0.5744846833559666,1.0,-0.12306317044100124,0.16851956891661923,0.39719518658095865,0.19755961279373963,-0.13822866618478669,1816157482.565,8.569939336293402e-12,0.0,1.4355976094636993,0.6152555146157481,0.7375609756097561,high
2023-08-31,MTSS,0.11987180471900713,0.6424702027920748,0.237657992488918,1.0,-0.022871883061048925,-0.13012859767299445,0.2096702277980827,0.33208014481057696,-0.18893212278426286,1495786008.75,3.891696507888215e-12,0.0,0.6955581301015479,0.3793002646794733,0.5855512195121952,medium
2023-08-31,NLMK,0.12093339288031897,0.6739474342135887,0.2051191729060923,1.0,-0.03867871259175604,0.3640005341167045,0.28748522953341316,0.15565241071472552,-0.10107284020327512,1398210447.0,9.73910914732206e-12,0.0,1.2395255746170448,0.6750507108495832,0.5660439024390244,medium
2023-08-31,NVTK,0.5468194484082817,0.3634105932946023,0.08976995829711597,1.0,0.05142286570144772,0.2627791935242092,0.214813267073956,0.11017601139565586,-0.051850784963272334,1831600505.1,5.4480293888241415e-12,0.0,0.8559402474081909,0.7011866286083839,0.27414146341463413,low
2023-08-31,OZON,0.11984887752961008,0.7568966490943155,0.1232544733760742,1.0,0.055991041433370636,0.45337785769329564,0.3782187751860136,0.1755973023677909,-0.058521057786483865,2028277619.0,7.284534298021901e-12,0.0,1.5031381350096453,0.661225544283631,0.5035024390243903,medium
2023-08-31,PHOR,0.4958689896190779,0.4076302601823508,0.0965007501985714,1.0,-0.034072900158478636,-0.01228899392302496,0.15973553835731136,0.07632409742634555,-0.05058932591709708,745432199.0,5.721661100562521e-12,0.0,0.27994563436126674,0.3735946522255821,0.29540487804878046,low
2023-08-31,PIKK,0.07516553283142957,0.27924045979165657,0.6455940073769139,1.0,-0.013597328244274731,0.16940045248868763,0.390806832142524,0.18864005692366334,-0.0878394332939787,509029475.25,3.0666372243851444e-11,0.0,1.3655154440023782,0.7429442187078297,0.7688097560975609,high
2023-08-31,PLZL,0.18769295973591948,0.6910905446828113,0.12121649558126933,1.0,-0.012647519140476349,0.13145904023267074,0.1923406280314259,0.11183956590197831,-0.052430205179953004,134268697.10000002,5.0958444727235925e-11,0.0,0.6721986227395271,0.5706055815931105,0.4453463414634147,medium
2023-08-31,POSI,0.12079550112363573,0.7351464816811191,0.14405801719524514,1.0,0.06937471474212686,0.23758715402493125,0.32629995461691086,0.13526657190469857,-0.040825563501403206,386764289.8,3.528679233181663e-11,0.0,1.0635781422523116,0.6568792703859454,0.5220146341463415,medium
2023-08-31,RNFT,0.12072486480580685,0.7373375695094193,0.14193756568477378,1.0,0.08219178082191769,0.4374999999999998,0.39226645421600925,0.14425405471692773,-0.07248596222562542,892481388.6,7.28796144281276e-12,0.0,0.4931286637159906,0.2131342933834805,0.5202341463414634,medium
2023-08-31,ROSN,0.5613881172934683,0.35086884669537266,0.0877430360111591,1.0,0.05591418264666781,0.2094161139502011,0.22110500855909293,0.12122935533173561,-0.03766594627971598,1968040746.35,3.716040057767981e-12,0.0,0.752777335258042,0.6510944490442457,0.268,low
2023-08-31,RTKM,0.11996212758809206,0.644555837394011,0.23548203501789688,1.0,-0.03949367088607603,0.06408638339643802,0.2185791601476198,0.15894716077139362,-0.06303797468354433,221047221.39999998,2.6898849193725183e-11,0.0,1.036455668980689,0.7502622236097689,0.5843073170731707,medium
2023-08-31,RUAL,0.11969223238324037,0.7595740870610223,0.12073368055573729,1.0,-0.045779847779166216,0.09460516028146992,0.22593387293160624,0.13192947131632624,-0.0739022181982798,832009436.5,9.518994197319322e-12,0.0,0.887015574061811,0.6668354260373752,0.5010829268292682,medium
2023-08-31,SBER,0.6221979181097543,0.2989956336631308,0.07880644822711491,1.0,-0.015829958009735745,0.09782383419689133,0.18770264936953662,0.10215361433085451,-0.04864181933038547,9680321584.5,5.239231909602759e-13,0.0,0.8922291179721189,0.7025886883667091,0.2417170731707317,low
2023-08-31,SGZH,0.1181777164354553,0.6106841016325844,0.2711381819319604,1.0,-0.08021140991761233,0.14161682423306976,0.21445000522806346,0.1602255974775694,-0.09790962188748853,549245511.05,1.6488576797047274e-11,0.0,1.0472807543461784,0.5593798576325452,0.6038048780487806,medium
2023-08-31,SIBN,0.29747635037531894,0.5860373400547354,0.1164863095699457,1.0,0.11315115286080268,0.26676384839650136,0.27555281198673665,0.13014688340406672,-0.036644798500468534,545807094.15,1.4297419667830857e-11,0.0,0.813360013530524,0.6233375278916476,0.38280487804878055,medium
2023-08-31,SMLT,0.1206592586106161,0.6636409466668842,0.21569979472249975,1.0,0.0035605960701570183,0.25020535567603086,0.30176384833056125,0.1573343760913771,-0.08376327769347491,1086795121.25,1.0651498612109177e-11,0.0,1.2539441260005402,0.6296763430048139,0.5726146341463415,medium
2023-08-31,SNGS,0.11986334636098768,0.7566409987837938,0.12349565485521856,1.0,-0.01400031461381157,0.2466189339697693,0.24484798113431372,0.17640881688904905,-0.06385616862988219,923699463.0,9.289490927441886e-12,0.0,1.1213075124483887,0.6941851901117593,0.5037317073170732,medium
2023-08-31,SPBE,0.0781730796912506,0.2955066061606451,0.6263203141481043,1.0,-0.01305767138193692,0.13445903689806138,0.30819638001982064,0.162930600061344,-0.11192087454450805,255277728.0,3.6358747175445704e-11,0.0,1.3386564342519323,0.6071120363688908,0.7601170731707316,high
2023-08-31,T,0.07911951107793151,0.3007286274879217,0.6201518614341469,1.0,0.008656224237427956,0.11871380676622967,0.30190213677126143,0.17748394403210163,-0.0965381367858148,167521450.1,4.7698910104230785e-11,0.0,1.3332652438142762,0.7496844858477509,0.7573756097560975,high
2023-08-31,TATN,0.5620683079057893,0.3502843797146962,0.08764731237951455,1.0,0.07759722475807918,0.25387720416401116,0.18432702676709034,0.12723315181447462,-0.05262135922330102,1772182700.0,4.5869444477855494e-12,0.0,0.7357544311630423,0.5867734846179607,0.2677121951219512,low
2023-08-31,VKCO,0.08872412923322837,0.3568993593603092,0.5543765114064624,1.0,-0.0016047071409467373,0.17834595959595956,0.44647152884292335,0.18936949052299284,-0.09232736572890032,1397835390.0,1.3330169894782392e-11,0.0,1.179378932321791,0.592733344870446,0.7290390243902439,high
2023-08-31,VTBR,0.2522887424579804,0.6285117497658363,0.11919950777618325,1.0,0.06483191725157011,0.2554442508710799,0.3892799302845704,0.12187734478959078,-0.06217162872154092,26467478811375.0,5.242761450598245e-16,0.0,1.2185243115152387,0.6399128363838885,0.4062780487804879,medium
2023-08-31,WUSH,0.06579055407796747,0.23144440363837776,0.7027650422836548,1.0,0.008514190317195247,0.13927392739273925,0.45923793875130925,0.21297976539067884,-0.07872484356502618,264983687.83999997,5.926912732059232e-11,0.0,0.7547307440633347,0.3847810727959556,0.7960682926829267,high
2023-09-29,AFKS,0.15013457057505608,0.7288967058810057,0.12096872354393812,1.0,-0.0634539904055823,-0.008541089566020288,0.20471502017621904,0.15179249495339167,-0.1073786510325887,570810465.1500001,1.6017552729642117e-11,0.0,0.9755657403900696,0.7873704755713051,0.4730000000000001,medium
2023-09-29,AFLT,0.11979019389599488,0.7579185868901851,0.12229121921381994,1.0,-0.05703249261531462,0.0016895969104513409,0.24565910549984388,0.13183289978055274,-0.12434554973821998,497886745.05,1.7703804574563463e-11,0.0,0.751127548889632,0.7382057942877394,0.5025829268292683,medium
2023-09-29,ALRS,0.11930991318286868,0.6306485980275108,0.2500414887896204,1.0,-0.10239571932384772,0.022582432806871555,0.27055341921678583,0.17607157392829978,-0.2402696238312677,1379139221.9,9.345053851898158e-12,0.0,1.1995737039819627,0.7442304657236067,0.5924878048780488,medium
2023-09-29,BSPB,0.3244912332891125,0.5610416274998441,0.1144671392110435,1.0,-0.0014806652663476028,0.7715193353289755,0.2792011944304995,0.152906499399128,-0.07706978169805534,769505244.45,1.3715832316835333e-11,0.0,0.38078983645992615,0.14864089752458606,0.3697536585365854,medium
2023-09-29,CBOM,0.2225548899997704,0.6570012775030577,0.120443832497172,1.0,-0.0026915993766822854,0.0321067292185897,0.1857961230037386,0.11452655445429123,-0.0985327769551757,220429417.2,3.975058454950875e-11,0.0,0.6854301765577808,0.7064801735888472,0.42325121951219513,medium
2023-09-29,CHMF,0.12060137953091363,0.7408282165519754,0.13857040391711095,1.0,-0.044146409611623194,0.14090378522594627,0.3266595555432891,0.15300421570430642,-0.11409021086440452,1374585203.5,8.54177327211086e-12,0.0,1.144227283238553,0.7933558128487784,0.5173609756097561,medium
2023-09-29,ENPG,0.07433884038651872,0.2748535592500658,0.6508076003634155,1.0,-0.026109660574412552,0.08071192052980147,0.3454203568735923,0.2248039984093432,-0.12729196050775748,179383117.70000002,8.850971624532643e-11,0.0,1.2967600658550948,0.7188624721319979,0.7711975609756097,high
2023-09-29,FEES,0.07008932854842503,0.2528434571084538,0.6770672143431212,1.0,-0.05248827711390114,0.2515484515484516,0.5764471251841383,0.2322732527807097,-0.20233518439413356,625528968.6,3.3782730749702363e-11,0.0,1.8789492503485903,0.7669920065537815,0.7835,high
2023-09-29,FLOT,0.14519565980345994,0.7339731552271186,0.12083118496942151,1.0,0.04947057802464849,0.3784769721842225,0.4137387496063456,0.1477336614844275,-0.09175266672448179,1415980256.4,1.0144799034967482e-11,0.0,1.0859250011045114,0.5517669534071341,0.4770390243902439,medium
2023-09-29,GAZP,0.583253188743956,0.3321291227032581,0.08461768855278583,1.0,-0.06245090337784753,0.004508837321149484,0.19585014245139953,0.0995544325779957,-0.09381850065760622,4964886840.4,1.593390808046298e-12,0.0,0.6846774223057486,0.7941374833160624,0.25869024390243905,low
2023-09-29,GMKN,0.18603186011562708,0.6927364731926952,0.12123166669167787,1.0,-0.03562492553318253,0.07347480106100779,0.1794577242636372,0.1387746331260887,-0.07246376811594202,18996455.439999998,4.836496784334038e-10,0.0,0.8242162228989315,0.7383637856824745,0.44647317073170734,medium
2023-09-29,HYDR,0.06323168098786734,0.21909447247930808,0.7176738465328246,1.0,-0.11590241927320588,0.03852556480380498,0.397160500101987,0.22038488973435655,-0.18525004864759687,457314472.25,5.255539351918148e-11,0.0,1.4255902824133548,0.6883197781220326,0.8036512195121952,high
2023-09-29,IRAO,0.15315224180715864,0.7258084446687433,0.12103931352409791,1.0,0.022145493511132486,0.08109809847626259,0.3051484402266957,0.13024245423613057,-0.0900187080444591,635079976.55,2.0937540026419728e-11,0.0,0.7795633711361636,0.6975446669376436,0.4705853658536585,medium
2023-09-29,LKOH,0.37262091240463924,0.5171294807753182,0.11024960682004262,1.0,-0.02082416776653473,0.22750252780586444,0.28275378768967724,0.1562124904219944,-0.08270676691729328,7724854877.5,1.4569832979695794e-12,0.0,0.9497684449115039,0.731058336350676,0.3477731707317074,medium
2023-09-29,MAGN,0.2496077780436806,0.6310612924006715,0.11933092955564789,1.0,-0.05135623869801076,0.10314372831458307,0.23781140711702678,0.13429993486318095,-0.1128844257150543,946711264.775,1.1859854503198415e-11,0.0,0.9727927031447308,0.7708000924491363,0.4077512195121951,medium
2023-09-29,MGNT,0.12109666393659065,0.6821453516426368,0.19675798442077252,1.0,-0.09427443237907207,0.033802816901408406,0.3237280446449494,0.17556701854408793,-0.13421828908554567,2416760506.25,6.79113247844299e-12,0.0,1.1329055690243421,0.7582302166864484,0.5606731707317074,medium
2023-09-29,MOEX,0.5818931574558914,0.333291859122863,0.0848149834212456,1.0,0.05052223917380605,0.4586116995274565,0.2847935072803353,0.12671562624483743,-0.03747694577646632,1852040348.4,3.4431677390086515e-12,0.0,0.8840556753083856,0.5800258570848493,0.2592731707317073,low
2023-09-29,MTLR,0.11869758231506808,0.6193687935934349,0.261933624091497,1.0,-0.01376191402450877,0.0945544821630957,0.2796387630376645,0.19945551560139954,-0.18886857434414728,1078462017.095,1.1617332803702122e-11,0.0,1.1563401049024673,0.6135968959789636,0.5989390243902438,medium
2023-09-29,MTSS,0.41329786242149,0.4805585327512955,0.10614360482721448,1.0,-0.030489954176947442,-0.07250042151407854,0.13838058682792762,0.09973058842370877,-0.10820648577101255,823115605.0,8.446803244601585e-12,0.0,0.546676046998205,0.6841280976430653,0.33007804878048785,medium
2023-09-29,NLMK,0.12512768960281379,0.7549133884732121,0.11995892192397402,1.0,0.036732673267326765,0.1548472482629315,0.32612552089315994,0.16802228852254816,-0.11961227178618494,1870699208.9,6.614013142799202e-12,0.0,0.8800386599546554,0.5895347300742754,0.4947268292682927,medium
2023-09-29,NVTK,0.554625273795995,0.35668522814735865,0.08868949805664632,1.0,-0.012914691943127887,0.1932111142938986,0.2254466257152655,0.10861242818771843,-0.0631529522244394,1240601739.4,9.764033249072033e-12,0.0,0.8846140980454067,0.8300139772633556,0.2708560975609756,low
2023-09-29,OZON,0.1020177797184744,0.44760581269670724,0.45037640758481834,1.0,-0.06392045454545459,0.34215885947046853,0.4633797953698132,0.2165362023589578,-0.16247255531160276,1138158757.0,2.1994591666015735e-11,0.0,1.7204086946242423,0.7561578571955957,0.6856170731707316,high
2023-09-29,PHOR,0.21047900029029046,0.6687173648604727,0.12080363484923687,1.0,-0.06013579049466533,-0.0822622107969152,0.20373817625985385,0.10946198146785645,-0.13876221498371333,727239518.0,9.72361980136675e-12,0.0,0.44834138887994446,0.5515125956387241,0.43059756097560975,medium
2023-09-29,PIKK,0.08753447355518897,0.34959629319070146,0.5628692332541096,1.0,-0.10012121212121217,-0.023671751709626543,0.29919772968208513,0.18847133443071346,-0.13766081871345037,270763146.8,4.8205529642252837e-11,0.0,1.3564190502699054,0.8230969420755324,0.7326268292682926,high
2023-09-29,PLZL,0.1825032181602778,0.6962401444064954,0.12125663743322689,1.0,-0.0343369418132613,0.06585764294049001,0.20594278035654903,0.12881367461411386,-0.08622546177420687,115710988.225,8.044486660962561e-11,0.0,0.6283835810259725,0.6252789023589478,0.44889268292682927,medium
2023-09-29,POSI,0.2510702102586622,0.6296701033738238,0.11925968636751401,1.0,-0.0026076716016150137,0.20010121457489882,0.2617713762829024,0.14193209045450558,-0.05332335080276174,508746257.0,2.2319890906893114e-11,0.0,0.9132766575301746,0.6522127417818367,0.4069463414634147,medium
2023-09-29,RNFT,0.07058239041856518,0.2553522847360633,0.6740653248453715,1.0,-0.10375771172181714,0.11436541143654111,0.5698290994790031,0.2934189132593643,-0.22511485451761104,919430288.5999999,2.6032297446308945e-11,0.0,1.1169911798478207,0.4720280782780588,0.782068292682927,high
2023-09-29,ROSN,0.19509960865109502,0.6837772406103705,0.12112315073853455,1.0,-0.039613699365107724,0.11318407960199006,0.27960981111686506,0.16691304731669213,-0.1223220456116102,2233968896.7,5.6746144295421315e-12,0.0,0.8454040003832927,0.724514077121253,0.44041219512195123,medium
2023-09-29,RTKM,0.12093668291005587,0.7301731961838936,0.14889012090605044,1.0,-0.03331138907175779,0.020147283590384868,0.2219290610370225,0.17504590486083785,-0.09493670886075944,276240421.0,2.949516093497273e-11,0.0,0.8406863947997044,0.7430975803563681,0.5259926829268293,medium
2023-09-29,RUAL,0.1203368439419707,0.7472736340037024,0.13238952205432694,1.0,-0.01538278082518496,0.0034026005589984365,0.2905484420131973,0.14529303527471352,-0.10140334993209588,760667564.5,1.3728568991756682e-11,0.0,0.8007923399026264,0.6343612109659529,0.5119317073170733,medium
2023-09-29,SBER,0.689314540000628,0.2426274045074035,0.06805805549196844,1.0,-0.016150943396226358,0.06997168301391232,0.1885237619368466,0.1127476792276708,-0.07041730147523328,11041703961.5,8.049907185750813e-13,0.0,0.8095814835216092,0.7197035354609238,0.21058292682926832,low
2023-09-29,SGZH,0.11014309421401601,0.5161185434495134,0.3737383623364706,1.0,-0.12933968686181085,-0.1660961695191524,0.26120671536542517,0.1377480384241327,-0.21764525053796502,353731602.1,3.439051975535115e-11,0.0,1.01264124836569,0.7986945556950293,0.6527219512195122,medium
2023-09-29,SIBN,0.1804465964877872,0.6982868593481101,0.12126654416410275,1.0,0.08466888418506202,0.38414045919351736,0.2914085043429718,0.15962896356500528,-0.04484768016522822,441560630.70000005,2.3806307466187698e-11,0.0,0.847813916214519,0.6506335757123345,0.450319512195122,medium
2023-09-29,SMLT,0.4000236842211438,0.4924423581359063,0.10753395764294975,1.0,0.010512483574244502,0.25797480778668413,0.21638545937514267,0.13453478608968164,-0.06664913895096625,600568536.75,1.7673458600387245e-11,0.0,1.0000395814182412,0.6477542421852291,0.33578536585365854,medium
2023-09-29,SNGS,0.11957806730249908,0.6360714528995303,0.24435047979797073,1.0,0.003820439350525451,0.12106666666666666,0.3317185768273858,0.16576907665845222,-0.11904024767801857,771998931.75,1.9595606154043802e-11,0.0,1.0320827518557067,0.7104180278134693,0.5893292682926828,medium
2023-09-29,SPBE,0.07405009542518877,0.27332960595239947,0.6526202986224118,1.0,-0.09281767955801112,-0.05902578796561608,0.30882744969499215,0.1807245780198437,-0.16970327954190523,163822089.75,7.36978176133055e-11,0.0,1.2385276675976833,0.7307915075712088,0.7720317073170733,high
2023-09-29,T,0.07615011071560167,0.28451182758548904,0.6393380616989094,1.0,-0.10468470943810959,0.01038759689922486,0.324200631103883,0.1904054856221889,-0.13383838383838376,154314863.3,1.0723188885486811e-10,0.0,1.377272413129135,0.8559720594130569,0.7659658536585365,high
2023-09-29,TATN,0.566397192094735,0.34656696901031947,0.08703583889494543,1.0,0.05463743676222599,0.24830339321357275,0.24170866458915538,0.13791050887093287,-0.045672309166400527,1638845461.5,7.0916895311430804e-12,0.0,0.7365155561330656,0.7134787056619455,0.2658780487804878,low
2023-09-29,VTBR,0.12074888262627095,0.7366105896805432,0.14264052769318603,1.0,-0.10732893365751994,0.14298421169668663,0.3099948056566678,0.18041953666220972,-0.1602662570404506,18227701338500.0,8.555577273565775e-16,0.0,1.4209661517805798,0.780887717029219,0.5208268292682928,medium
2023-09-29,WUSH,0.05007393573408012,0.1597839482211126,0.7901421160448072,1.0,-0.11811704625015451,-0.02668181818181825,0.3379513923514719,0.21528266092581558,-0.2010785824345147,129858357.75999999,1.5460866610991497e-10,0.0,1.0551110245898596,0.5910105009397482,0.8448390243902438,high
2023-10-31,AFKS,0.19386585426272285,0.6849925940320862,0.12114155170519102,1.0,-0.017692485016136406,-0.05854736260701454,0.16731640966168537,0.12453341529347026,-0.09644995722840044,395088072.05,1.8282783574225302e-11,0.0,0.8864905430133062,0.7643375260689484,0.4412241579558652,medium
2023-10-31,AFLT,0.11972106663030063,0.7590930811887994,0.1211858521809001,1.0,-0.03977550024402132,-0.1328779197884531,0.1380686111601729,0.1279565405732765,-0.14157940663176272,239544229.60000002,1.8371615119426778e-11,0.0,0.8406454107017072,0.8140234623396025,0.5015200929152148,medium
2023-10-31,ALRS,0.09615721305043394,0.4052647614561117,0.4985780254934544,1.0,-0.05623735670937291,-0.18741291221551326,0.2559195040451988,0.18962959824246653,-0.2402696238312677,880296154.65,7.86173932128636e-12,0.0,1.04569261506301,0.6470248291895355,0.7057219512195122,high
2023-10-31,BSPB,0.08194183774964278,0.31661229859593654,0.6014458636544205,1.0,-0.14609271071392027,-0.11845904641171923,0.29800528115214,0.1819314561739801,-0.20434170081967207,451833066.2,2.369517928571638e-11,0.0,0.14384397995628032,0.07589238065825057,0.7491658536585366,high
2023-10-31,CBOM,0.33413169986839425,0.5521852889250262,0.11368301120657963,1.0,0.024352036456849913,-0.0018040521787400232,0.13523918863523013,0.10672562606768718,-0.0985327769551757,174173738.5,2.499454217691111e-11,0.0,0.5471020448046496,0.5724649804504732,0.36523484320557487,medium
2023-10-31,CHMF,0.3437590990458195,0.5433723308450764,0.11286857010910395,1.0,-0.0026501766784453595,0.021565374754938915,0.14373435957546324,0.12990530422984414,-0.11409021086440452,798364310.8,7.83453344855569e-12,0.0,1.0539809752788134,0.7165600617646907,0.3607853658536585,medium
2023-10-31,ENPG,0.11798301571994568,0.6075957556242937,0.27442122865576063,1.0,-0.06666666666666676,-0.08281192491718803,0.13609223065465753,0.21275241958351834,-0.11670235546038543,89744768.0,4.4040203969843734e-11,0.0,1.2486068718309506,0.7884649770529665,0.6055154471544716,medium
2023-10-31,FEES,0.07517824009872326,0.2793081686856637,0.645513591215613,1.0,0.11024687182955706,0.029476324866729353,0.32670060549637503,0.2230199095912954,-0.20233518439413356,497721916.79999995,2.5800243749365072e-11,0.0,1.731066832852141,0.7112641050408995,0.7687730545876885,high
2023-10-31,FLOT,0.2695385682579908,0.6121905941768654,0.11827083756514375,1.0,0.013189952112912628,0.1366635249764374,0.19521436607020454,0.1489894190755125,-0.09175266672448179,826621944.75,1.0588518884556054e-11,0.0,1.095585665733055,0.5818026481303898,0.3970332171893147,medium
2023-10-31,GAZP,0.6969652921488186,0.23626168534705894,0.0667730225041224,1.0,0.006776611694153001,-0.027965954490185907,0.09723262305255499,0.09119036235786845,-0.09381850065760622,3579763211.2999997,1.4251292218703722e-12,0.0,0.5925446723275039,0.7260334990460621,0.20682044134727062,low
2023-10-31,GMKN,0.31881844204206555,0.5662681824603071,0.11491337549762741,1.0,0.08696190004948057,0.09114615671178439,0.14009893703049478,0.09616951662076871,-0.07246376811594202,13283946.96,3.730397535658288e-10,0.0,0.7221398208243976,0.7387820995009083,0.3724445993031359,medium
2023-10-31,HYDR,0.08400274787697942,0.3285218288555811,0.5874754232674395,1.0,-0.014638828893688505,-0.07072535928482515,0.23065566082906572,0.2041240971771018,-0.2010118700136213,290586211.95000005,2.5983342490764074e-11,0.0,1.3238083094806212,0.7204517512163356,0.7431231126596979,high
2023-10-31,IRAO,0.25277477488918093,0.6280499265590083,0.11917529855181067,1.0,-0.034836527621194935,0.02896634615384608,0.1922969188560821,0.1252210405794873,-0.0900187080444591,391472298.875,1.5609167607324616e-11,0.0,0.8824898978286746,0.6804679370894701,0.4060120789779326,medium
2023-10-31,LKOH,0.40951467302935796,0.4839406529192674,0.10654467405137462,1.0,0.05862758161225856,0.1675238795003673,0.20723540455832146,0.15777701517638787,-0.08270676691729328,7490358457.75,1.048701906241207e-12,0.0,1.0916676740748468,0.7648384500761581,0.33169895470383276,medium
2023-10-31,MAGN,0.1646014612690236,0.7141780323154922,0.12122050641548411,1.0,0.005038759689922401,-0.013224241271049375,0.19796589529324354,0.13660791419217164,-0.1128844257150543,708661871.25,1.3240970630757406e-11,0.0,1.0222807843545971,0.7643863197809072,0.46176051103368176,medium
2023-10-31,MGNT,0.1280248890695708,0.7518563248868774,0.1201187860435519,1.0,0.06537264237319174,0.02673608047295506,0.2210478112572065,0.17215700387982957,-0.13421828908554567,1966565760.0,5.3873480022546844e-12,0.0,1.2012543661495463,0.7653665954433083,0.4920320557491289,medium
2023-10-31,MOEX,0.5055627538819365,0.3991733366273515,0.09526390949071209,1.0,0.04167581814188459,0.43708809938641036,0.20808983747460952,0.12105558890418253,-0.03598363799054072,1014089759.8,8.693178836956479e-12,0.0,0.9982688982877662,0.5941339932844787,0.2913723577235773,low
2023-10-31,MTLR,0.11743183174756539,0.5992512782557278,0.28331688999670684,1.0,0.27549118026674324,0.18423505392570227,0.5054847024913824,0.21385912680099584,-0.18886857434414728,3288340820.04,4.9963412455366336e-12,0.0,1.2980883631360194,0.5731662873590383,0.6100885017421601,medium
2023-10-31,MTSS,0.3799602274143886,0.5104964357574616,0.10954333682814969,1.0,0.0012896094325718366,-0.06486579490708888,0.1604588305376658,0.11021539699282465,-0.08020477815699656,514723344.25,1.0851964319396018e-11,0.0,0.67582450387102,0.7103910171170253,0.34453170731707317,medium
2023-10-31,NLMK,0.29428755439010024,0.5890061209549949,0.11670632465490487,1.0,-0.0932721712538227,-0.06161606171496392,0.16253152526668574,0.15544292005431992,-0.10843826348430752,1118911970.0,6.240876034273403e-12,0.0,0.7541843968592385,0.5174450800378229,0.38438792102206737,medium
2023-10-31,NVTK,0.6179668568412986,0.3025802576597237,0.07945288549897782,1.0,-0.02637749120750288,0.04177119919719008,0.16056363031436036,0.10940768529544113,-0.0631529522244394,1070443270.4,6.936375271206147e-12,0.0,0.9025749406876181,0.8015949983682673,0.24359117305458766,low
2023-10-31,OZON,0.11807135456388225,0.6089870012418483,0.2729416441942694,1.0,-0.009908536585365835,-0.04485294117647054,0.19231141260664594,0.20821383266694932,-0.16247255531160276,687236941.75,1.477816091520006e-11,0.0,1.65452595116964,0.8529312617595608,0.6047461091753775,medium
2023-10-31,PHOR,0.12127594484317987,0.7029309948734307,0.1757930602833895,1.0,0.009270516717325261,-0.1214446355338008,0.22767598653873541,0.10785565259352425,-0.150228013029316,465839122.5,1.5973178072931797e-11,0.0,0.6136139115239532,0.5445731834260724,0.5464048780487805,medium
2023-10-31,PIKK,0.0770027748486465,0.2891187517153062,0.6338784734360473,1.0,-0.04145779704647068,-0.1362471004761323,0.2618698346249565,0.1581941875088499,-0.17251461988304095,284594180.75,3.335773729951243e-11,0.0,1.4201919986695726,0.8015070285039837,0.7635019744483158,high
2023-10-31,PLZL,0.14504808202752148,0.734125275780573,0.12082664219190549,1.0,-0.006405756405756358,-0.015776435307923053,0.1628004627758451,0.13576745063961734,-0.08622546177420687,82312408.6,6.801759673190274e-11,0.0,0.6921169120563944,0.6442928895424119,0.4771614401858304,medium
2023-10-31,POSI,0.1103883008700253,0.5184517149535643,0.3711599841764104,1.0,-0.11367050575863802,-0.012001116382919452,0.31009494245343033,0.18357102882074824,-0.1647660243806528,882658817.5999999,1.4357014126062853e-11,0.0,0.8613473197845958,0.5106645672631765,0.6515786295005809,medium
2023-10-31,RNFT,0.061821586411268385,0.21240762454837606,0.7257707890403555,1.0,0.024983984625240208,-0.05882352941176472,0.2646960450218014,0.2888374030437995,-0.22511485451761104,293741716.6,2.723183852771829e-11,0.0,1.0963480385247428,0.45900879348193135,0.807872706155633,high
2023-10-31,ROSN,0.16701970962309706,0.7117380730813299,0.12124221729557305,1.0,0.06615327519020231,0.08836900928206104,0.25241816755750907,0.1559144704191894,-0.1223220456116102,2623288117.875,4.522784174521781e-12,0.0,0.9591732992930576,0.6838842717734664,0.45995981416957027,medium
2023-10-31,RTKM,0.1210294327218866,0.7262676035112539,0.15270296376685955,1.0,0.03509013348011547,-0.020827909398594024,0.23992460964039883,0.1356059582363609,-0.0815671162491971,221340922.0,2.5379356566888704e-11,0.0,0.7328943749040504,0.612304014054401,0.5290576074332173,medium
2023-10-31,RUAL,0.19174542265405145,0.6870840345000053,0.12117054284594321,1.0,-0.029600394671928876,-0.08180651184502263,0.15117760890293963,0.13659418500958886,-0.1068225678283573,384337246.1,1.496410340927561e-11,0.0,0.769456989125986,0.621306152799061,0.4426288037166087,medium
2023-10-31,SBER,0.7538957244895973,0.1892951596693074,0.056809115841095305,1.0,0.03350664355863686,0.014095684377598117,0.13540593968056144,0.1101868639331845,-0.06443771270428955,8971044255.55,7.254591299142196e-13,0.0,0.7565898756709106,0.8186486489150605,0.17680534262485484,low
2023-10-31,SGZH,0.10017842531435449,0.4338279762065636,0.4659935984790819,1.0,-0.06855151045701013,-0.22281467119082254,0.21504704146469802,0.13959315695032254,-0.2334661354581674,283948735.8,2.4426859803510183e-11,0.0,0.9630363626283126,0.7727487038799246,0.6921523809523809,high
2023-10-31,SIBN,0.19122808175775602,0.6875948129022242,0.12117710534001966,1.0,0.1013191518751293,0.3558370886829352,0.23525648457442258,0.16085162183365964,-0.04484768016522822,648373982.0,1.8181193014239442e-11,0.0,0.9285839966090179,0.6251351603391505,0.44297328687572585,medium
2023-10-31,SMLT,0.49773812294466413,0.4059979787155075,0.0962638983398283,1.0,0.03205629397967158,0.07070433959713407,0.1683568035193631,0.1150940480972994,-0.06184244290479857,687630874.75,1.0585387892029855e-11,0.0,0.8477383278272238,0.6663375212764526,0.2946274099883856,low
2023-10-31,SNGS,0.1208776006982782,0.7323684216607517,0.14675397764097006,1.0,-0.020827090200779108,0.06242887335392622,0.24057688958430865,0.17304242853718155,-0.11904024767801857,994177968.0,7.293542980570335e-12,0.0,1.0659424305013574,0.6832944922958067,0.5242473867595819,medium
2023-10-31,SPBE,0.07091706967477249,0.2570617951983,0.6720211351269274,1.0,-0.013647642679900707,-0.09710391822827935,0.2779946448113742,0.1650276039120988,-0.1447154471544715,97663527.6,8.692042947701384e-11,0.0,1.2875500047040886,0.7894078538845634,0.7810973286875725,high
2023-10-31,T,0.11674679305799986,0.5895586525974784,0.29369455434452163,1.0,0.045447589900535545,-0.03420978230138527,0.1859732683703084,0.1607756634475785,-0.13476874003189787,125919462.5,8.444059234339028e-11,0.0,1.2483797830728072,0.8238636917362363,0.6153166085946575,medium
2023-10-31,TATN,0.3334581593318879,0.5528030107307644,0.11373882993734777,1.0,-0.049288061336254074,0.09378937893789385,0.21566872258000885,0.17056523248399943,-0.06451116243264043,1313789373.8000002,3.5474190099218227e-12,0.0,0.8815805822005004,0.725953533558322,0.3655484320557491,medium
2023-10-31,VTBR,0.11996806662716272,0.7547443920271346,0.12528754134570264,1.0,0.004962286621675194,-0.05045011252813214,0.2099802866828316,0.17673396944601774,-0.1602662570404506,10622447643375.0,6.995511447826503e-16,0.0,1.3691665423004178,0.7978949680520296,0.5054232288037166,medium
2023-10-31,WUSH,0.06748641251035244,0.23978646866417147,0.692727118825476,1.0,0.015865498460809757,-0.10542997747935612,0.2592612203047663,0.16358990836166667,-0.21159476117103249,112835375.8,7.899236834930718e-11,0.0,1.0767253952206706,0.5828970753732725,0.7910887340301974,high
2023-11-30,AFKS,0.162156710290131,0.7166504272761259,0.12119286243374319,1.0,-0.02035113298098523,-0.1104859617187931,0.1590236049655496,0.10909988329851647,-0.10336391437308856,354519453.59999996,1.8524637380010492e-11,0.0,0.7711267313971102,0.6631269222546957,0.46360249574588763,medium
2023-11-30,AFLT,0.12126703956327192,0.7075012185965985,0.17123174184012957,1.0,-0.07541401273885351,-0.1469205453690644,0.16040795519582113,0.10267888627184221,-0.14671996237949692,240769651.14999998,2.9877913843356784e-11,0.0,0.8818945184759188,0.7478385588812063,0.5431278502552467,medium
2023-11-30,ALRS,0.1129984457478685,0.544753714165113,0.34224784008701853,1.0,-0.08028785099477909,-0.18718044643970555,0.19331275412903448,0.16852869836210227,-0.18341267852668486,665191847.45,1.3555817746009138e-11,0.0,0.8752685761113265,0.5601051464665056,0.638520136131594,medium
2023-11-30,BSPB,0.061870199748835245,0.21263677604757786,0.725493024203587,1.0,-0.10455129234227001,-0.2587707641196013,0.3830678348621921,0.20251451454037192,-0.26921061251228295,381264592.4,4.156116313122068e-11,0.0,0.6642390272077312,0.33859438489406557,0.8077266023823029,high
2023-11-30,CBOM,0.5300928621445123,0.37786549766863803,0.09204164018684967,1.0,0.0790497360377882,0.1256521739130434,0.13938125357258574,0.07676414377628567,-0.021227377874540876,206731098.65,2.264299533003759e-11,0.0,0.46313830779090465,0.4937398701789725,0.2811486103233125,low
2023-11-30,CHMF,0.2476432990165934,0.6329317698828663,0.11942493110054042,1.0,-0.06736284747757015,-0.05499254843517132,0.17231456734377842,0.10115764270587171,-0.10828294192096755,913356286.1,1.167973446088159e-11,0.0,0.9615222784607773,0.6619709002018054,0.4088373227453204,medium
2023-11-30,ENPG,0.087463388639722,0.3491633086082805,0.5633733027519975,1.0,-0.10372446936323576,-0.16179775280898867,0.21328809102729862,0.14455071382567444,-0.16179775280898867,110521800.7,1.0473056296570515e-10,0.0,1.0848928339580903,0.7272401727658244,0.7328402722631877,high
2023-11-30,FEES,0.08091896423907245,0.31080049732694415,0.6082805384339834,1.0,-0.08344880677444177,-0.11294888988228291,0.2597501086900224,0.20012514616235705,-0.16810216810216805,322845530.2,3.539744063156302e-11,0.0,1.6768616535873442,0.6487379383115344,0.7521484968803175,high
2023-11-30,FLOT,0.3355317199880637,0.5509017839603747,0.11356649605156156,1.0,0.05038218131010108,0.1307733144576182,0.1545390577780799,0.14469994679964385,-0.08516771488469599,724099930.1000001,8.222259102537626e-12,0.0,1.0185666939952243,0.5576778232353884,0.3645840045377198,medium
2023-11-30,GAZP,0.6850921926584205,0.24614588180161828,0.0687619255399612,1.0,-0.02943275062433115,-0.08111911731591981,0.08381207418718313,0.08354140123675745,-0.08349284990429018,2260899983.6000004,1.3372167711804333e-12,0.0,0.6304757278448447,0.7443986754603579,0.2126370958593307,low
2023-11-30,GMKN,0.314831152876853,0.5699487239291203,0.11522012319402672,1.0,-0.07423387542869775,0.016397424996963617,0.10478937149490758,0.07057633488084095,-0.07423387542869775,13497466.64,3.795812362918186e-10,0.0,0.5083896758345663,0.5458756867736284,0.37435099262620536,medium
2023-11-30,HYDR,0.08728449866090023,0.34807533662976625,0.5646401647093334,1.0,-0.020935960591133007,-0.17333887906831646,0.18632253861718828,0.1871681023201583,-0.18721937976401792,125677139.05000001,3.89011856981334e-11,0.0,1.2364020595585652,0.7145658040992311,0.7333769710720363,high
2023-11-30,IRAO,0.26889517810009383,0.61279685483414,0.11830796706576621,1.0,-0.024005648387855794,-0.06609616034230381,0.12734606660482142,0.10974919110436794,-0.08373840035351299,326911878.1,1.860514551858567e-11,0.0,0.9265043637443247,0.7278899835607501,0.3973711854792967,medium
2023-11-30,LKOH,0.6468786773808289,0.2781589726113636,0.07496235000780756,1.0,-0.001999034948645506,0.08587714692867321,0.12766511333981165,0.11990306212655737,-0.05721503938178041,4097508163.0,1.362943391403361e-12,0.0,1.046436474666835,0.7794227765991331,0.23060340328984688,low
2023-11-30,MAGN,0.5429730436783964,0.3667293295477445,0.09029762677385911,1.0,-0.031142529614061942,-0.0410363086232981,0.11073162752265392,0.1041401613014489,-0.06102306159248372,528509211.8,7.916056891906954e-12,0.0,0.8389731875709707,0.6889253539592958,0.27575643788996024,low
2023-11-30,MGNT,0.22341129458745934,0.6561737875478463,0.12041491786469441,1.0,0.0867111339148281,0.10590897223914375,0.20267469060304674,0.1617570420796734,-0.0883520276100086,2039163763.0,3.734531019899387e-12,0.0,1.0704392336808457,0.6590563690852717,0.42274112308564943,medium
2023-11-30,MOEX,0.25362983084700996,0.6272377445306185,0.11913242462237157,1.0,0.0007015785517412443,0.18006145845644728,0.2680318210197722,0.14999895990938106,-0.06011369019422075,1370654663.55,6.438294616169459e-12,0.0,0.7366954123618046,0.43042553754793733,0.40554498014747586,medium
2023-11-30,MTLR,0.12098436078399115,0.676254365271842,0.20276127394416688,1.0,0.0511143062544932,0.46789819788163256,0.5031825580418937,0.2616311915729845,-0.1354622558932721,11645832580.75,2.1698342946140727e-12,0.0,1.3782225343489987,0.47577088563707015,0.56454600113443,medium
2023-11-30,MTSS,0.2293794404090763,0.6504191115295079,0.12020144806141585,1.0,-0.058115861558393433,-0.10215243472124202,0.17558022449839553,0.09896011974818518,-0.10357583230579548,671014462.5,1.1544033995833324e-11,0.0,0.6887497947364093,0.6747445351077574,0.4192239364719228,medium
2023-11-30,NLMK,0.1212615442625027,0.6971647632546374,0.18157369248285984,1.0,-0.07765333333333335,-0.09729616870236979,0.23381563200635935,0.12516215710108705,-0.18746476226273256,1167749491.0,8.970250265393857e-12,0.0,0.6299490850884832,0.39693504891804654,0.5504639818491208,medium
2023-11-30,NVTK,0.23717777172117258,0.6429302679524654,0.11989196032636196,1.0,-0.07915599463349188,-0.09232988699206535,0.1630807894438207,0.09941151696116571,-0.14952738868010484,913738441.9000001,7.001606267088962e-12,0.0,0.7835377220752666,0.6399474903907317,0.4147226318774816,medium
2023-11-30,OZON,0.11736441283278412,0.5982666404822794,0.28436894668493645,1.0,0.07508078312107958,0.029861616897305154,0.28864164008319165,0.18026739169191644,-0.10616438356164382,852494274.0,1.3627598684183976e-11,0.0,1.5436608381733827,0.7275484277043459,0.6106235961429382,medium
2023-11-30,PHOR,0.23126416999015276,0.6486060616287291,0.12012976838111808,1.0,0.0046261751977316745,-0.06733167082294267,0.14440272753544953,0.1066932820984292,-0.09554846761891556,264657164.5,1.4545063841823692e-11,0.0,0.7611099422736474,0.6004913825447311,0.418126488939308,medium
2023-11-30,PIKK,0.10827808288529568,0.4989977407958809,0.39272417631882334,1.0,-0.05950229389684414,-0.1576391483003362,0.17895594244529645,0.13150402688211865,-0.15012562814070352,121927163.6,7.06010670438832e-11,0.0,1.1614237706512518,0.7208477716962549,0.6610505955757232,medium
2023-11-30,PLZL,0.12049433318244686,0.7435799921865867,0.13592567463096653,1.0,-0.05284855927371612,-0.07341142146136348,0.1498697324929767,0.13283104506366109,-0.09477302259294962,77545795.375,7.049608144996165e-11,0.0,0.6058369489645543,0.5325485192929016,0.5150631877481565,medium
2023-11-30,POSI,0.10145471868107184,0.4433350953986659,0.4552101859202623,1.0,-0.03925734343247733,-0.11796132971506113,0.21476512372161055,0.17616482675984838,-0.18836020448289426,359605538.20000005,2.2271697244441172e-11,0.0,0.6827880092807548,0.3836754971723842,0.6876433352240499,high
2023-11-30,RNFT,0.04954851569875329,0.15755377450235938,0.7928977097988873,1.0,-0.07054455445544561,-0.18147138964577658,0.2983630364674514,0.294752558311275,-0.17381738173817396,169356347.89999998,4.9465085894199546e-11,0.0,1.748561043395169,0.7329438332992473,0.8465927396483266,high
2023-11-30,ROSN,0.2687493217205291,0.6129343200235378,0.11831635825593308,1.0,-0.0033262260127933096,0.03489195890896202,0.18692913740471037,0.13680350366959973,-0.09737029140014208,2009908354.825,3.1904047312801084e-12,0.0,0.9282093825743404,0.6038065711456675,0.3974478729438457,medium
2023-11-30,RTKM,0.22806007293727296,0.6516895072118947,0.12025041985083242,1.0,0.08138918345705193,0.07967178401270503,0.21229096525672078,0.10566821704639409,-0.06474820143884896,387538432.0,2.1858593133255047e-11,0.0,0.6693712253359391,0.47585697711025005,0.4199959160521838,medium
2023-11-30,RUAL,0.14847528134972332,0.7305991033014176,0.12092561534885894,1.0,-0.06802288620470454,-0.13825534916529514,0.12815642293243062,0.11438209259810496,-0.1456876456876457,332994237.275,1.573984145040135e-11,0.0,0.5645626122802154,0.5064102807673164,0.4743446398184912,medium
2023-11-30,SBER,0.7213361068858072,0.21606820800432386,0.06259568510986886,1.0,0.03136846799970261,0.07229800224119942,0.1562135996567204,0.09565724094367781,-0.04664634146341451,8820746012.35,6.954067709281159e-13,0.0,0.7192958956631714,0.7143182121920639,0.19444889393079978,low
2023-11-30,SGZH,0.06823013637625865,0.2434855070950071,0.6882843565287343,1.0,-0.10348537005163505,-0.2655974621078605,0.5597496305196853,0.2100862698529371,-0.30737777777777775,1059438619.0999999,1.4840995892503198e-11,0.0,1.3276200991787797,0.540520780029689,0.7889144639818491,high
2023-11-30,SIBN,0.30495542735748066,0.579089904983136,0.11595466765938345,1.0,0.07638376383763834,0.3311530270763614,0.22553086301228104,0.13699589038808493,-0.04484768016522822,831474353.125,8.777487752653893e-12,0.0,0.8776292533604078,0.5351898181980157,0.3791292115711855,medium
2023-11-30,SMLT,0.5811660913083051,0.3339136093797728,0.08492029931192199,1.0,-0.008333333333333304,0.03192747339377222,0.11481385296316012,0.09832263749383315,-0.0527077553974189,405602618.5,1.332512726552114e-11,0.0,0.7075875418977048,0.6438353906896886,0.2595845717526942,low
2023-11-30,SNGS,0.12099514544674501,0.7277897859599711,0.15121506859328382,1.0,-0.009413241292751784,0.009109797027329503,0.23695042926415621,0.14309553161182187,-0.07912621359223304,534346050.75,1.9180741470133e-11,0.0,1.1584571896224471,0.6458231152882217,0.527869086783891,medium
2023-11-30,SPBE,0.036340624485120064,0.10482326926527546,0.8588361062496044,1.0,-0.28109854604200324,-0.49460533787620664,1.0494149715105918,0.6278026917705053,-0.5104578858111928,413709188.45000005,5.919339716566148e-11,0.0,2.3157702788733214,0.45099067024338224,0.8953302325581396,high
2023-11-30,T,0.12014343888363453,0.6489477878809305,0.23090877323543493,1.0,-0.023507081325740975,-0.05523379008334517,0.17983205383443404,0.13734697912028362,-0.09444985394352479,102042435.35,6.27770684095707e-11,0.0,1.145213985297978,0.7985407226012601,0.581667044809983,medium
2023-11-30,TATN,0.2955734393975965,0.5878084715741401,0.11661808902826334,1.0,0.059897129583540654,0.05814146099055817,0.17316847006740813,0.1587392055543393,-0.07359507313317926,902095363.0,5.2226413069838265e-12,0.0,1.0022340240636414,0.715426820447018,0.38374838343732276,medium
2023-11-30,VKCO,0.08738185369496715,0.34866713524507686,0.5639510110599559,0.6666666666666666,0.044262853251617384,-0.15995617639003024,0.32318513505209345,0.2691057270706165,-0.19481605351170572,1904640930.6,1.023976193401238e-11,0.0,1.3035072454057182,0.5246319328619562,0.7330849688031763,high
2023-11-30,VTBR,0.11977530035506652,0.7581742468340705,0.12205045281086294,1.0,-0.046697266014767536,-0.1328734797603921,0.2020243609675483,0.1627623953558796,-0.1268506671540851,7434009958875.0,1.1039640965566602e-15,0.0,1.2635499582150826,0.8311536564816597,0.5023521270561543,medium
2023-11-30,WUSH,0.10115751093767325,0.4411001275496215,0.4577423615127051,1.0,0.04255813953488374,-0.028349733408470246,0.28078112041764863,0.15289860794162727,-0.10877422164162864,173077450.71,5.107222349413745e-11,0.0,1.243801001950301,0.6589938679902781,0.6887034600113443,high
2023-12-29,AFKS,0.12430680709905287,0.7557818380189668,0.11991135488198032,1.0,0.026899629187354668,-0.06135462744872755,0.27244710011416523,0.11865530855692921,-0.14850319542549617,303576350.85,2.674070612320993e-11,0.0,0.9187383813527918,0.6627548063353829,0.4955,medium
2023-12-29,AFLT,0.20364529675808382,0.675389005965166,0.12096569727675012,1.0,-0.03998904409750759,-0.1373369431454592,0.2455315168378401,0.09974563126234363,-0.15650701499758113,354833220.59999996,3.209209373599933e-11,0.0,0.8921015089831771,0.7359821392627873,0.4348909090909091,medium
2023-12-29,ALRS,0.14698405274438828,0.7321317322045435,0.12088421505106829,1.0,0.06873750576656934,-0.06936261381896103,0.2753364455418494,0.16577361089448592,-0.15894981893429894,1094711466.9499998,7.942756481159285e-12,0.0,0.7110735717126652,0.44547498526278007,0.47556363636363636,medium
2023-12-29,ASTR,0.07662599238401692,0.28707816401640696,0.636295843599576,0.9333333333333333,0.05268681780016804,,0.3357171938555717,0.21437668638531016,-0.1964285714285714,151468039.5,1.1665082265637456e-10,0.0,1.7427941307485952,0.4944603986775145,0.7645909090909091,high
2023-12-29,BSPB,0.050436114169451415,0.1613272228098514,0.7882366630206972,1.0,0.012524221371520428,-0.23570332845777886,0.6091220762611859,0.2600614140306576,-0.2789512284561789,412443838.95,3.6073473597911543e-11,0.0,1.94412244766997,0.6502625353664241,0.8436363636363636,high
2023-12-29,CBOM,0.12049785426694244,0.7434929016058425,0.13600924412721507,1.0,0.03868471953578334,0.159827213822894,0.3721655057248005,0.16038023653476532,-0.06593127932040066,308452139.4,4.3073671689846845e-11,0.0,0.8440745670186333,0.539476593663565,0.5151363636363636,medium
2023-12-29,CHMF,0.25909790083536405,0.6220522967610453,0.11884980240359064,1.0,0.11933174224343679,0.029261155815654805,0.2791568258951656,0.11122215357809268,-0.1445647588243567,1021085990.0,1.3058284700704596e-11,0.0,0.9142996252155114,0.6555690812203763,0.40258181818181815,medium
2023-12-29,ENPG,0.1068542034781485,0.48657575009585163,0.4065700464259998,1.0,-0.007223476297968379,-0.16260472201066267,0.2697126319564285,0.13352153368710468,-0.19342507645259943,88091308.69999999,1.364864917589046e-10,0.0,1.0299230614709436,0.7368507187483209,0.6670363636363636,medium
2023-12-29,FEES,0.11631914697566091,0.5838197137204676,0.2998611393038714,1.0,-0.087642713230356,-0.0712698683985643,0.27150951485539276,0.14487769752177673,-0.20469083155650314,310653358.4,4.589661901488216e-11,0.0,0.9958574904247791,0.5210682227419597,0.6183727272727273,medium
2023-12-29,FLOT,0.14361620834989883,0.7356025625239277,0.12078122912617342,1.0,0.16706673067690847,0.21065737051792843,0.3940266864149447,0.1500760638068503,-0.09068589841951824,1041364372.3,1.4399116758209101e-11,0.0,1.0666303074417778,0.5945695746045927,0.4783545454545455,medium
2023-12-29,GAZP,0.7548370660784153,0.18852473004735354,0.056638203874231255,1.0,-0.01900252137014946,-0.04243952218020286,0.21374993417534344,0.0763244705857764,-0.08003477252970159,3701168435.05,2.705047375478641e-12,0.0,0.476841757735515,0.5002045080348537,0.1762727272727273,low
2023-12-29,GMKN,0.16758014643599192,0.7111733904284925,0.12124646313551551,1.0,-0.02847530938363574,-0.005901155642980105,0.23751357276480473,0.13260613625775264,-0.10631707047239736,14961451.059999999,5.040759094173886e-10,0.0,0.4959843690164671,0.4231681720521219,0.45954545454545453,medium
2023-12-29,HYDR,0.11098637416681177,0.5242321975421809,0.3647814282910073,1.0,-0.06800314465408797,-0.1495695839311334,0.2509820531012088,0.17085034437579463,-0.19655211523193827,140925072.1,5.391433343534782e-11,0.0,1.1166677560178297,0.7265123014308882,0.6487363636363637,medium
2023-12-29,IRAO,0.3195228990915263,0.56561851657982,0.11485858432865383,1.0,-0.028536436007348343,-0.10118980169971659,0.17071610577269,0.11594964169090309,-0.13654441007512153,326884759.8,1.5018988740103255e-11,0.0,0.8107588210509217,0.7661559235304745,0.3721090909090909,medium
2023-12-29,LKOH,0.499180912109263,0.4047385514352057,0.09608053645553132,1.0,-0.060831997770190216,-0.008533176401353537,0.23323884844149312,0.1519534630847609,-0.12434091970900352,4297798145.25,1.3109666145709413e-12,0.0,0.5575893423495192,0.4389910008320925,0.2940272727272727,low
2023-12-29,MAGN,0.46556333818556805,0.43420678318406597,0.10022987863036585,1.0,0.03235701563427673,-0.01277441332324003,0.22777469766326924,0.11211171295076447,-0.09471243042671607,584891154.85,1.783765607636573e-11,0.0,0.8484066280769897,0.7110082020448882,0.30802727272727276,low
2023-12-29,MGNT,0.5224561726904451,0.38448498469172177,0.09305884261783312,1.0,0.09374756069003198,0.29012061504465514,0.28039968263776754,0.1231390402596237,-0.0541721957692608,1925570681.25,4.4908659262090395e-12,0.0,0.8501848539551291,0.5551713224257723,0.2843363636363636,low
2023-12-29,MOEX,0.1708930757364756,0.7078412822998286,0.12126564196369577,1.0,-0.04690799396681755,0.03822772331452984,0.2911611919532564,0.18642260018119308,-0.11823780198957845,1126989094.5500002,1.0004173444031502e-11,0.0,0.7268257236298473,0.41656270922206595,0.45711818181818187,medium
2023-12-29,MTLR,0.12116821190890731,0.686906334520283,0.19192545357080962,1.0,0.08098713938129998,0.3962467450839544,0.3489699005115889,0.26349016383425705,-0.18786031209441312,4946262579.775,2.9614799139393003e-12,0.0,1.3066079941258066,0.43677968111963605,0.557490909090909,medium
2023-12-29,MTSS,0.5096905841542706,0.39557851897431257,0.09473089687141681,1.0,-0.006795922446532154,-0.0806660499537466,0.1625402781641892,0.1004758591633176,-0.12964593975691385,685835516.75,7.489656242370807e-12,0.0,0.8071836618005783,0.724586168046112,0.28965454545454544,low
2023-12-29,NLMK,0.14989806850968776,0.7291391638782012,0.12096276761211103,1.0,0.04227490365526099,-0.15912945166760883,0.2512221668687525,0.12459716652967479,-0.22515735266069048,1170365287.5,8.71142568622732e-12,0.0,0.7589770818502433,0.532097198643149,0.4731909090909091,medium
2023-12-29,NVTK,0.13613390968146816,0.7433630004152249,0.12050308990330699,1.0,-0.024533333333333296,-0.14900546702338024,0.2698756715226208,0.1415646743565067,-0.17549254071290288,1156425251.1,9.639683690207264e-12,0.0,0.788600105163398,0.5959815257738603,0.4847545454545455,medium
2023-12-29,OZON,0.11746338705565147,0.5997146496825743,0.28282196326177433,1.0,0.01741338654090341,0.056706857573473934,0.37241920441765436,0.19128332568853082,-0.160675472329042,725567250.5,1.949575155795039e-11,0.0,1.1849393604986926,0.6134740062531482,0.6098363636363636,medium
2023-12-29,PHOR,0.5412869288838157,0.3681851252823479,0.09052794583383644,1.0,-0.017159056997911093,-0.048121387283237005,0.17244271000348693,0.10581038833813979,-0.05368451352907311,304027035.0,1.7891693432309446e-11,0.0,0.587960118189432,0.5854155158930083,0.27646363636363636,low
2023-12-29,PIKK,0.11990345290873358,0.7559244258013114,0.12417212128995507,1.0,0.016516516516516422,-0.07056562328390992,0.254345951377337,0.11651009404299419,-0.15090673575129532,238417214.85000002,7.443741944614658e-11,0.0,0.9654984721115105,0.6437104432615247,0.5043727272727273,medium
2023-12-29,PLZL,0.12016634259064425,0.6495245329995689,0.2303091244097867,1.0,-0.027070136262133726,-0.07069168153919825,0.25828711340759847,0.14864016910874558,-0.17131240306828177,94700962.80000001,9.192517850651563e-11,0.0,0.8374182024279344,0.6448957840963974,0.581318181818182,medium
2023-12-29,POSI,0.09282483119746458,0.38295373347546796,0.5242214353270673,1.0,-0.04404442742244363,-0.18980767670210175,0.29037700109668885,0.21622453502157857,-0.25733385764844674,272847320.0,3.054609644926715e-11,0.0,0.7844142257578877,0.43627413427615,0.7164,high
2023-12-29,RNFT,0.04668674818964659,0.1455863600850125,0.807726891725341,1.0,-0.06360424028268552,-0.15335463258785942,0.46651367249041137,0.270960683580939,-0.3042979942693409,330172720.8,6.402999633658621e-11,0.0,1.9011951612094509,0.781374850289881,0.8563454545454545,high
2023-12-29,ROSN,0.4358619092811503,0.4604639472838959,0.10367414343495378,1.0,0.031383117447622455,0.11044552602021707,0.2675262313920768,0.12050939706755555,-0.11146127052579191,1452264865.4499998,7.136391078364297e-12,0.0,1.032954319933194,0.6607458017273168,0.3204909090909091,medium
2023-12-29,RTKM,0.11351373184250632,0.5503231401150152,0.33616312804247855,1.0,-0.0846030473135525,-0.05596140592694698,0.25903507518802416,0.22756789984769055,-0.1807228915662651,241807305.75,5.3825615695013906e-11,0.0,0.9893804006967108,0.5152716801049526,0.635709090909091,medium
2023-12-29,RUAL,0.2325805716559503,0.6473409157255343,0.12007851261851545,1.0,-0.07454768058767525,-0.15132235528942106,0.21208575317539202,0.10855986371262309,-0.17131620990537044,450658043.8249999,2.560389749929331e-11,0.0,0.7266428492568701,0.6694345039529743,0.41736363636363644,medium
2023-12-29,SBER,0.31685490799908606,0.5680799395395344,0.1150651524613796,1.0,-0.01149760922728782,0.030007986916669838,0.2979527090498579,0.1433522138243435,-0.1053163674394284,10284323624.349998,6.019105376479235e-13,0.0,1.0580536255241288,0.7788963572626557,0.3733818181818182,medium
2023-12-29,SGZH,0.11910131233114662,0.6266528235625399,0.2542458641063134,1.0,-0.07268170426065168,-0.3134162182223047,0.23769891700777623,0.22901497447258784,-0.3114173961631589,813574578.2,7.017320034225334e-12,0.0,1.164257531391879,0.4792565329240491,0.5947909090909091,medium
2023-12-29,SIBN,0.12022112923236003,0.7497719954558966,0.1300068753117434,1.0,-0.026472952796600557,0.1794211771253651,0.37786377844633295,0.24622524070427057,-0.10093658014450091,1128200559.75,1.27411850733676e-11,0.0,0.7312776185772493,0.39238449107111795,0.5097818181818182,medium
2023-12-29,SMLT,0.5558145110536167,0.35566172908311233,0.08852375986327098,1.0,-0.010538491196504296,-0.020358824277897924,0.22806803220429006,0.09867498878541686,-0.08334338439271505,429487238.0,1.3324941202953632e-11,0.0,0.5250101331438956,0.4452937798749957,0.2703545454545455,low
2023-12-29,SNGS,0.10727864745698519,0.49022574786216677,0.4024956046808481,1.0,-0.1286663425700858,-0.20540860056154864,0.30538384795040935,0.19251968387648014,-0.19859218211771756,974743984.75,8.762515898430902e-12,0.0,1.3534035979299954,0.8024296073553396,0.6652818181818182,medium
2023-12-29,SPBE,0.028404075913907072,0.07623799234865886,0.8953579317374342,1.0,-0.12286689419795238,-0.5153991200502829,0.5294248198815621,0.6454086413720379,-0.5645539906103286,118592678.7,1.3102537026683302e-10,0.0,2.129792981117586,0.3951961074131778,0.9313363636363636,high
2023-12-29,T,0.09933256360538005,0.42765201358523647,0.47301542280938336,1.0,-0.026826311003334213,-0.03400030088761852,0.33195380869527413,0.18436201160836624,-0.17144066600818397,115901514.1,1.0525390447135176e-10,0.0,0.9308170876991642,0.5878368814293798,0.6950818181818181,high
2023-12-29,TATN,0.39106184036448643,0.5004926832196749,0.10844547641583858,1.0,0.12252964426877466,0.11285266457680243,0.25797480454008265,0.16077582677082083,-0.07359507313317926,1229823061.2,1.037247296999498e-11,0.0,0.9881253324618953,0.6766560275305499,0.3396727272727273,medium
2023-12-29,VKCO,0.11430062162089974,0.5591274613192242,0.32657191705987604,0.85,-0.07636122177954852,,0.360225630916273,0.17176334444914593,-0.16395494367959962,721024762.0999999,2.0508396267416784e-11,0.0,1.4296904506251578,0.6646382204999088,0.6312272727272727,medium
2023-12-29,VTBR,0.12157997653531318,0.758674088545152,0.11974593491953493,1.0,-0.03939008894536222,-0.0982107355864813,0.2933188680483713,0.15810911245179718,-0.1717076836370468,10801940161000.0,1.2126296617584441e-15,0.0,1.1534504285957259,0.7524410124715263,0.4981,medium
2023-12-29,WUSH,0.10440272910669889,0.46627001930559475,0.42932725158770635,1.0,-0.023854447439353166,0.06166023354668493,0.32053849282547126,0.157579605392275,-0.1736753574432296,86194909.83,1.5588492287137327e-10,0.0,1.1057498644812418,0.5989899484140351,0.6767454545454546,medium
2024-01-31,AFKS,0.2648516136515204,0.6166113882687072,0.1185369980797723,1.0,0.05340519353258211,0.024053346034770273,0.1358956073400319,0.11855799495913126,-0.10384093456841115,298223533.20000005,2.219260899029459e-11,0.0,0.8614201867049134,0.6440326898420452,0.3995069264069265,medium
2024-01-31,AFLT,0.12068073123008768,0.7386298813697324,0.14068938740018,1.0,0.08615384615384603,-0.020433905146316933,0.22154078895775756,0.09439984484305193,-0.130423940149626,334079926.54999995,2.7245506486890373e-11,0.0,0.9544283327418406,0.6480155535215635,0.5191757575757576,medium
2024-01-31,ALRS,0.41272260009615397,0.4810725647832532,0.10620483512059287,1.0,0.0037921348314606806,0.018526435798774443,0.16789711086754203,0.11426112368611016,-0.09201340407707348,726808385.0,9.580828271104853e-12,0.0,0.7432290172760212,0.48993242573417606,0.3303242424242424,medium
2024-01-31,ASTR,0.1134101804767568,0.549192156235991,0.3373976632872521,1.0,0.09783667900993942,0.08966050875326426,0.2702149199102075,0.13876660394902338,-0.15643452994657425,182820239.2,4.695524053725828e-11,0.0,0.9572964709325749,0.4920075192668871,0.6362813852813853,medium
2024-01-31,BSPB,0.0861796124409089,0.3414075500666382,0.572412837492453,1.0,0.28497757847533634,0.16682954637999825,0.6090791473653755,0.23781019245879148,-0.25411577270313335,726786778.45,1.4417058145694635e-11,0.0,2.7084502109439192,0.7183566256728913,0.736678354978355,high
2024-01-31,CBOM,0.12070387302249204,0.7379590000313406,0.14133712694616743,1.0,-0.03163618388531886,0.0716630196936543,0.17924038123408262,0.15706388697428797,-0.07548759932578841,67475106.2,1.2906231571362486e-10,0.0,0.8385998069876579,0.4955216580755533,0.5197259740259741,medium
2024-01-31,CHMF,0.17124466284222667,0.7074882463167709,0.12126709084100236,1.0,0.16608269096005612,0.20040398210936372,0.3138789799671574,0.11731468656001424,-0.12575452716297786,1560739661.8,6.392638499915677e-12,0.0,1.0132108823377997,0.5508209853130304,0.4568627705627706,medium
2024-01-31,ENPG,0.10301463143684947,0.4552894491128037,0.44169591945034675,1.0,0.04768270944741526,-0.08020344287949921,0.17937297569875707,0.13307697578063446,-0.18846153846153846,101940976.5,7.1857185156216e-11,0.0,1.06832036188357,0.695451917620979,0.6819688311688311,medium
2024-01-31,FEES,0.1101784170130755,0.5164533718575762,0.37336821112934826,1.0,0.14055505819158487,0.01223581757508363,0.24557366454199453,0.14875415401117884,-0.17490914836467053,229183229.3,3.7072299647099965e-11,0.0,1.1348009298117445,0.6192388180770116,0.6525580086580087,medium
2024-01-31,FLOT,0.22558604335828158,0.6540744178093512,0.12033953883236735,1.0,-0.048626925653047715,0.1807148794679967,0.20560119431893434,0.16842157853970874,-0.09068589841951824,734761486.8499999,1.0717022846181406e-11,0.0,1.0902703823945246,0.5696156477638958,0.42145194805194797,medium
2024-01-31,GAZP,0.7114554852452991,0.2242396729372226,0.06430484181747836,1.0,0.03028989098116952,-0.018586263865942754,0.1201743311716109,0.07765997726238996,-0.058090547676971416,2286333473.2,2.165245353813717e-12,0.0,0.4608641404717791,0.45113152448464244,0.19954025974025977,low
2024-01-31,GMKN,0.14527145697428914,0.7338950347931942,0.12083350823251669,1.0,-0.025067253607238937,-0.10234181490655248,0.055940908768897256,0.12477222636440342,-0.09858677218767664,9393403.8,2.4800886484396485e-10,0.0,0.49719793193766565,0.4770857658056575,0.47697619047619044,medium
2024-01-31,HYDR,0.10061401810017646,0.43704652101357744,0.46233946088624617,1.0,0.06809497816593879,-0.04502196193265018,0.25088391769902973,0.16243781814570254,-0.13334964521654025,149569155.15,4.7486372018054337e-11,0.0,1.1154334254187783,0.6568388322211547,0.690625974025974,high
2024-01-31,IRAO,0.39751108740647306,0.49469715649292534,0.1077917561006016,1.0,0.018580870432722163,-0.04367170120594788,0.09096600935105444,0.09536774497192886,-0.09337663844101618,264619908.65,1.202900859633947e-11,0.0,0.6893191672648522,0.7645985134720151,0.3368722943722944,medium
2024-01-31,LKOH,0.4214046907317477,0.4733238278880313,0.10527148138022106,1.0,0.04218416991254492,-0.038706616052060716,0.12917400454604935,0.13894981630465056,-0.10547487557100976,2898432970.0,1.5490200690093801e-12,0.0,0.418143642106941,0.36487258482472174,0.3266186147186147,medium
2024-01-31,MAGN,0.3323094220287759,0.5538569031292525,0.11383367484197165,1.0,0.10585670962850657,0.1151567278287462,0.25859750044709445,0.09892525005886382,-0.07021722560975596,777142441.175,1.0094414257777609e-11,0.0,0.802183366362096,0.5590589915604456,0.3660839826839827,medium
2024-01-31,MGNT,0.43143545749363166,0.4643956904156236,0.10416885209074471,1.0,-0.020523166828996797,0.19384380564741788,0.2253535555689544,0.13722615956523945,-0.07635501355013552,1983921772.5,4.372274565278953e-12,0.0,0.6925367272299887,0.41990571546277705,0.3223619047619047,medium
2024-01-31,MOEX,0.126355549671584,0.753616264668567,0.12002818565984907,1.0,0.03797338792221083,-0.012993333008905594,0.18545602330664804,0.18201100633429126,-0.11823780198957845,649303015.9000001,8.441572928321815e-12,0.0,0.8119508669850853,0.4717741125340954,0.493578354978355,medium
2024-01-31,MTLR,0.11666879879351445,0.5884955964777209,0.2948356047287647,1.0,-0.02099528677235729,0.1276483237564776,0.2993436977699171,0.2342806287191777,-0.18786031209441312,2756057959.48,4.368431439236673e-12,0.0,1.016045420999448,0.37310207632798525,0.6158848484848485,medium
2024-01-31,MTSS,0.42283129166820094,0.47205247013266805,0.10511623819913099,1.0,0.09832134292565953,0.011037527593819041,0.12897343752649784,0.10320035283569624,-0.11340391171720787,732054336.0,8.811292966416292e-12,0.0,0.7459781534133931,0.6600497484604682,0.32601168831168836,medium
2024-01-31,NLMK,0.12106439478209984,0.7245954516613302,0.15434015355657005,1.0,0.10611252348844924,0.003912520064205394,0.2580565704754895,0.12591059650248623,-0.17454028243421726,934543552.1,8.053775588306102e-12,0.0,0.916701755898187,0.56764379181689,0.5303545454545455,medium
2024-01-31,NVTK,0.28002841822529495,0.6023320314963558,0.11763955027834916,1.0,-0.030845905172413812,-0.1249087813184141,0.11479775502877608,0.13561063907525292,-0.12887039530045286,1211931591.4,5.566715999988052e-12,0.0,0.746623162628399,0.5921837513883397,0.3915917748917749,medium
2024-01-31,OZON,0.1171241618334362,0.5948148429381591,0.2880609952284047,1.0,0.02972925145991856,0.10104068117313147,0.25967640427104305,0.21927593033139683,-0.160675472329042,946176879.75,1.28285536911471e-11,0.0,1.237421018070401,0.5853181078346585,0.6124922077922078,medium
2024-01-31,PHOR,0.5081418431301847,0.39692683514417215,0.09493132172564313,1.0,0.015308419630796877,-0.004854368932038833,0.07647595852634935,0.10382163137425109,-0.04391449760069799,284627052.0,1.5114417662606558e-11,0.0,0.4917759853522848,0.5567781623344844,0.2902991341991342,low
2024-01-31,PIKK,0.1203706666293973,0.6549316302570783,0.22469770311352436,1.0,0.08719988216232144,0.014012913861794374,0.2592547900302394,0.11812327129076236,-0.109375,167340435.35,5.300552933648547e-11,0.0,0.9273403084013184,0.5796982485087941,0.5780225108225108,medium
2024-01-31,PLZL,0.12080027072766716,0.6685914317252042,0.2106082975471287,1.0,0.05383194829178195,0.004356052272627364,0.13693026733097413,0.1475286593799048,-0.12918997489318595,55601558.45,8.997601182851595e-11,0.0,0.8600474044907577,0.6494299666506337,0.5694826839826841,medium
2024-01-31,POSI,0.12043751340708043,0.6568193242821891,0.2227431623107304,1.0,0.09337260677466852,-0.011188066062866375,0.16749229599212637,0.1875317126785582,-0.14535252059009873,286926358.7,2.2187548124765942e-11,0.0,0.8877783386427271,0.5728357151119984,0.576861038961039,medium
2024-01-31,RNFT,0.05128852942864321,0.1649787887889262,0.7837326817824306,1.0,0.10457516339869288,-0.07142857142857151,0.2826160213098297,0.2785158289791029,-0.24969097651421512,211123806.95000002,4.687455610981423e-11,0.0,2.071728050197828,0.7923856116664556,0.8408251082251083,high
2024-01-31,ROSN,0.32294652719521494,0.5624636928091283,0.11458977999565678,1.0,-0.04801324503311255,-0.023686221241192018,0.13701037187690557,0.14065294082220112,-0.10462978438910231,1240536390.9250002,2.5882228236801264e-12,0.0,0.8857594005357519,0.6316772519097422,0.3704839826839827,medium
2024-01-31,RTKM,0.11025229880658508,0.5171550813911878,0.3725926198022272,1.0,0.09075415423945454,0.014933262851856588,0.17726651186074235,0.23324450863002325,-0.1807228915662651,191274103.75,4.260388077425078e-11,0.0,1.1176941522207302,0.5785685133916425,0.6522142857142857,medium
2024-01-31,RUAL,0.141560917214883,0.7377273343176638,0.12071174846745325,1.0,0.01656583117257271,-0.1182056728726728,0.13269080537100683,0.10580898458348462,-0.1622561808920362,434745271.5,1.4397393010544066e-11,0.0,0.7695001727549492,0.6994265188192482,0.48008441558441556,medium
2024-01-31,SBER,0.4923141762774079,0.4107367836253434,0.09694904009724857,1.0,0.005244755244755206,0.009436032477507128,0.07674295833138293,0.14474626347093686,-0.1053163674394284,5457348446.699999,6.592631928393457e-13,0.0,1.0134549211700448,0.7575058235432455,0.29688354978354986,low
2024-01-31,SGZH,0.07785480560401566,0.29376185876760286,0.6283833356283814,1.0,0.1047065044949762,-0.12153069806560135,0.2545467305714239,0.2371312699191093,-0.21872358410819948,500755633.5,1.51882601750965e-11,0.0,1.2790615256391151,0.4812570002208788,0.7610380952380953,high
2024-01-31,SIBN,0.12090819878125586,0.7312550509615463,0.14783675025719786,1.0,-0.03608065086664314,-0.009930967663800416,0.1639671777759765,0.2265664007388291,-0.13540272946213538,547629167.425,1.2670549741051278e-11,0.0,0.5482950182109269,0.29991268865278825,0.5251346320346322,medium
2024-01-31,SMLT,0.4551604665703826,0.44337899448904156,0.10146053894057586,1.0,-0.002556237218813928,-0.014646464646464685,0.11185543245507075,0.08960274796655335,-0.058240396530359395,260129346.0,1.813698475351124e-11,0.0,0.4311784939950242,0.3905599038973682,0.31237748917748925,low
2024-01-31,SNGS,0.11449260701260464,0.561336067600034,0.3241713253873615,1.0,0.062329141607435856,-0.1012950971322849,0.20369990338975466,0.1843323794168597,-0.1838010982306285,754536421.25,9.862901488353678e-12,0.0,1.4353302342961025,0.8131101787131584,0.6300952380952382,medium
2024-01-31,SPBE,0.03557941928699585,0.10197904599636565,0.8624415347166384,1.0,0.18193224592220836,-0.18863049095607232,0.8833462501912777,0.4095084348472381,-0.31359851988899157,348464809.85,5.432494349234245e-11,0.0,2.127562463772749,0.36926829248396403,0.8985000000000001,high
2024-01-31,T,0.06604632750282524,0.2326944279046321,0.7012592445925427,1.0,-0.031050228310502304,-0.07322754403843346,0.26528702115328484,0.2033568845415515,-0.17144066600818397,137648831.47500002,8.713311491533806e-11,0.0,0.9962208465307842,0.5476092082055319,0.7953151515151515,high
2024-01-31,TATN,0.35732222942935693,0.5310076916004054,0.11167007897023765,1.0,-0.02413649604660839,0.15384615384615374,0.207867525707855,0.16867929668311823,-0.054001928640308505,796518941.0,4.294309423418853e-12,0.0,0.8223446223424234,0.5526125554753992,0.35461385281385277,medium
2024-01-31,UGLD,0.12124284576040462,0.6941362391893496,0.18462091505024583,0.8166666666666667,0.015003061849357069,,0.22151681767407944,0.1430364654390015,-0.09680759275237283,141589438.2,4.864745497357838e-11,0.0,0.9982129915737936,0.4686745874545341,0.5525636363636365,medium
2024-01-31,VKCO,0.11805165639629456,0.6086753662921349,0.27327297731157063,1.0,0.22257383966244726,0.09962049335863377,0.2986843655840009,0.17214540689604207,-0.16395494367959962,1222372063.9,8.76518823102646e-12,0.0,1.5285157402981604,0.6948207891746833,0.6049186147186147,medium
2024-01-31,VTBR,0.1426287071502727,0.7366228091382779,0.12074848371144922,1.0,0.06731813246471208,-0.031145278927656284,0.25021445389638747,0.1509194238916379,-0.1257188181637916,8648250268625.0,1.220498248954565e-15,0.0,1.1686121632116073,0.6866387475247236,0.4791831168831169,medium
2024-01-31,WUSH,0.10889180668583481,0.5045170037108069,0.3865911896033583,1.0,0.10601783393825337,0.13380799265043652,0.23816306559670186,0.1674698558682068,-0.1736753574432296,108782300.46000001,4.8903257970222326e-11,0.0,1.1163773848225231,0.5806853053006649,0.6583766233766234,medium
2024-02-29,AFKS,0.2417916084833946,0.6385152104039181,0.1196931811126872,1.0,0.07325581395348846,0.1563517915309447,0.22521727738946457,0.12910360301668652,-0.05021260630315161,516502443.0,1.4075098087604962e-11,0.0,0.8998752188751902,0.5895117299064266,0.41210692640692637,medium
2024-02-29,AFLT,0.12086235242280802,0.7329061679721732,0.14623147960501867,1.0,-0.007468452227659017,0.07653631284916207,0.2272462904229287,0.11001419443246023,-0.08118172790466738,432165804.85,2.320921694918237e-11,0.0,1.0876051558951538,0.665148440641382,0.523817316017316,medium
2024-02-29,ALRS,0.25173280551455973,0.6290401393744265,0.11922705511101366,1.0,-0.0020987827060305886,0.09319435928877984,0.17886673203087805,0.10771568168917602,-0.09386666666666676,813314686.3999999,9.456028089251386e-12,0.0,0.6429015766061787,0.42052493999145146,0.406582683982684,medium
2024-02-29,ASTR,0.12110973512031456,0.7221932103284466,0.15669705455123886,1.0,0.006568436002130307,0.2209302325581397,0.27792729197184624,0.1360355914005181,-0.058380414312617646,183489171.52499998,4.402272092899139e-11,0.0,1.1315498527806875,0.5515899201156301,0.5322021645021645,medium
2024-02-29,BSPB,0.10522747821860895,0.47296297415512534,0.42180954762626577,1.0,0.04278485430116907,0.49181228157763357,0.27673299257969086,0.1905971127738402,-0.11507650765076505,491610039.0,2.0686693924529734e-11,0.0,2.4608022222681805,0.6796557236501226,0.6735536796536796,medium
2024-02-29,CBOM,0.11945669188109792,0.633573198760597,0.246970109358305,1.0,0.03713629402756502,0.05054291623578089,0.18306946649219677,0.15080633288199433,-0.07548759932578841,50087584.900000006,1.3534745664541993e-10,0.0,0.9824043141774448,0.5378931793299468,0.5907891774891776,medium
2024-02-29,CHMF,0.31745191600019446,0.5675289317766999,0.11501915222310558,1.0,-0.007451923076923106,0.29638932496075343,0.2030185446590295,0.14208048687909705,-0.0747119610405036,1709136503.8000002,4.2049699932822825e-12,0.0,1.1049341350507047,0.5768353531929309,0.3730965367965368,medium
2024-02-29,ENPG,0.11232065698334398,0.5376370818561218,0.3500422611605342,1.0,-0.07316035729476811,-0.021553659631791566,0.19240487068065823,0.13113231810391235,-0.10238194734642703,83470191.4,1.0916443109485101e-10,0.0,1.0667103519531613,0.6810779598777,0.642087012987013,medium
2024-02-29,FEES,0.12071212477404329,0.7377162209634074,0.1415716542625493,1.0,-0.05792778649921515,0.04347070074769599,0.1776999466027112,0.11748441933470012,-0.08257203092059018,161011816.20000002,4.556598256074657e-11,0.0,1.0072918283119983,0.5932349706868938,0.5199246753246753,medium
2024-02-29,FLOT,0.1185766096653319,0.6172849046840411,0.264138485650627,1.0,-0.040974373415939125,0.136113427856547,0.21381575053059648,0.16487275517792752,-0.11862022772940395,704919845.75,1.0449522927565535e-11,0.0,1.2040849657884218,0.6058736120378126,0.6001142857142857,medium
2024-02-29,GAZP,0.7336767836587238,0.20589252239249126,0.06043069394878495,1.0,-0.027114771839115148,0.011311793012936722,0.09151538549015467,0.07054607832059853,-0.06054304557067314,2847508077.55,1.067780877122588e-12,0.0,0.4396971027648954,0.4184217006286819,0.18792857142857144,low
2024-02-29,GMKN,0.10492633114344932,0.47050375991119564,0.424569908945355,1.0,-0.08641665621472472,-0.12598992080633553,0.16727591364705818,0.1396431309942792,-0.16451575398209517,16137929.58,3.422531039251977e-10,0.0,0.6930127562160965,0.5701716585402643,0.6747272727272727,medium
2024-02-29,HYDR,0.12126939030025963,0.6990641944439767,0.17966641525576368,1.0,-0.030535326434138144,0.006232595146532294,0.14933804724012342,0.1334393826613126,-0.08323917137476466,116242510.45,5.7725397733496007e-11,0.0,1.1373592354507454,0.6977857604605694,0.5491359307359307,medium
2024-02-29,IRAO,0.4808222084564579,0.4207991247461614,0.09837866679738082,1.0,-0.0019588638589618235,0.013678189505098137,0.13902730916313374,0.10177141326925422,-0.03950078759239073,261019406.10000002,1.25184504771491e-11,0.0,0.7310257659298789,0.7678941470818441,0.3016658008658009,low
2024-02-29,LKOH,0.2981014874280142,0.5854558065384835,0.11644270603350242,1.0,0.04054721105704817,0.034419908867858284,0.1498818409898877,0.1497866171799363,-0.09498516934538181,3956899040.0,1.740879872655034e-12,0.0,0.4980211218671933,0.3948363634755236,0.38249567099567106,medium
2024-02-29,MAGN,0.19837599526071414,0.6805550972485767,0.12106890749070919,1.0,-0.05981660810695011,0.09381854436689929,0.20212712340390768,0.10876144261495092,-0.11172995780590711,1601786607.125,6.281960138695555e-12,0.0,0.9494385021662102,0.5755590209817144,0.43827445887445887,medium
2024-02-29,MGNT,0.4960482774447593,0.4074736572676272,0.09647806528761348,1.0,0.08693799275516723,0.2213088587390264,0.1739028343009563,0.12698177870658273,-0.07635501355013552,1907931830.25,3.7202579214212715e-12,0.0,0.7043795469587061,0.43364168220091603,0.295330303030303,low
2024-02-29,MOEX,0.12119724445700802,0.6892748597592898,0.18952789578370216,1.0,-0.015925451138940838,-0.0022994251437140623,0.22322589661728473,0.17457957014698772,-0.08251182965299686,978391999.0,6.2270281680075855e-12,0.0,1.1513791272796834,0.6697507832548311,0.5558896103896104,medium
2024-02-29,MTLR,0.09818884320782997,0.4194490005810893,0.48236215621108075,1.0,-0.15143178692009507,-0.04610626932808548,0.3305646496888944,0.21950558642122434,-0.18457101658255226,2942769666.1949997,3.870859380756524e-12,0.0,0.9625105075262083,0.39266197318914126,0.6989753246753246,high
2024-02-29,MTSS,0.655445457995837,0.27095582105794824,0.0735987209462147,1.0,0.058588064046579236,0.16944723618090451,0.14452459421801594,0.0888178092113485,-0.029126213592232997,558150052.25,1.0566359912317399e-11,0.0,0.6173313964477615,0.5948920972958168,0.2266640692640693,low
2024-02-29,NLMK,0.2956900290642421,0.5876999146699899,0.1166100562657679,1.0,0.000999300489657351,0.16598766150622746,0.22513515910000226,0.13190096410870245,-0.07234333756965494,1306144559.2,6.201290451863067e-12,0.0,0.9608900624273601,0.5553826565500741,0.38369047619047625,medium
2024-02-29,NVTK,0.12121354008151114,0.6907948987759486,0.18799156114254034,1.0,-0.06212647671994442,-0.10349408795004666,0.21373174927395067,0.13808766578238274,-0.13290975103734437,1606162970.8,4.456653379355394e-12,0.0,0.9384285072604607,0.6343941349988749,0.5548554112554114,medium
2024-02-29,OZON,0.11760264195309636,0.6017792727900465,0.2806180852568572,1.0,0.10534456092112054,0.1880310306612487,0.333794661382308,0.21644429388400135,-0.08310502283105026,1058196851.75,8.163755836675354e-12,0.0,1.386625920440258,0.6145748598355234,0.6087103896103897,medium
2024-02-29,PHOR,0.3861239517932026,0.5049379209108472,0.1089381272959502,1.0,-0.0014781966001478075,0.008208955223880654,0.14367034017443273,0.11422138389094186,-0.042661619103086745,268246823.0,1.6815619011776956e-11,0.0,0.6676941617115358,0.6883897757569873,0.34182770562770565,medium
2024-02-29,PIKK,0.1391047531660957,0.7402733256540849,0.12062192117981947,1.0,0.18886329765614418,0.31657914478619653,0.3740696755513853,0.12507985694972615,-0.06643157774997155,758137737.3499999,2.4255926804259133e-11,0.0,0.9345907722532145,0.4394017427261665,0.4821792207792207,medium
2024-02-29,PLZL,0.12125206445366804,0.7103606897666814,0.16838724577965059,1.0,-0.03496013318145963,0.02838468720821674,0.15798941486125245,0.1398350850748467,-0.08067891188095788,74774375.0,8.149153747537204e-11,0.0,0.9847199021635872,0.7430242949191304,0.5410493506493507,medium
2024-02-29,POSI,0.12099393953531372,0.6767086939723707,0.20229736649231567,1.0,0.022808908045977017,0.12772277227722761,0.24643680762850678,0.21616631536558326,-0.06643598615916957,336638489.79999995,2.0574450766519674e-11,0.0,0.9175278483533521,0.5570739007150827,0.5642497835497835,medium
2024-02-29,RNFT,0.06772846162377283,0.24098759536286982,0.6912839430133574,1.0,0.008547008547008517,0.1647684130599849,0.4260361963497693,0.21792295278460694,-0.11244472520530646,285207134.6,4.8977829762106083e-11,0.0,1.7879627483142384,0.6698063378809608,0.7903805194805195,high
2024-02-29,ROSN,0.30040882050075357,0.5833107361985769,0.11628044330066961,1.0,0.00521739130434784,0.023008849557522026,0.1741282492137215,0.14836530914315954,-0.06903402036255268,1966633861.775,2.6251402996902055e-12,0.0,1.0122933616066656,0.717949117171362,0.38135757575757573,medium
2024-02-29,RTKM,0.17822268941850058,0.7005039932126675,0.12127331736883191,1.0,0.18815104166666674,0.23061362103843552,0.3093674958487147,0.10806569252679786,-0.06708739196048841,971771246.8,2.1028475870048917e-11,0.0,1.0465377103426263,0.5518034965887365,0.4518766233766234,medium
2024-02-29,RUAL,0.21584761189069798,0.6634974690015795,0.12065491910772257,1.0,-0.013603514241178893,-0.02792906018712471,0.16942491706745955,0.10233509576350579,-0.07363648852864402,429089985.6,1.718603531360306e-11,0.0,0.8594952489194891,0.7052030122508258,0.4272952380952381,medium
2024-02-29,SBER,0.3547172952793178,0.5333779177262118,0.11190478699447047,1.0,0.05865942028985516,0.07835104812518456,0.1444709996265878,0.15234653400146286,-0.08218296259208935,9534948448.3,6.504754256805216e-13,0.0,1.089760352064731,0.7915524594992316,0.35579090909090905,medium
2024-02-29,SGZH,0.12108547165689784,0.6814908472499918,0.19742368109311043,1.0,-0.05672570607946392,-0.016716566866267546,0.16920559198515697,0.1478174582306115,-0.10397479398933596,348778478.65,1.7596082676895365e-11,0.0,0.8331386366429004,0.5057520013716739,0.5611069264069265,medium
2024-02-29,SIBN,0.11297476248244104,0.5445011642714628,0.34252407324609613,1.0,-0.020795107033639182,-0.07037510161421445,0.16741947293872977,0.21716309738167047,-0.15418785121755418,460943803.4,1.2963707629206619e-11,0.0,0.738164797009609,0.41404267801047007,0.6386471861471861,medium
2024-02-29,SMLT,0.11887980494164495,0.6225897732159599,0.2585304218423952,1.0,-0.04715530497180931,-0.04532032353318782,0.2645020363309888,0.12036293632813654,-0.11420022441092137,696077120.0,1.2451392538515313e-11,0.0,0.6670639033110729,0.4453173679097084,0.5971125541125542,medium
2024-02-29,SNGS,0.10226376820977909,0.44948700942029723,0.4482492223699237,1.0,0.008920912677989445,-0.016883985289200876,0.3093787910312157,0.19383525500036913,-0.10036987222595828,969740245.75,8.295265753225155e-12,0.0,1.444925039931444,0.737132055624282,0.6847242424242425,medium
2024-02-29,SPBE,0.06457532977733617,0.2255442631381389,0.7098804070845249,1.0,-0.06687898089171973,0.10150375939849643,0.4022654225020147,0.15583842718084456,-0.21455223880597019,113325073.05,1.5516868871140713e-10,0.0,0.8323346807176036,0.19209167098456975,0.7996580086580086,high
2024-02-29,SVCB,0.12119806738786598,0.7162217059607524,0.16258022665138167,0.8666666666666667,0.19463304235370193,,0.5261355622690561,0.15063349664770934,-0.04706533776301203,963858452.0,1.546942810836124e-11,0.0,0.7365114627344153,0.3310408289970179,0.5367181818181819,medium
2024-02-29,TATN,0.4268255348646617,0.4684956709645507,0.1046787941707878,1.0,0.021748400852878325,0.1524771524771522,0.12627226277185793,0.1674929055144628,-0.054001928640308505,761367835.95,7.632539295865566e-12,0.0,0.7725583938700088,0.5305359115447196,0.32431515151515156,medium
2024-02-29,UGLD,0.12005066070318465,0.6466637029627005,0.23328563633411475,1.0,0.15113122171945692,0.3592163846838825,0.38736350991115015,0.1543571146956372,-0.07633018398806568,459536007.95,3.645288841265631e-11,0.0,0.5816472276919368,0.2436863201946698,0.5830437229437228,medium
2024-02-29,VKCO,0.11921032367697637,0.6287188416135151,0.25207083470950836,1.0,-0.06154731090020127,0.09606986899563319,0.24844909865475703,0.1693413639212922,-0.11140671765879617,1466780192.9,7.684390238215123e-12,0.0,1.5856624164557842,0.7022557240854846,0.5936025974025974,medium
2024-02-29,VTBR,0.12074437795803582,0.7367482857672962,0.142507336274668,1.0,-0.04679552390640884,0.03903304502106897,0.2561680933377037,0.1733385366663174,-0.08296943231441045,10547525002625.0,5.014218956865085e-16,0.0,1.1907968988617195,0.6687541400365575,0.5207147186147185,medium
2024-02-29,WUSH,0.11562989503121243,0.5749876963381674,0.3093824086306201,1.0,0.08657780658752978,0.2532710280373831,0.27845111147115914,0.1340576845792982,-0.08327501749475152,182923537.8,5.992872359719882e-11,0.0,1.1350317781588615,0.5918932158072723,0.6230229437229436,medium
2024-03-29,AFKS,0.18488662380544776,0.6938725148583545,0.1212408613361977,1.0,0.2219393282773563,0.38149191572758445,0.328863234074562,0.11143507734805018,-0.03771409749670629,1338689877.8000002,8.333670949413916e-12,0.0,1.216758591180421,0.5274934726383206,0.44725454545454546,medium
2024-03-29,AFLT,0.1163620155436786,0.5843854022646591,0.29925258219166245,1.0,0.1800726517903477,0.272167832167832,0.3180727751667715,0.12871291257130346,-0.08118172790466738,640299386.0,1.5511594625617754e-11,0.0,1.5113994825539283,0.6143521611062958,0.6180727272727272,medium
2024-03-29,ALRS,0.23113758975453624,0.6487277647145617,0.1201346455309019,1.0,0.10375771172181736,0.10561797752808988,0.16541027049323842,0.10027521188258243,-0.09386666666666676,1184386362.3,7.53719042564788e-12,0.0,0.5676140178693894,0.35070870681463434,0.41820000000000007,medium
2024-03-29,ASTR,0.09539884823436093,0.4000880657236326,0.5045130860420065,1.0,0.22557319223985894,0.35431689729097626,0.5661482128381764,0.16580979005610788,-0.06451612903225812,190124969.125,3.986807801054163e-11,0.0,1.7232954968786813,0.46297832481481643,0.7081909090909091,high
2024-03-29,BSPB,0.16490095339703878,0.7138755501089756,0.12122349649398559,1.0,0.036377631270707145,0.38869955156950686,0.18226495121117306,0.11712139195347177,-0.05771812080536909,354806963.7,1.7407710095724353e-11,0.0,1.9794018379475555,0.5223645928958272,0.46153636363636363,medium
2024-03-29,CBOM,0.16085687430256884,0.7179673403455891,0.12117578535184206,1.0,-0.05487879906484561,-0.05079090459713298,0.11877259657626953,0.09132404127876641,-0.06191988275525162,73514917.30000001,5.7918122028871e-11,0.0,0.6048289632956075,0.39324910517879275,0.46459090909090905,medium
2024-03-29,CHMF,0.23162311882905712,0.6482609922820881,0.12011588888885484,1.0,0.13695810123516594,0.31590749824807274,0.19975674174836205,0.11652499949739091,-0.0747119610405036,1494897951.0,6.380994660945553e-12,0.0,1.217481745297043,0.5231885157153797,0.41791818181818186,medium
2024-03-29,ENPG,0.11219617205080666,0.5363539672960606,0.35144986065313283,1.0,-0.018357044515832976,-0.046791443850267345,0.1966994490464505,0.1086915084434116,-0.1061429168407857,74000604.6,1.0438597094925793e-10,0.0,0.9646359105518705,0.5375358998842961,0.6427272727272727,medium
2024-03-29,FEES,0.10810995129341729,0.49750386341715513,0.3943861852894274,1.0,-0.022162972837860284,0.05067144136078783,0.2041221103203834,0.1170817887521197,-0.11675523601125348,209251419.4,4.2108170484241716e-11,0.0,1.091792737557151,0.5330373773859531,0.6617727272727273,medium
2024-03-29,FLOT,0.11587300732253158,0.5780488977726531,0.3060780949048153,1.0,-0.061958596388195564,-0.14413931681178838,0.15923256068677594,0.14358987378418595,-0.14015228084360887,1176762467.15,8.38426637452781e-12,0.0,0.9841666141533177,0.5462065426160719,0.6214181818181818,medium
2024-03-29,GAZP,0.6429189197788842,0.2814935483841643,0.07558753183695155,1.0,-0.0284266468916079,-0.026139742319127857,0.10707847141844075,0.05257296715805287,-0.07052462717604424,2614046098.0,1.1421220879412439e-12,0.0,0.5136495557880292,0.508293204174332,0.2324090909090909,low
2024-03-29,GMKN,0.11630611827585227,0.5836481936164812,0.3000456881076665,1.0,0.03720483250960993,-0.07617999510882856,0.15614747876884144,0.09040113846877681,-0.1250456593205893,16339215.690000001,3.7446648434933105e-10,0.0,0.8661082628921681,0.6582064487638014,0.6184636363636363,medium
2024-03-29,HYDR,0.12028695892346558,0.7483706632175118,0.1313423778590227,1.0,-0.05614127569847138,-0.02265283842794763,0.1465028942351319,0.07317714217255991,-0.10081607030759576,213877616.6,3.0679865242796054e-11,0.0,0.9374292288493169,0.5233247920800541,0.510990909090909,medium
2024-03-29,IRAO,0.5525796260993141,0.3584464802273189,0.08897389367336696,1.0,0.00012266928361159835,0.0167103130066093,0.08461188329137523,0.06312101833185883,-0.03950078759239073,360524853.8,7.225764629868159e-12,0.0,0.5950128380959073,0.5954136504120795,0.2717181818181818,low
2024-03-29,LKOH,0.7018110998558672,0.2322362536890057,0.06595264645512708,1.0,0.023448088912984444,0.10986991989417216,0.1372610518857711,0.06944224942334729,-0.04009612083762448,6472399282.5,6.743859178508111e-13,0.0,0.8170876672739809,0.6337561041748642,0.20440909090909093,low
2024-03-29,MAGN,0.2759878515682698,0.6061237186489695,0.11788842978276065,1.0,0.025795278461398397,0.06652767247915103,0.13439370178144833,0.09736276582126123,-0.11172995780590711,1109950621.525,4.074711722640799e-12,0.0,1.001716713819113,0.5112835309204078,0.3936727272727273,medium
2024-03-29,MGNT,0.2531794061700776,0.6276655391529264,0.11915505467699603,1.0,0.031954518721819314,0.09865034089327951,0.1792383786163004,0.1312417350732408,-0.07635501355013552,1629779514.0,3.577766080936581e-12,0.0,0.8034108149453517,0.4400925839807214,0.4057909090909091,medium
2024-03-29,MOEX,0.23642172131684908,0.6436548399403286,0.11992343874282227,1.0,0.11588756951751078,0.13981576253838268,0.17916608500427744,0.1180008495589456,-0.07707317073170739,1446779933.2,4.456861200321436e-12,0.0,1.0488478890965347,0.5630906220218246,0.41515454545454544,medium
2024-03-29,MTLR,0.1028141487650126,0.45373112895444934,0.44345472228053817,1.0,0.020630710285882703,-0.15210871028952677,0.2662708385654057,0.20757758842926935,-0.18457101658255226,2075622362.49,4.122763925531277e-12,0.0,0.9050112966051808,0.319062866437899,0.6827090909090909,medium
2024-03-29,MTSS,0.5868297727374936,0.32907320610808605,0.08409702115442043,1.0,0.02371949123410122,0.19024780175859313,0.142514098178675,0.06664708940113194,-0.029126213592232997,800721666.25,7.374268980114226e-12,0.0,0.6322635601273132,0.4851093001990135,0.25715454545454547,low
2024-03-29,NLMK,0.162796680507857,0.7160026596448322,0.12120065984731088,1.0,0.10512129380053903,0.22361003647617994,0.23073500121645532,0.1177377415240371,-0.07234333756965494,1442606168.1,4.421425796281252e-12,0.0,1.2182577472280312,0.5449849531852056,0.4631181818181818,medium
2024-03-29,NVTK,0.12119557951374736,0.7164284111228427,0.16237600936341,1.0,-0.027415530527563736,-0.11597521551724144,0.21921159127358622,0.11351307353758494,-0.13773959021810978,1957606360.6,3.3214380135820852e-12,0.0,0.6068845838554958,0.34626460207669624,0.5365636363636364,medium
2024-03-29,OZON,0.12086928625854274,0.6712651586416755,0.20786555509978177,1.0,0.17817164179104483,0.3410015926384711,0.2834123591703161,0.1563781785276431,-0.0823723228995058,1590788067.0,1.0450930156766398e-11,0.0,1.6746851946223968,0.6083156205619302,0.5677727272727272,medium
2024-03-29,PHOR,0.3989805093283802,0.49337829046516446,0.10764120020645551,1.0,-0.01924500370096227,-0.005703136725198843,0.07778886604457323,0.06937777222644397,-0.04853110599078336,295894125.5,1.292714385173063e-11,0.0,0.5283231165550066,0.5444895923424848,0.3362363636363636,medium
2024-03-29,PIKK,0.11460764006835153,0.5626716749937362,0.3227206849379123,1.0,0.012877492877492847,0.30917660922079837,0.3139721309499947,0.133098777914948,-0.09592145015105735,700758655.8,1.5211856243179478e-11,0.0,1.030974648038151,0.34397573006759885,0.6294090909090908,medium
2024-03-29,PLZL,0.12007046686823153,0.6471445617223844,0.232784971409384,1.0,0.08816052297076449,0.10664819944598336,0.2891107806866717,0.0985424447420395,-0.06001927626390957,147799420.875,7.003193378447165e-11,0.0,1.0531940205710306,0.5413904517641241,0.5827545454545455,medium
2024-03-29,POSI,0.12106179064177018,0.7247247958082784,0.15421341354995147,1.0,0.21176470588235308,0.35513009327442324,0.30409064144850306,0.1579983493816381,-0.04026086956521735,834592685.3000001,1.0862700695968191e-11,0.0,1.0054798671303677,0.43053390289587307,0.5302545454545454,medium
2024-03-29,RNFT,0.09686880071051264,0.4101790848283217,0.4929521144611655,1.0,0.28292046936114734,0.4291938997821352,0.34221420992366103,0.21450893943316884,-0.11244472520530646,1126822751.5,1.942051526065752e-11,0.0,1.4927890699381114,0.44300084054498057,0.7033818181818182,high
2024-03-29,ROSN,0.17058070098412345,0.7081550378623974,0.12126426115347902,1.0,-0.021193771626297542,-0.0633278145695364,0.15745495007309163,0.1358282527496645,-0.08252628093700842,1583357016.725,1.548773514313392e-12,0.0,0.7876624042049353,0.5384104022826443,0.4573454545454546,medium
2024-03-29,RTKM,0.15066498969322262,0.7283531549129634,0.12098185539381415,1.0,0.11780821917808226,0.44865786109927575,0.3357208357731564,0.07332966364378675,-0.03562500000000002,622486588.5,2.455951268783387e-11,0.0,1.0899019270084276,0.41391488581646474,0.4725727272727272,medium
2024-03-29,RUAL,0.14676268779420232,0.732359459990584,0.12087785221521354,1.0,-0.02370349087774748,-0.021031403053875075,0.15648691766091213,0.07809165656019369,-0.08817086527929918,325893338.825,1.3302028943415008e-11,0.0,0.6868251844877669,0.4808098728389759,0.4757454545454545,medium
2024-03-29,SBER,0.7788676383755292,0.16892882676988907,0.052203534854581665,1.0,0.022348471884732657,0.08799533799533799,0.11334180972613189,0.06600083806898913,-0.028390297684674826,8331255154.2,5.286717005384149e-13,0.0,0.7421256585411778,0.6894713233769769,0.16216363636363637,low
2024-03-29,SGZH,0.10410714611235276,0.46390285465181674,0.43198999923583065,1.0,-0.05303222532352181,-0.013220518244315138,0.2203382465258299,0.12285238248366287,-0.12511781338360028,299820509.35,2.7445357034357788e-11,0.0,0.8413982214573906,0.40306971572571915,0.6778727272727272,medium
2024-03-29,SIBN,0.0939660541682449,0.39047024648508016,0.5155636993466749,1.0,-0.07332916926920685,-0.12533899304327323,0.2464735779809969,0.14289013637486112,-0.15162118031257288,828290376.7249999,1.0081542313494803e-11,0.0,0.9343041028208903,0.5115742148320603,0.712790909090909,high
2024-03-29,SMLT,0.11480938774809907,0.5650371251226847,0.3201534871292164,1.0,-0.03805809575040342,-0.0857617586912065,0.20304505967984204,0.10747192865778615,-0.12449290060851925,396995325.0,1.750936338711935e-11,0.0,0.993017034964355,0.5265170731758552,0.6281909090909091,medium
2024-03-29,SNGS,0.11995000351976566,0.7550775605475274,0.12497243593270696,1.0,0.016153715354531473,0.08911973756150893,0.19175631495803638,0.12664197861178408,-0.0856125586664509,1041998447.5,7.041638494669893e-12,0.0,1.2835535231569528,0.5738610524519444,0.5051272727272728,medium
2024-03-29,SPBE,0.06708220814416377,0.2377865446297468,0.6951312472260894,1.0,0.012514220705347023,0.11668757841907151,0.22081464255682498,0.17793832192739906,-0.21455223880597019,62162253.699999996,1.2115005372810794e-10,0.0,1.1766096639775154,0.21857979021375487,0.7922727272727272,high
2024-03-29,SVCB,0.13291336369043127,0.7467254010025254,0.12036123530704337,1.0,0.047361299052774086,0.3583713583713586,0.22188620752297888,0.1314616124485412,-0.04706533776301203,734474492.5,1.258370191247323e-11,0.0,1.013625390554866,0.2945374469690879,0.4876,medium
2024-03-29,TATN,0.12034469447941577,0.7470980559131238,0.13255724960746032,1.0,-0.0340845854201447,-0.03689832154251638,0.19491153642708692,0.15676107003219647,-0.08730264030781487,1588319041.4,4.731682890279473e-12,0.0,0.5447913410049151,0.32502606616626184,0.5120818181818182,medium
2024-03-29,UGLD,0.11643174649295858,0.5853099862657597,0.29825826724128174,1.0,0.14779874213836486,0.3410900183710961,0.3204665103189936,0.13504999251135047,-0.07633018398806568,329913331.79999995,3.1554439429926426e-11,0.0,0.4043975295876299,0.13609886588500655,0.6175818181818182,medium
2024-03-29,VKCO,0.11943493032894682,0.6331331818634438,0.24743188780760944,1.0,-0.06558381857186646,0.07208157524613212,0.20600977478002191,0.1231307712551432,-0.12999712395743457,1091518999.0,6.329963781317689e-12,0.0,1.5053114443700863,0.5950357035282844,0.5910454545454545,medium
2024-03-29,VTBR,0.1487648595302702,0.730301778942221,0.1209333615275088,1.0,-0.021344717182497308,-0.004343105320304019,0.14659352184105962,0.16445988626807753,-0.11472806669313207,8347463278500.0,5.351677686022445e-16,0.0,1.3596846368140207,0.6475266473981995,0.474109090909091,medium
2024-03-29,WUSH,0.12126465646351188,0.7080672229993396,0.1706681205371484,1.0,0.20618941088739762,0.4495675942106916,0.41696643616346457,0.10897864856562765,-0.04315318050705941,492152924.5,3.07709864004067e-11,0.0,1.128665109985562,0.37756817140956056,0.5427181818181819,medium
2024-04-30,AFKS,0.1898144747953429,0.6889915211125749,0.12119400409208224,1.0,0.06657552406993128,0.47755968778696056,0.29436495699476684,0.1526743729318064,-0.04344262295081969,3306543285.0,3.684466925141456e-12,0.0,1.4563752576600058,0.49475795861463817,0.4439181818181818,medium
2024-04-30,AFLT,0.12102464290059886,0.6782167400663002,0.2007586170331009,1.0,0.03180000000000005,0.2926584815835631,0.28030277764224687,0.1339158817030667,-0.08118172790466738,1227572506.4,1.0620459358590804e-11,0.0,1.8350141066629562,0.6833895893069638,0.5632636363636364,medium
2024-04-30,ALRS,0.29029925723007804,0.592724968264087,0.11697577450583493,1.0,-0.016018306636155444,0.0938383267382703,0.12814321379575483,0.10490301843848625,-0.05210295040803525,679704118.0,7.67696390201624e-12,0.0,0.5165319496987725,0.36827192985984586,0.3863818181818182,medium
2024-04-30,ASTR,0.06585077073514935,0.23173843825755666,0.702410791007294,1.0,-0.08553121740426162,0.09863945578231292,0.3581891379427641,0.21352514170176617,-0.18478260869565222,892950016.625,1.7514063083458238e-11,0.0,1.785589511785827,0.4935460540699714,0.7958909090909091,high
2024-04-30,BSPB,0.12109597499633623,0.7229550504535951,0.15594897455006876,1.0,0.07627652206761937,0.14728187919463087,0.253357206544169,0.10263730616262817,-0.052471739497216174,389825660.5,1.858697640214015e-11,0.0,0.9877332245209813,0.5054350881891566,0.5316181818181818,medium
2024-04-30,CBOM,0.11383489750189647,0.5538705245842069,0.33229457791389666,1.0,-0.057648546144121404,-0.045949059260207314,0.18945555633095862,0.09890444026552292,-0.0926966292134832,60383089.599999994,1.302206523941804e-10,0.0,0.739215754141017,0.4707469356708083,0.6339090909090909,medium
2024-04-30,CHMF,0.4429361973823887,0.4541904687696082,0.10287333384800312,1.0,0.0376830318690784,0.18899580557611628,0.1474325456637107,0.1065128474326009,-0.034929398025268066,1220760280.8,4.92201259330813e-12,0.0,0.795779378261324,0.5181794740130639,0.3175090909090909,medium
2024-04-30,ENPG,0.07755369883452133,0.29211641455292214,0.6303298866125566,1.0,0.0371009490940466,0.016920473773265554,0.5055451449001447,0.13087536392291524,-0.10050462573591257,407443297.5,3.238699959971097e-11,0.0,1.4049899456362136,0.4745432796352268,0.7619090909090911,high
2024-04-30,FEES,0.09897441274856619,0.4250654588234219,0.4759601284280118,1.0,0.08583264291632142,0.029860128870029756,0.2645276258828967,0.11811408905901181,-0.11675523601125348,253400462.0,2.896340889010287e-11,0.0,0.9709440263244213,0.5085932181567987,0.6963090909090909,high
2024-04-30,FLOT,0.11413504040373545,0.557242489350557,0.3286224702457075,1.0,0.020679130103014032,-0.057696371961958426,0.18480910044842314,0.12126982339099875,-0.10749755210518952,607305541.8499999,1.2833854713041045e-11,0.0,0.9968480145912348,0.6038138660361542,0.6321909090909092,medium
2024-04-30,GAZP,0.6765916727089176,0.2532407648653719,0.07016756242571041,1.0,0.003627866937219393,-0.010007885000303252,0.11107903977867506,0.06416705128389837,-0.049690195601992504,3745518217.3500004,1.4974654235789526e-12,0.0,0.4577452207987734,0.4123223519237556,0.2167272727272727,low
2024-04-30,GMKN,0.11948413882428949,0.6341315089741122,0.24638435220159843,0.9,0.022319649262654506,-0.0351097178683385,0.3145719845307798,0.09971763206982537,-0.09949874686716786,1418976499.8000002,5.571915952028425e-12,0.1,0.5961183524421525,0.3159742421878969,0.5904636363636364,medium
2024-04-30,HYDR,0.15520654332443298,0.7237117162335261,0.12108174044204098,1.0,-0.02545551982851002,-0.06611888560790857,0.10189759671140904,0.0873205738745792,-0.08414322250639394,129163768.19999999,1.8798125393100286e-11,0.0,0.6965216687361011,0.6018498627165642,0.46896363636363636,medium
2024-04-30,IRAO,0.4459409130008845,0.4515296346242881,0.10252945237482737,1.0,-0.0012841466261966916,0.03873239436619702,0.11507745434752166,0.07456258176088261,-0.03950078759239073,412236925.6,9.455777739159636e-12,0.0,0.6662680720855026,0.5952517580424904,0.31624545454545455,medium
2024-04-30,LKOH,0.7308547319665004,0.20821648907358664,0.060928778959912964,1.0,0.05190919143953687,0.1328196147110332,0.11335756152671587,0.0702454383708879,-0.04009612083762448,4271491091.0,9.222157634896795e-13,0.0,0.7799168452643337,0.6763601228039697,0.18943636363636362,low
2024-04-30,MAGN,0.12038102989851449,0.6552199969100793,0.2243989731914062,1.0,-0.036628110760602905,-0.06434042553191488,0.21860914523461875,0.1259949959222723,-0.09007607192254496,1433160922.85,6.5180361842461604e-12,0.0,0.9301627972398128,0.588006025451163,0.5778454545454547,medium
2024-04-30,MGNT,0.4111660063185694,0.4824639158474293,0.10637007783400118,1.0,0.07701178882624293,0.19008849557522134,0.18684026395259484,0.09022665226123615,-0.045038659793814384,1706467736.0,5.9024007030193385e-12,0.0,0.8470871052140466,0.5512173215028506,0.33099090909090906,medium
2024-04-30,MOEX,0.22013518905010696,0.659341660630727,0.12052315031916604,1.0,0.030675917441200795,0.17805486284289262,0.1326562546081115,0.1197479665076679,-0.0668310727496918,1051901500.1,6.890548801803066e-12,0.0,0.8303580303652861,0.5305857991677888,0.42469999999999997,medium
2024-04-30,MTLR,0.10893802924599127,0.5049370292654498,0.38612494148855886,1.0,-0.11765938864628822,-0.23177297198649505,0.14229230931014694,0.2011998591123021,-0.2186301200346492,1226969008.58,6.176581979912721e-12,0.0,1.1117555709733051,0.4848501628497698,0.6581727272727272,medium
2024-04-30,MTSS,0.46660848331041416,0.43328669906618605,0.10010481762339976,1.0,0.02378199834847239,0.10775553967119356,0.1820911834951135,0.09018305198543315,-0.03345318117867768,1356035595.5,4.408611267993087e-12,0.0,0.7245010233846461,0.5485531909978133,0.3075909090909091,low
2024-04-30,NLMK,0.26871934647250384,0.6129625719753856,0.11831808155211065,1.0,0.09117992236165029,0.20436428856117983,0.20684681731871726,0.11308950487366617,-0.04976967754856798,1569128128.0,4.480114963290977e-12,0.0,0.9028670224137109,0.4901678644327117,0.3974636363636364,medium
2024-04-30,NVTK,0.13989722994784168,0.7394510460509374,0.12065172400122086,1.0,-0.040248640248640166,-0.1732262382864792,0.1042427173533386,0.1222190756691555,-0.1684039528902126,1465740742.6,4.1476052023037275e-12,0.0,0.505878940908593,0.34111624428437176,0.48150000000000004,medium
2024-04-30,OZON,0.2343140139722674,0.6456764451756302,0.12000954085210253,1.0,0.15205913410770866,0.5116037409075165,0.28125193292451095,0.1099601711307314,-0.047093451066961056,2056053159.5,7.39751080839774e-12,0.0,1.4465964292211029,0.5647470141891818,0.4163636363636364,medium
2024-04-30,PHOR,0.33436289790177764,0.5519732864959905,0.11366381560223174,1.0,-0.02016009487103465,-0.024210215529967494,0.10099945656348272,0.06610216900654302,-0.04939516129032262,264632620.0,1.6339168635297416e-11,0.0,0.6147983273001143,0.6247938081687531,0.36512727272727274,medium
2024-04-30,PIKK,0.10871262668601,0.5028946352627418,0.3883927380512482,1.0,-0.004854368932038833,0.15570469798657727,0.20124588506051594,0.13625642413797834,-0.09592145015105735,244562302.2,4.7027224922249364e-11,0.0,0.8022998956671159,0.3075629604716142,0.6591636363636365,medium
2024-04-30,PLZL,0.09696499827235705,0.41084778705551417,0.49218721467212884,1.0,-0.006572276260938148,0.16837455830388692,0.310262052549866,0.12619601175497627,-0.09221318507841736,293129098.09999996,5.3871403058008825e-11,0.0,1.150924624588166,0.47087971034218484,0.7030636363636364,high
2024-04-30,POSI,0.12126844889946897,0.6987913002740406,0.1799402508264905,1.0,0.05032489976496635,0.3800181653042689,0.28832826929091776,0.18197757723636324,-0.04846613412096401,1069762410.6,9.466797766618387e-12,0.0,1.3436421701215255,0.5274590074325554,0.5493272727272727,medium
2024-04-30,RNFT,0.104450195295966,0.466651667351519,0.4288981373525149,1.0,-0.1149721149721149,0.31821086261980835,0.6109479609990156,0.2895917534148868,-0.2367739548649649,4258226922.65,4.261598843330222e-12,0.0,2.270865697166348,0.4991451021628465,0.6765636363636364,medium
2024-04-30,ROSN,0.3656153118863667,0.5234758048229952,0.11090888329063804,1.0,0.008840353614144592,-0.016891891891891886,0.12219045215011083,0.11210721972086231,-0.06629601549995778,1898017580.95,2.8224995396981665e-12,0.0,0.8413923652262115,0.6692802729209576,0.35089090909090914,medium
2024-04-30,RTKM,0.16687951936139084,0.7118793713090258,0.12124110932958335,1.0,-0.033656246879057106,0.2824387011265739,0.16644610173083965,0.09537252458996479,-0.07151868025230457,383823577.6,1.869942128900875e-11,0.0,0.9833500711513593,0.40065280696380656,0.4600636363636364,medium
2024-04-30,RUAL,0.14467336833073588,0.7345116392285896,0.12081499244067459,1.0,0.17016129032258065,0.20866305705955845,0.29179629842777494,0.11269574012897117,-0.08817086527929918,2305515007.9750004,5.179633514998337e-12,0.0,0.7985812858353069,0.3427494743842247,0.47747272727272727,medium
2024-04-30,SBER,0.6671386886772451,0.2611484089644849,0.07171290235826995,1.0,0.0049556598852373845,0.10941549093003178,0.13219215603951365,0.0915517069384365,-0.028390297684674826,6319718588.200001,3.8462110881343935e-13,0.0,0.7693657756693114,0.665531986670965,0.22120909090909094,low
2024-04-30,SGZH,0.11888725374901253,0.6227236676334889,0.2583890786174986,1.0,-0.0010405827263267886,-0.07425265188042429,0.12331398787702874,0.1117042073226401,-0.11700356718192628,207783816.2,2.265398101452465e-11,0.0,0.5628746445107,0.36280755582656465,0.5970363636363636,medium
2024-04-30,SIBN,0.11136770218440237,0.5279880878498515,0.3606442099657461,1.0,-0.016295420198436328,-0.10358661158014493,0.1739137126643212,0.1456471682826772,-0.13135896823501314,761724376.6500001,8.589862121573344e-12,0.0,0.8192485547600189,0.4921038218107121,0.6468818181818182,medium
2024-04-30,SMLT,0.11965737989792145,0.6377469549972182,0.24259566510486028,1.0,0.004876066639577514,-0.01159072741806555,0.21504560520908703,0.11824219630982821,-0.08795562599049134,786264364.75,1.0962910271257277e-11,0.0,1.0407641547736228,0.5289097354321067,0.5883454545454545,medium
2024-04-30,SNGS,0.11890409535720531,0.6230270732398628,0.2580688314029319,1.0,0.12737520128824475,0.15910596026490076,0.3612249913472289,0.16231498572618275,-0.08219623131903842,2363365450.0,6.742082108713536e-12,0.0,1.7429536027082202,0.7250824661486841,0.5968636363636364,medium
2024-04-30,SPBE,0.047537459953684066,0.14911232023194326,0.8033502198143726,1.0,0.14301191765980503,0.11758474576271172,0.8161790269948305,0.19856733959108575,-0.14497528830313022,142064204.3,7.85012468261181e-11,0.0,1.4830947553461316,0.3349399173018597,0.8534090909090909,high
2024-04-30,SVCB,0.21054830325358848,0.6686498637045757,0.12080183304183599,1.0,-0.05949148358430012,0.23661148977604674,0.09732168028607079,0.1265886972713496,-0.0627005677610466,282989409.75,1.464608912855679e-11,0.0,1.095570983916862,0.372670550149151,0.43055454545454547,medium
2024-04-30,T,0.12121375895034117,0.7148312486583933,0.16395499239126562,0.7333333333333333,-0.028508426523862096,-0.02866141732283467,0.11628772392851247,0.16808640817055956,-0.08100686498855836,295676678.8,1.5029162617253634e-11,0.0,0.5268084345365057,0.22843991287005963,0.5377545454545455,medium
2024-04-30,TATN,0.2857200947714404,0.597002757845848,0.1172771473827117,1.0,0.015695701357465897,0.013117066290549984,0.1433359175597176,0.09656495157599106,-0.08730264030781487,1153401230.35,3.6143742829721536e-12,0.0,0.6266792589571601,0.44845310939912814,0.3886909090909091,medium
2024-04-30,UGLD,0.09602489399113982,0.4043570922839553,0.4996180137249047,1.0,0.014957264957264904,0.41263940520446085,0.4370825381971751,0.17905080077936847,-0.15381145692377096,962117308.5,1.5394584237586045e-11,0.0,0.8859178863937243,0.253916166262599,0.7061545454545455,high
2024-04-30,VKCO,0.11208230827121472,0.5351865163615452,0.35273117536724,1.0,-0.09036523929471041,-0.14247551202137132,0.15421182309654913,0.12523537000554022,-0.1628513474355261,823163109.3,9.321931523325842e-12,0.0,1.2479621384192943,0.6749927537126174,0.6433090909090909,medium
2024-04-30,VTBR,0.13581205236578536,0.7436984164364198,0.12048953119779496,1.0,-0.012885509083227609,-0.044571662236761456,0.128895794983192,0.16646791369335054,-0.10585404971932633,10748587076125.0,5.820848093354666e-16,0.0,1.1465327466147348,0.7132556782932081,0.4850363636363636,medium
2024-04-30,WUSH,0.11148219379264927,0.5291270205961939,0.3593907856111568,1.0,-0.05280109008702116,0.19146118187838423,0.24614047124720267,0.11531144582091957,-0.10771008652364589,314574967.42999995,3.724170636998552e-11,0.0,1.1633336520276178,0.4045900057705583,0.6463181818181818,medium
2024-05-31,AFKS,0.1173586203006678,0.5981823786171858,0.2844590010821463,1.0,-0.03606222501571332,0.32031207963411346,0.45585237241552967,0.2623219945044562,-0.1796573804016226,2569762498.45,7.0463872378096465e-12,0.0,1.8077443494449315,0.6262150156876019,0.6106693446088794,medium
2024-05-31,AFLT,0.1712332762049218,0.7074996781347385,0.12126704566033977,1.0,0.09020923805763914,0.39258698940998493,0.3553213520025411,0.17357482988731562,-0.06549032914828634,1790697845.9499998,9.490663662511037e-12,0.0,1.524832735738047,0.6295744965357513,0.4568710359408034,medium
2024-05-31,ALRS,0.4372654593986322,0.45921828804352494,0.10351625255784284,1.0,-0.044719072493311085,0.007254164427727083,0.2227347763571251,0.14486816124178228,-0.07943523634131366,1029818999.7,6.1672600641827085e-12,0.0,0.6845385166901962,0.5524991940949328,0.31989852008456654,medium
2024-05-31,ASTR,0.11608271673444721,0.5807357441996752,0.30318153906587747,1.0,-0.0885019083969465,0.010935708616280015,0.22808078952091862,0.20038784252382835,-0.19614305750350636,458838936.17499995,2.1639526697948984e-11,0.0,1.257361303944715,0.432359090508829,0.6200035940803383,medium
2024-05-31,BSPB,0.11822660037313439,0.6114724694189859,0.2703009302078797,1.0,-0.0005277509015745308,0.1666723707176836,0.4239012715880145,0.20580231732789062,-0.0904749199573106,708608844.75,2.6509493204902592e-11,0.0,0.930437005002953,0.4445865102855906,0.6033665961945032,medium
2024-05-31,CBOM,0.11818107961916459,0.6107381688135907,0.2710807515672447,1.0,-0.051617250673854476,-0.12092442223610256,0.28243379456062734,0.15459506213184016,-0.13162138692469916,62200655.900000006,1.1892980832927045e-10,0.0,0.759915091908186,0.5071161481026147,0.603774841437632,medium
2024-05-31,CHMF,0.21900363012363985,0.6604373447135126,0.12055902516284739,1.0,-0.06627455099254287,0.054942446896879105,0.2747377383872232,0.16995476068945478,-0.11365902293120633,1359053267.5,6.8161696445413756e-12,0.0,0.9599504095038746,0.627292421144525,0.42538139534883723,medium
2024-05-31,ENPG,0.1110446009738066,0.524802052660564,0.36415334636562924,1.0,-0.07684938797232577,-0.03116621983914214,0.28343815155881324,0.15654203797347316,-0.1805555555555557,174093794.475,7.30751728598371e-11,0.0,1.2259840856571929,0.4881641442679553,0.6484553911205074,medium
2024-05-31,FEES,0.10494479253323155,0.47065400215111713,0.42440120531565134,1.0,-0.2115114646700983,-0.1714473037207016,0.26357051300831735,0.1772098974635191,-0.22859758889058457,523673685.5,2.353289660388665e-11,0.0,0.9829293250356496,0.5343873027596611,0.6746556025369979,medium
2024-05-31,FLOT,0.3425318014751218,0.5444940989936035,0.11297409953127481,1.0,-0.06809470124013539,-0.08196357174589075,0.17196494167120854,0.10680190118417617,-0.1026921406860617,472817001.5,1.3258190528618467e-11,0.0,0.7989529510831531,0.6422361966363489,0.3613492600422833,medium
2024-05-31,GAZP,0.11560081679437788,0.5746252417082169,0.3097739414974053,1.0,-0.198351822503962,-0.21769254562326024,0.32416261675419805,0.22601260236414858,-0.25205052984493803,6066477340.049999,1.5498686895323381e-12,0.0,0.7220002330201905,0.43274692114469226,0.6232124735729387,medium
2024-05-31,GMKN,0.15404099001353927,0.7249007896068145,0.12105822037964624,0.9833333333333333,-0.0938632832729156,-0.07199681782020695,0.2837790775957133,0.1613149751975028,-0.15060679611650496,1466612055.2,5.530236631207161e-12,0.0,0.7020160866309989,0.40471499196955274,0.46988160676532764,medium
2024-05-31,HYDR,0.11065987818781019,0.5210604114202204,0.36827971039196944,1.0,-0.12724509533020167,-0.19219948849104862,0.23027178995282713,0.15806407505493797,-0.18773305902018766,124304284.1,3.473805552487643e-11,0.0,0.8691092597493152,0.7443340504638175,0.6502976744186046,medium
2024-05-31,IRAO,0.48035469407364956,0.4212091181964972,0.09843618772985319,1.0,-0.050076050076050205,-0.002579852579852715,0.2028393785839164,0.10572306342573248,-0.10326927324939261,930154904.4,6.967822385848319e-12,0.0,0.6417553148981574,0.5840668659185628,0.301860465116279,low
2024-05-31,LKOH,0.6006576382999002,0.31728317600893685,0.08205918569116298,1.0,-0.09241779258436666,-0.017038620873981003,0.20859640302890448,0.13785439002293545,-0.09770608439646711,4945074650.0,8.955010841615257e-13,0.0,0.6977666972562044,0.6148048582379944,0.251176955602537,low
2024-05-31,MAGN,0.2768141634195911,0.6053477283215639,0.11783810825884503,1.0,0.0015351273252663944,0.007356948228882887,0.28597865753979407,0.14713472492053845,-0.07420701168614363,1376496902.95,9.036932538654491e-12,0.0,0.9868844510214283,0.6502966135375876,0.393245665961945,medium
2024-05-31,MGNT,0.12068963882660759,0.6646588275174772,0.21465153365591522,1.0,-0.1462030665217916,-0.07106265598318662,0.31523577718890305,0.22102616232662584,-0.16248223590715305,1573784588.0,4.663244649834611e-12,0.0,1.1873594654433768,0.6977828228781777,0.5719742071881607,medium
2024-05-31,MOEX,0.745966607775962,0.19579283948295798,0.058240552741079886,1.0,0.019526098608924958,0.16566147859922187,0.17895414302792062,0.08207269861179096,-0.028958509737510463,1062280661.5,5.125413491946591e-12,0.0,0.47466486801587776,0.4283274937713927,0.18123763213530655,low
2024-05-31,MTLR,0.09797308405086606,0.4179197405104652,0.4841071754386689,1.0,-0.11586065573770499,-0.23527118043247086,0.35114836333096566,0.1756027184891063,-0.28183361629881154,1715926882.8899999,8.584853925580724e-12,0.0,1.1755202337777666,0.612303629168656,0.699701691331924,high
2024-05-31,MTSS,0.5232783217709606,0.38377173947779,0.09294993875124952,1.0,-0.08681620138776835,-0.02042582655357461,0.1403099032829164,0.1180776957979249,-0.11536657808347672,896350965.0,4.505478415193269e-12,0.0,0.719900080191015,0.645902051660525,0.28399344608879495,low
2024-05-31,NLMK,0.0948232530873806,0.39619931816619425,0.5089774287464252,1.0,-0.1902479338842975,-0.05186762144377777,0.5581530185462009,0.45793202598096405,-0.23542723371049556,1937493782.4,3.480120967628184e-12,0.0,1.6661448768944305,0.6444305346854747,0.7100486257928119,high
2024-05-31,NVTK,0.12028039329695256,0.7485127271392168,0.13120687956383065,1.0,-0.11941510966693747,-0.21732851985559565,0.20962131803056977,0.1511096172481931,-0.23543518126675123,1134794129.1999998,7.165431385051567e-12,0.0,0.44980433367820766,0.36761015502663497,0.5108687103594082,medium
2024-05-31,OZON,0.24826455367404737,0.632340030875731,0.11939541545022163,1.0,-0.03741890639481005,0.2553255778818553,0.3087945433481141,0.15331404095203624,-0.110956558955703,2240361334.0,5.800688564853253e-12,0.0,1.2501699800586386,0.6272041461799545,0.4084932346723045,medium
2024-05-31,PHOR,0.2095094640594233,0.6696620225664207,0.12082851337415607,1.0,-0.10538218000904565,-0.12464965334120082,0.1993832574008075,0.12143469263111371,-0.1276095266098206,344228855.0,2.1042774610376187e-11,0.0,0.3281399709252362,0.3323919787990005,0.43120042283298105,medium
2024-05-31,PIKK,0.12109998368931649,0.6823432258381608,0.19655679047252267,1.0,-0.014117647058823568,-0.07556536127964697,0.30790031256506645,0.1439817985903874,-0.104661199827363,320860059.05,4.9983355353767773e-11,0.0,0.8876107759198257,0.49922257906926765,0.5605418604651163,medium
2024-05-31,PLZL,0.12081935541878457,0.6693114953763823,0.2098691492048331,1.0,-0.07676114577851278,0.044928522804629,0.30731954089170543,0.14311315260822333,-0.15714334740382307,235672087.75,7.01157503241266e-11,0.0,0.9117564412563992,0.44075103112360325,0.5690234672304441,medium
2024-05-31,POSI,0.13342658275416375,0.7461886467833067,0.12038477046252959,1.0,-0.05523197429202653,0.2224532224532223,0.2492275869344027,0.18082409425458965,-0.09971291866028709,606935375.4,1.5530221449930853e-11,0.0,1.325962283423289,0.6320947568518293,0.4871427061310782,medium
2024-05-31,RNFT,0.09426132622123676,0.3924354434071462,0.5133032303716171,1.0,-0.028347996089931438,0.26222222222222236,0.5410299818579349,0.28378719572754346,-0.26748057713651496,2310275701.05,1.3346944376930876e-11,0.0,2.0352211071935136,0.5130991542591483,0.7118494714587739,high
2024-05-31,ROSN,0.7320900820215078,0.20719895517495426,0.060710962803537966,1.0,-0.044049459041731076,-0.04870546013842603,0.14530369121178452,0.10438123271506353,-0.07101134846461965,2410564465.35,3.001412698302041e-12,0.0,0.5918336709537382,0.6049945557058436,0.18877758985200846,low
2024-05-31,RTKM,0.1155127073226816,0.5735316383385233,0.3109556543387951,1.0,-0.04259317256498607,0.00979960361153931,0.42058559233810844,0.16295170952933644,-0.14980995642903505,536240981.04999995,1.8119482825563005e-11,0.0,1.0826408184052903,0.48226187571073187,0.6237837209302325,medium
2024-05-31,RUAL,0.20727017286443455,0.671846215041441,0.12088361209412449,1.0,0.010954063604240227,0.23995954926321872,0.32781462959418145,0.15728279826736286,-0.05141717704030768,1214904961.925,1.3645149712780662e-11,0.0,1.0052761364327911,0.4541159389523451,0.43260063424947154,medium
2024-05-31,SBER,0.8431716325240758,0.11723135704429984,0.03959701043162433,1.0,0.018674561603279516,0.05172819186456623,0.11700398033878641,0.08799328860010028,-0.03223712678494162,8771431222.95,8.407065701249621e-13,0.0,0.5601298531205023,0.66298565004562,0.11769788583509513,low
2024-05-31,SGZH,0.04123833130594705,0.12363252403833347,0.8351291446557194,1.0,-0.2628103539355521,-0.2903635901347572,0.37310597414130076,0.2621693273255748,-0.3157636675655797,260772107.75,3.133391238866106e-11,0.0,1.392964575686553,0.7135954666808385,0.8760272727272729,high
2024-05-31,SIBN,0.12087463021592094,0.7324740329119644,0.1466513368721146,1.0,-0.09338964869938315,-0.18161462115710492,0.2046921685502245,0.1530874577808883,-0.1860479114000242,613728670.4,1.5235857676672292e-11,0.0,0.7772585620669651,0.5504602248722938,0.524163002114165,medium
2024-05-31,SMLT,0.11917628027157308,0.6280686085482373,0.2527551111801897,1.0,-0.1605603448275862,-0.1547538315475383,0.26930372489301496,0.15615673278653552,-0.19379042690815007,864280666.75,1.7468004352155098e-11,0.0,1.0107876468490702,0.6047059044617696,0.5939771670190276,medium
2024-05-31,SNGS,0.11625525839117891,0.5829804221754986,0.30076431943332244,1.0,-0.18132340303637928,-0.040456605673997004,0.33394805866040594,0.21613984498636502,-0.22673160173160178,2269695412.25,5.27835350205389e-12,0.0,1.490880652755617,0.654297363797958,0.6188173361522198,medium
2024-05-31,SPBE,0.07845253640659382,0.2970432474490264,0.6245042161443799,1.0,0.06856023506366316,0.22860360360360366,0.5268899157263726,0.2616599426723422,-0.17792421746293252,275689531.55,1.136721537448097e-10,0.0,1.602691394967644,0.4057112417312721,0.7593080338266385,high
2024-05-31,SVCB,0.12074373349852593,0.6665339749641142,0.2127222915373599,1.0,-0.09902297332981247,-0.12803475594173286,0.299490066307773,0.124847674938369,-0.1577388299185386,544289405.5,2.5097578119341877e-11,0.0,0.9893873072470221,0.6583214164065637,0.5707896405919662,medium
2024-05-31,T,0.13775277726982688,0.7416779764431238,0.12056924628704922,0.9,-0.08736602793114645,,0.24115792832620747,0.13878112557175654,-0.13604919292851647,459751995.7,3.033276886023336e-11,0.0,0.6854401355351599,0.3840440935949129,0.4833454545454545,medium
2024-05-31,TATN,0.46334787806387345,0.4361579967312423,0.10049412520488414,1.0,-0.04335139641517305,-0.07372527916050042,0.1871876645657085,0.11884318224457485,-0.08730264030781487,1178269910.0,9.331686692259605e-12,0.0,0.6476422639577879,0.5422534894383872,0.3089526427061311,low
2024-05-31,UGLD,0.1131076503783781,0.5459220367187742,0.3409703129028478,1.0,0.009703504043126587,0.1846932321315624,0.4163086222185964,0.1735239149405859,-0.17997293640054124,739103605.2,1.9160158100214394e-11,0.0,1.0477607911543054,0.36186432857723855,0.6379319238900635,medium
2024-05-31,VKCO,0.11380811607177084,0.5535723652616368,0.3326195186665924,1.0,-0.03910034602076129,-0.149203431372549,0.3560398576446344,0.1747292587552286,-0.15206106870229008,945476399.7,1.1844067528587172e-11,0.0,1.046278757474365,0.5797970140378107,0.6340606765327697,medium
2024-05-31,VTBR,0.18704561641251555,0.6917317189743694,0.12122266461311516,1.0,-0.1489773950484392,-0.15678327645051182,0.22410167730325173,0.17055744906874531,-0.1797053330566507,7678183429875.0,5.20319127616268e-16,0.0,1.0345647029974194,0.8269003028744705,0.44578456659619453,medium
2024-05-31,WUSH,0.07599755540450116,0.2836916946342896,0.6403107499612093,1.0,-0.11468039356225967,-0.045186226282501796,0.3643965415224437,0.17999290827905826,-0.19479672869503384,197292301.41,5.123145975544899e-11,0.0,1.110983887914427,0.44401076529983774,0.766406553911205,high
2024-06-28,AFKS,0.11299711632380698,0.5447395299234151,0.34226335375277794,1.0,-0.029464650592562314,-0.01611566824094801,0.4235528483197906,0.27748857839899854,-0.21479097522545176,1961577954.2,7.709559459394782e-12,0.0,1.4814393235085934,0.6599574316248942,0.6385272727272727,medium
2024-06-28,AFLT,0.23371418715732728,0.6462522164326161,0.1200335964100566,1.0,0.11561721807186065,0.25439999999999996,0.40428018372367963,0.15436134973395751,-0.08924329826942645,1837918387.1,8.01986575986694e-12,0.0,1.177300413749701,0.5962216692560036,0.416709090909091,medium
2024-06-28,ALRS,0.36060374781697735,0.5280248464974621,0.11137140568556067,1.0,-0.1022813688212929,-0.0995423340961098,0.2753492590462115,0.1437520996433851,-0.1468385512584408,1145183100.95,9.80408833302427e-12,0.0,0.7598889477892633,0.6781127774653942,0.3531363636363637,medium
2024-06-28,ASTR,0.1206533937891511,0.663447147589076,0.21589945862177298,1.0,-0.01137714382747479,-0.13246908061391738,0.3236152455845316,0.18418951457048158,-0.13922054516783067,469403463.275,4.4191622470862376e-11,0.0,1.0640254036335557,0.6095272552753599,0.5727363636363637,medium
2024-06-28,BSPB,0.16098800069353622,0.7178344154221008,0.12117758388436313,1.0,0.10472837598030815,0.21504123906063088,0.339675579677984,0.21651031928212994,-0.0904749199573106,968678180.6,1.857007223311324e-11,0.0,1.0332221752797583,0.5360226284336954,0.4644909090909092,medium
2024-06-28,CBOM,0.11523656208368756,0.5701481093356,0.31461532858071245,1.0,0.09510250569476075,-0.027560050568900096,0.40322606606920797,0.16034231646580124,-0.13210938503017078,92163214.5,1.1988230645536247e-10,0.0,0.9093371977210173,0.5224232126949068,0.6255454545454545,medium
2024-06-28,CHMF,0.09613891560646062,0.40513913313740374,0.49872195125613566,1.0,-0.1616358325219085,-0.1656976744186046,0.5826776630768563,0.42285218950238207,-0.24985044865403794,2407805313.2,3.4942106537289834e-12,0.0,1.3417237877212866,0.6275569538766276,0.7057818181818182,high
2024-06-28,ENPG,0.1029717984423478,0.4549559512177196,0.4420722503399327,1.0,-0.036351320839918655,-0.07937877480586719,0.354929510759235,0.16130156587393116,-0.2063492063492064,109313352.55000001,1.1530241514934057e-10,0.0,1.1969634006050898,0.539586678354745,0.6821272727272727,medium
2024-06-28,FEES,0.08296785815963383,0.32250737654419825,0.5945247652961678,1.0,-0.002469604863221897,-0.12990886495443243,0.3736832739771473,0.17848905418406463,-0.22859758889058457,300312221.2,5.568484085171912e-11,0.0,1.1878229559331872,0.6679575981473194,0.7461636363636363,high
2024-06-28,FLOT,0.13670651696491254,0.7427666053109042,0.1205268777241833,1.0,-0.046851662605141065,-0.0747806180847006,0.3266858828854398,0.1463698865446893,-0.15726744186046515,634463245.7,2.8950241020024457e-11,0.0,0.9026719831346486,0.6827485688023442,0.48425454545454555,medium
2024-06-28,GAZP,0.12002038546142794,0.7537643522725178,0.12621526226605417,1.0,-0.0719602977667495,-0.28709340220131585,0.2600844776029091,0.2316267039050702,-0.31946356941866727,5066458571.7,1.9767407837272086e-12,0.0,0.7892169271525558,0.5347012725152342,0.506290909090909,medium
2024-06-28,GMKN,0.16474299199482476,0.7140350778786443,0.12122193012653086,0.9833333333333333,-0.11317406143344722,-0.1369735618440282,0.26192531508805494,0.16616575135778638,-0.21529126213592242,1209786113.2,9.675820057410742e-12,0.0,0.8058651491855593,0.5150443592063475,0.46165454545454554,medium
2024-06-28,HYDR,0.12116047377614002,0.7190522880004511,0.15978723822340882,1.0,0.037671761618033095,-0.09954448017148976,0.28138422708126354,0.17021767755450237,-0.1442698455703061,153178200.45,6.78191222777611e-11,0.0,0.9087452826662468,0.7338528095640925,0.5345909090909091,medium
2024-06-28,IRAO,0.11981345536130873,0.757516322863845,0.12267022177484634,1.0,-0.06145384983261615,-0.08358627130516005,0.3215262837055698,0.1870746755513481,-0.16191738458140048,821070399.675,1.3753624938831625e-11,0.0,0.5842040271217095,0.46613730051998714,0.5029454545454545,medium
2024-06-28,LKOH,0.4768547413363157,0.42428005199772223,0.09886520666596198,1.0,-0.047046385621778763,-0.06186170558771875,0.2825559769179856,0.15097778370302317,-0.1554219823356232,5669247948.75,1.6061224679302649e-12,0.0,0.8560793079692621,0.720251466029333,0.30331818181818176,low
2024-06-28,MAGN,0.2829289877869848,0.5996144400232553,0.11745657218975994,1.0,-0.03181141004294097,-0.031896249561864654,0.2963007938788799,0.15773372284936182,-0.1292988313856427,1026419147.475,1.2130895920163333e-11,0.0,1.05961910791202,0.714116347274304,0.39010909090909096,medium
2024-06-28,MGNT,0.1070924324899791,0.4886190884444097,0.40428847906561105,1.0,-0.17205069873253165,-0.1838800615069195,0.38355654031265485,0.24409157112952376,-0.2561582188536239,1710506681.0,5.413188056188173e-12,0.0,0.8913419347440987,0.568790256475423,0.6660545454545455,medium
2024-06-28,MOEX,0.5755355376525261,0.3387322824451598,0.08573217990231408,1.0,-0.06160399770623415,-0.0003054501025439027,0.2899675762419106,0.14635045003569214,-0.126022068746527,1845303043.75,5.565894262112855e-12,0.0,0.4680136781264587,0.3958597837513753,0.2619909090909091,low
2024-06-28,MTLR,0.12117758388436313,0.7178344154221005,0.16098800069353636,1.0,-0.022839229735781563,-0.23772925764192143,0.314497682750238,0.16991967905299163,-0.24453705000700388,1707127841.4499998,6.640683182354578e-12,0.0,0.9554844937644545,0.5929930924610168,0.5355090909090909,medium
2024-06-28,MTSS,0.5933892623985635,0.3234754880322095,0.08313524956922719,1.0,-0.006997781191329655,-0.039141205615194075,0.2411231461989959,0.11770297258604955,-0.11536657808347672,823429503.75,1.0645554304402014e-11,0.0,0.726462576493658,0.7030345551442484,0.25432727272727274,low
2024-06-28,NLMK,0.09972527935491939,0.4305074605081804,0.4697672601369003,1.0,-0.13915920591669917,-0.20140832355330873,0.34282103867834945,0.425739001679006,-0.31985953960202895,2076056257.1,7.27668064617519e-12,0.0,1.52601253091575,0.6803402926266585,0.6937272727272727,high
2024-06-28,NVTK,0.12134406691261673,0.758924853990643,0.11973107909674029,1.0,0.00626728110599073,-0.15167055167055166,0.35296045706007534,0.14674396029494252,-0.21137586471944658,2020784350.8000002,6.829713911430114e-12,0.0,0.39953801317944804,0.28618244870541937,0.4983272727272727,medium
2024-06-28,OZON,0.11967888977156874,0.7597949552674141,0.12052615496101711,1.0,0.005250262513125659,0.1372756071805703,0.45958424122468383,0.1913635052649243,-0.13021613524502462,3689748011.25,5.440480342682309e-12,0.0,1.523772219011761,0.7570212550794424,0.5008818181818182,medium
2024-06-28,PHOR,0.12095474151112363,0.7294620521470644,0.14958320634181188,1.0,-0.02702254641909818,-0.13000296471983397,0.332978712774737,0.140148990911006,-0.15892384592766828,363142957.5,3.6586267201184087e-11,0.0,0.7185619431785846,0.5503292664289283,0.5265545454545455,medium
2024-06-28,PIKK,0.20709745610766414,0.6720148201106532,0.12088772378168267,1.0,0.045058645918011786,0.0401063337956542,0.36895657845424745,0.1286603054015135,-0.07619047619047614,474793666.1,2.59354106167561e-11,0.0,0.9217782471772762,0.5515906192754974,0.43270909090909093,medium
2024-06-28,PLZL,0.11204836920353692,0.5348396645728565,0.35311196622360663,1.0,-0.036783439490445935,-0.09129830623051782,0.3338409077016315,0.16502597818008138,-0.2221421462644566,152828678.45,8.301327001108711e-11,0.0,0.753929398563482,0.42502970744670626,0.6434818181818182,medium
2024-06-28,POSI,0.12512721745849736,0.7549138876844954,0.11995889485700728,1.0,0.06243496357960465,0.05868934052260477,0.3383206826591329,0.19682691434002272,-0.09971291866028709,737688588.7,1.9150596327742615e-11,0.0,1.2020900262863838,0.7226898304834293,0.49472727272727274,medium
2024-06-28,RNFT,0.11265320029649983,0.541100476232061,0.3462463234714391,1.0,-0.04062652961331381,-0.15915915915915912,0.2940459611508402,0.2655799304367838,-0.2867184609692933,933528969.1500001,1.16633004124292e-11,0.0,1.3618261406822592,0.48546792041075953,0.6403545454545455,medium
2024-06-28,ROSN,0.7267545341839295,0.2115961885921753,0.061649277223895176,1.0,-0.002030367231638408,-0.020194141098977214,0.25048576756507146,0.11376455148849586,-0.10547396528704944,1621517654.4,5.189300333492026e-12,0.0,0.7638771910427645,0.7590740250262882,0.1916090909090909,low
2024-06-28,RTKM,0.11072251071023263,0.521665807752845,0.36761168153692236,1.0,-0.03314917127071826,-0.09118146409667427,0.35134691849366534,0.18578670257202343,-0.1915268378603876,451070912.6999999,4.769233287009988e-11,0.0,0.9194405982203583,0.49987517601522496,0.6500000000000001,medium
2024-06-28,RUAL,0.5145597006872065,0.39134296041466277,0.09409733889813086,1.0,-0.03579979477824646,0.13669354838709658,0.26043524939970036,0.15179956963931607,-0.07670171555063632,810690384.775,1.4035593930564078e-11,0.0,0.8874985770397906,0.5213182870323171,0.2876272727272727,low
2024-06-28,SBER,0.8685803821580703,0.09714685188559755,0.034272765956332156,1.0,0.03322489972523135,0.06660798122065703,0.15487260983185408,0.08406836124521215,-0.039685973913581085,9929623193.8,7.368768202162181e-13,0.0,0.5402925584921253,0.7187598335947474,0.09593636363636365,low
2024-06-28,SGZH,0.050815511434777604,0.16294912162589423,0.786235366939328,1.0,-0.03098967010996334,-0.24349635796045788,0.6705944949559403,0.2854930496029468,-0.3061855670103092,1001433547.9000001,2.157119357729316e-11,0.0,1.9525053762094677,0.7858908008739163,0.8423818181818183,high
2024-06-28,SIBN,0.33073777033792734,0.5552995206091641,0.11396270905290842,1.0,-0.004522937755761514,-0.088902030356791,0.28022676469631913,0.12193020853506742,-0.1450177935943059,747992943.0999999,1.6607071167816377e-11,0.0,0.7379422494509432,0.5985699265545882,0.3668181818181818,medium
2024-06-28,SMLT,0.1130849452502845,0.5456786084793186,0.3412364462703969,1.0,-0.05727554179566563,-0.1751320601381552,0.3325953262346261,0.15964775776454246,-0.226908150064683,470713198.5,3.131710101838903e-11,0.0,1.1767961477816444,0.7615118861807277,0.6380545454545455,medium
2024-06-28,SNGS,0.10940931178458621,0.5092558531363036,0.38133483507911015,1.0,-0.0003390979993217469,-0.05056360708534624,0.37973517432872533,0.22989864095159218,-0.2683982683982684,1600019306.0,7.497562647181793e-12,0.0,1.4685315816294944,0.7090703901946535,0.6560727272727273,medium
2024-06-28,SPBE,0.09177491494387155,0.376145247834748,0.5320798372213804,1.0,0.16083916083916083,0.438786565547129,0.4508390554637294,0.251079270317305,-0.17792421746293252,351431980.7,7.668567236027953e-11,0.0,1.3051354362294068,0.3780040815096501,0.7196818181818183,high
2024-06-28,SVCB,0.11436722649326346,0.5598908359521476,0.3257419375545888,1.0,-0.029850746268656914,-0.16563811404591466,0.3498994323998673,0.14668123775559147,-0.17153465346534658,334591350.25,4.843933265809522e-11,0.0,1.131054445023634,0.7443079895919579,0.6308363636363636,medium
2024-06-28,T,0.228875929516579,0.6509038154770472,0.12022025500637379,1.0,0.024680704176734736,-0.06489210899354214,0.3077621262263088,0.132222817035367,-0.12034247661328701,357021805.275,2.9912105168084474e-11,0.0,0.9432071931420833,0.7264524492639283,0.41951818181818185,medium
2024-06-28,TATN,0.5754289767081886,0.3388235415490925,0.08574748174271879,1.0,-0.004126351735913469,-0.010322398190045323,0.2795151204215097,0.12563140063019,-0.1259475994148157,1343822435.4,7.510450640740101e-12,0.0,0.8383197174878204,0.7172928451660024,0.2620363636363637,low
2024-06-28,UGLD,0.1096386648079918,0.5113822563982091,0.378979078793799,1.0,-0.15606758832565282,-0.11955128205128207,0.3470819628505461,0.17662990598783632,-0.25710419485791614,539034328.0,2.8271531940606696e-11,0.0,0.7009392120916992,0.3101027002295466,0.6550363636363636,medium
2024-06-28,VKCO,0.1180962519901157,0.6093820685425337,0.2725216794673506,1.0,-0.10121602288984266,-0.20875314861460958,0.31222476102837965,0.1894668870609493,-0.21041009463722393,722175707.2,1.484008986777029e-11,0.0,1.0606372647280695,0.654295722419304,0.6045272727272727,medium
2024-06-28,VTBR,0.12019639237817185,0.7502858602296893,0.12951774739213867,1.0,0.04601682335477486,-0.10688635403464308,0.3664074066868662,0.18055761462920922,-0.20128657397800354,16989031449875.0,1.0127685375100932e-15,0.0,1.0232666907450105,0.6874070512513455,0.5093363636363637,medium
2024-06-28,WUSH,0.10940324728139231,0.5091998500453964,0.3813969026732113,1.0,0.030015464642204392,-0.09244061812889048,0.3410880828606319,0.19367434658332564,-0.15817843866171,200942541.59000003,5.893617614131364e-11,0.0,1.044950700117422,0.5943908984862534,0.6561000000000001,medium
2024-07-31,AFKS,0.09732506539064786,0.4133601271740428,0.4893148074353095,1.0,-0.0918753454359934,-0.16363209209444385,0.5065847730428574,0.33992268470441395,-0.3171075128230916,1497578562.65,1.2958137190343074e-11,0.0,1.4377739702471104,0.7705481926387012,0.7018686868686869,high
2024-07-31,AFLT,0.12067970175291876,0.7386593933457233,0.14066090490135794,1.0,-0.09702840256115575,0.10708534621578103,0.5462011975771098,0.2422859776669871,-0.19270186335403727,1813879025.35,1.2517528850757761e-11,0.0,1.3653038615739153,0.7641945788927269,0.5191515151515151,medium
2024-07-31,ALRS,0.24918616697649743,0.6314625643342187,0.11935126868928396,1.0,-0.1340528259017325,-0.20928423236514526,0.30013644916868404,0.18215051436056948,-0.2643339472068754,1484897511.65,1.0835513963002522e-11,0.0,0.8111711884636896,0.7875793968114938,0.40798383838383834,medium
2024-07-31,ASTR,0.12079919837123747,0.7350271426134602,0.14417365901530227,1.0,-0.020461245014739116,-0.07635709614126884,0.40062796693825165,0.1750566909825391,-0.2091286945812808,307198271.2,5.463615134633531e-11,0.0,0.9995654890011565,0.779771141668188,0.5221111111111111,medium
2024-07-31,BSPB,0.1604798675050947,0.718349613476173,0.1211705190187323,1.0,-0.0033833791499259247,0.20164451668419558,0.4125232458393006,0.19800548538973733,-0.10753714403631864,654258202.2,2.802695749775071e-11,0.0,1.0880455765493227,0.746492298679922,0.46487878787878784,medium
2024-07-31,CBOM,0.15813342499731012,0.7207320427285119,0.12113453227417786,1.0,-0.10540860639557836,-0.07510204081632643,0.32676744963210097,0.20218000541952402,-0.16909020718054302,59224636.35,1.223952332762818e-10,0.0,0.7324306078703088,0.5271100969570506,0.4666828282828282,medium
2024-07-31,CHMF,0.09995011963339212,0.4321515376721602,0.4678983426944477,1.0,-0.08919887381622715,-0.2500526870389883,0.41214291047150586,0.4211006227554416,-0.305284147557328,1283278631.6,9.6617158453132e-12,0.0,1.2365768253732639,0.7076709141394859,0.6929474747474748,high
2024-07-31,ENPG,0.12104145438332961,0.7257076345948444,0.15325091102182598,1.0,-0.07176581680830985,-0.14092200131090238,0.31960450576599686,0.18444327225510757,-0.22018537590113285,84633772.15,2.0004710017456923e-10,0.0,0.9324641584718844,0.7344072225324388,0.5294929292929293,medium
2024-07-31,FEES,0.10181277545312709,0.4460452660865901,0.45214195846028277,1.0,-0.04375238823079863,-0.23576118491372744,0.39116564354853006,0.19446204181749116,-0.29108485499462955,250941279.60000002,6.855727541669663e-11,0.0,1.1375897038009033,0.8134786825600319,0.6863575757575757,high
2024-07-31,FLOT,0.12079066205843296,0.735301929938641,0.14390740800292603,1.0,-0.15384615384615385,-0.20643270459156837,0.3645054244687557,0.18604754069367926,-0.24843088600204355,716222247.7,2.0749011741016643e-11,0.0,0.881985966375981,0.7297926610520836,0.5218888888888888,medium
2024-07-31,GAZP,0.12002809968367945,0.753617899793656,0.1263540005226646,1.0,0.06682138284250971,-0.1323223118979432,0.396488079334579,0.24615601920455582,-0.28011399620012667,9031221406.849998,2.204071827975333e-12,0.0,0.9265477148331768,0.6340413509938799,0.506420202020202,medium
2024-07-31,GMKN,0.3207974808509064,0.5644435204758224,0.11475899867327125,1.0,-0.018845168098899467,-0.16456996148908865,0.3135223119180121,0.17007271997649034,-0.2145873320537428,1117499910.0,1.6527685565201612e-11,0.0,0.8506148409434766,0.7568373915799026,0.3715030303030303,medium
2024-07-31,HYDR,0.13818250210938385,0.7412312569382835,0.1205862409523327,1.0,-0.06750730432108254,-0.15952875952875945,0.285971676054625,0.1849329990702383,-0.20961172956828666,150385135.2,7.285048815279706e-11,0.0,0.8672190367742991,0.8026970471844845,0.48297373737373733,medium
2024-07-31,IRAO,0.31475847662318185,0.5700158626827229,0.11522566069409533,1.0,-0.019563008130081272,-0.11713566689544741,0.25901356506602524,0.20538285246351776,-0.18930859288712176,443266498.9,2.3219183803405518e-11,0.0,0.6894082598610272,0.6635429863834029,0.3743858585858586,medium
2024-07-31,LKOH,0.7321918513219007,0.20711514503570036,0.06069300364239904,1.0,-0.0651407233248047,-0.1578521148694948,0.2677286392292988,0.15785801966577948,-0.1483862753835381,5385731226.0,1.9551299701460997e-12,0.0,0.8217352873894648,0.8138117913796526,0.18872323232323232,low
2024-07-31,MAGN,0.2915727563333129,0.5915368087549642,0.116890434911723,1.0,-0.06293770733505344,-0.073017319963537,0.3675086685161103,0.18267566517532735,-0.17220367278797988,799776951.75,1.5318833029242625e-11,0.0,1.0351017453484945,0.8247788014255145,0.38574343434343433,medium
2024-07-31,MGNT,0.09780837229057754,0.4167560708747641,0.4854355568346583,1.0,-0.1193721286370597,-0.29953103112248003,0.4289587143470162,0.2758845408608764,-0.31898389388915205,1306756978.75,1.1331445517958353e-11,0.0,1.018477881062571,0.7184067145976918,0.7002545454545455,high
2024-07-31,MOEX,0.7800785726835465,0.16794508871064684,0.05197633860580664,1.0,-0.012529298955891721,0.010245901639344135,0.25125158102143047,0.1495924619815761,-0.126022068746527,986838377.0,7.924978955574713e-12,0.0,0.49123743503162487,0.4989664544647221,0.16142424242424241,low
2024-07-31,MTLR,0.08380915223740255,0.3273913872817198,0.5887994604808776,1.0,-0.18160745541416334,-0.2966335989591804,0.5469994656975719,0.2729571161068271,-0.33525853658536586,1779249018.835,1.523102753699466e-11,0.0,1.3195730800729664,0.7930994163664175,0.7436929292929294,high
2024-07-31,MTSS,0.09203738776705393,0.37783802191856697,0.5301245903143792,1.0,-0.21303901437371664,-0.2536514118792601,0.6469687234172777,0.414166350650865,-0.2946343021398915,1329113377.0,1.152877222573676e-11,0.0,0.8004987031786156,0.4889677924768873,0.7188646464646464,high
2024-07-31,NLMK,0.10295376320792365,0.45481562077687004,0.44223061601520625,1.0,-0.0589903573454339,-0.30869239103258594,0.39530757796304605,0.4166596089058873,-0.37651190011705027,1549485831.1999998,7.237663172789508e-12,0.0,1.3481800238442276,0.7682674008711456,0.6821939393939395,medium
2024-07-31,NVTK,0.42437494192730624,0.47067739217169297,0.10494766590100088,1.0,-0.05247866351915764,-0.14557065662354685,0.3590616027601165,0.18380016035440397,-0.19035328278754637,3362321413.5999994,4.641915695687515e-12,0.0,0.7638964448482093,0.5793446416108731,0.32535555555555556,medium
2024-07-31,OZON,0.1177993764780066,0.6047537570184776,0.27744686650351585,1.0,-0.06424242424242421,-0.13121764573486383,0.5882366868830764,0.26861064361640574,-0.24802054354804193,2897864394.5,9.021381038433054e-12,0.0,1.6057438616129887,0.8699660391439056,0.6070808080808081,medium
2024-07-31,PHOR,0.219066560904038,0.660376388543801,0.120557050552161,1.0,-0.06553559547571519,-0.14242100442680505,0.3321577070299414,0.1824283893725161,-0.18238138410395888,429565303.0,3.2530857379176284e-11,0.0,0.7408454214694491,0.6204253726467528,0.42534343434343436,medium
2024-07-31,PIKK,0.15557740039404938,0.7233336764632807,0.12108892314266989,1.0,-0.11004560870073676,-0.09145176695319968,0.32692809894023206,0.1879868888218952,-0.2180010465724751,404175123.79999995,3.8093963924090645e-11,0.0,0.7440595003814741,0.5451168171353805,0.4686727272727273,medium
2024-07-31,PLZL,0.12013223431814933,0.6486675666135201,0.2312001990683305,1.0,0.04688069308934861,-0.05174184085075173,0.4312766723404546,0.17938980142445043,-0.21830597323768797,167509165.75,1.0960694096512017e-10,0.0,0.9554315458690935,0.6695484042116336,0.5818363636363637,medium
2024-07-31,POSI,0.2100685636753417,0.6691171946581121,0.12081424166654613,1.0,-0.04500193973878175,-0.005588096680805177,0.3869099567694672,0.20707914593170554,-0.09971291866028709,713681194.4,2.591852226615813e-11,0.0,1.049407772440646,0.7856785327205357,0.43085252525252526,medium
2024-07-31,RNFT,0.06889890731823227,0.2468332595734243,0.6842678331083434,1.0,-0.12202688728024813,-0.24600355239786842,0.5799623358929783,0.2686007905885153,-0.3274780426599748,1084678345.1,2.909059413990357e-11,0.0,1.4736403738576873,0.7961630651474563,0.7869636363636364,high
2024-07-31,ROSN,0.22129858992846535,0.6582159554767152,0.12048545459481945,1.0,-0.10097577975257,-0.10897159139970625,0.4011675518633586,0.2262648372495975,-0.16138184245660891,1973201547.375,7.795627904932728e-12,0.0,0.980311906366823,0.8505019291583287,0.4240020202020202,medium
2024-07-31,RTKM,0.11268792684678873,0.5414652303467142,0.34584684280649713,1.0,-0.04505229283990353,-0.1433137436849159,0.39855955677923355,0.22031315416867106,-0.2565124687123389,340972090.65,4.6551019214965614e-11,0.0,0.9037019621079474,0.581857119174472,0.6401717171717172,medium
2024-07-31,RUAL,0.11987163361960779,0.6424663100532282,0.23766205632716397,1.0,-0.17523696682464462,-0.17708949048350875,0.37392820915341085,0.20555603739421147,-0.23541781959048147,473861951.125,3.279234670737911e-11,0.0,0.9520132907556641,0.7259596624819863,0.5855535353535353,medium
2024-07-31,SBER,0.7349959659058425,0.20480678670746028,0.06019724738669717,1.0,-0.11852528945764773,-0.054606058625535026,0.280666609155404,0.1937971174484284,-0.13396473490270122,12743373725.0,5.119371703377847e-13,0.0,0.2654457332162576,0.32733768353483034,0.187220202020202,low
2024-07-31,SGZH,0.06304774850985004,0.21821751753214796,0.7187347339580019,1.0,-0.20714531088972865,-0.37705802968960866,0.5013990931047937,0.303684959449884,-0.4130434782608696,732479329.3499999,2.323108013268124e-11,0.0,1.6119601356439313,0.7698499856511728,0.8042,high
2024-07-31,SIBN,0.5645276575780415,0.34817194337855883,0.08730039904339963,1.0,-0.014746079700762471,-0.06899129961935835,0.2911735830044956,0.14633249793202338,-0.1698483263598326,834736310.3,1.9983135883409952e-11,0.0,0.7927143719153534,0.7655731173921575,0.26667070707070706,low
2024-07-31,SMLT,0.12120347434871225,0.7157604092024368,0.16303611644885085,1.0,-0.08598778676349228,-0.2340248962655601,0.333104867609017,0.1781946926679631,-0.2530922930542341,324128238.0,3.2137886145567825e-11,0.0,1.0457450710895544,0.8427639998078477,0.5370626262626264,medium
2024-07-31,SNGS,0.121272059876677,0.6999678673431222,0.1787600727802009,1.0,-0.06519188872130044,-0.22192774445529362,0.3395112024952301,0.22074865808881242,-0.2683982683982684,1262307679.0,1.576210150299367e-11,0.0,1.045537107059024,0.7407412484055078,0.54850101010101,medium
2024-07-31,SPBE,0.09263887657386659,0.3817405579471671,0.5256205654789663,1.0,0.08504176157934706,0.43186372745491,0.7589540513579749,0.3103703604148079,-0.21463414634146338,308578652.75,8.573496962542739e-11,0.0,1.3891655714877054,0.587127473938974,0.7169838383838384,high
2024-07-31,SVCB,0.09095338156326896,0.3708859338803858,0.5381606845563452,1.0,-0.09613629449345895,-0.18669586641116886,0.5082417880207463,0.23080083504868068,-0.3039603960396039,838063885.25,3.221896360620512e-11,0.0,1.2844902364084358,0.8177762421731514,0.7222262626262627,high
2024-07-31,T,0.1474720212782444,0.7316299367023992,0.12089804201935656,1.0,-0.09247459962114701,-0.16442048517520225,0.3770068112156775,0.1583697767037275,-0.18045592220628082,446036966.625,3.618939060760011e-11,0.0,1.0469636055916558,0.8598494576422235,0.47516363636363634,medium
2024-07-31,TATN,0.6713554428743683,0.2576186874441529,0.0710258696814787,1.0,-0.09274250816645369,-0.10669836386519382,0.2614411988878771,0.17780161676744372,-0.15533980582524265,1175745824.0,5.291448965407897e-12,0.0,0.7491662337879995,0.7592180075544719,0.21921818181818184,low
2024-07-31,UGLD,0.16978860098362117,0.7089510355329572,0.12126036348342148,1.0,-0.028154327424400383,-0.10594755915583032,0.3596690007562383,0.17246776096914415,-0.25258934403284505,488970515.5,3.247837213651646e-11,0.0,0.7261471705613355,0.49200909327951287,0.4579232323232323,medium
2024-07-31,VKCO,0.09893832894534907,0.4248057771869763,0.4762558938676745,1.0,-0.09988202909948884,-0.19909027291812453,0.4261087460012053,0.22980189811460391,-0.31703470031545744,775787983.4,2.3887467435290264e-11,0.0,1.2198963062308412,0.8187069226292156,0.6964323232323233,high
2024-07-31,VTBR,0.28522987855315873,0.5974612247937339,0.1173088966531073,0.8,-0.039332187576724964,-0.1493913043478261,0.3558881619657587,0.18817396379917883,-0.19887955182072825,3137686181.52,5.00493949181904e-12,0.2,0.7753279495990311,0.5867049398261144,0.3889393939393939,medium
2024-07-31,WUSH,0.08947785967140383,0.3615832215301026,0.5489389187984937,1.0,-0.16429809358752168,-0.20252703998941557,0.3923198430406308,0.25085648671117916,-0.2667286245353161,120496263.45,1.1664703297056916e-10,0.0,1.074912892574937,0.7334737574819101,0.7267494949494949,high
2024-08-30,AFKS,0.08584810126378736,0.33942403867482146,0.5747278600613912,1.0,-0.23316928663576852,-0.36351378147927826,0.4507730219702662,0.3524756944519281,-0.4051299158604841,1529771191.2,1.1054322071435494e-11,0.0,1.3694845216356746,0.789791272523558,0.7376646464646464,high
2024-08-30,AFLT,0.12102178198958662,0.7266165004593946,0.1523617175510187,1.0,-0.12383785793975466,-0.16439084944139037,0.40340305061455173,0.2158980134676799,-0.27872670807453415,1770651225.85,9.633317402181693e-12,0.0,1.2623461994390266,0.7626009794130919,0.5287858585858586,medium
2024-08-30,ALRS,0.12112318247572149,0.7214161430036683,0.1574606745206101,1.0,-0.17944887118193897,-0.3288526816021725,0.32032132848730277,0.2004937975023764,-0.3393477679764768,1312315736.6999998,1.0393853925570882e-11,0.0,0.867018884955176,0.8016112374426189,0.5327959595959596,medium
2024-08-30,ASTR,0.3370911602814087,0.5494729025267164,0.11343593719187484,1.0,-0.03320294733011919,-0.1068907563025211,0.20119783515379291,0.18022212521868952,-0.1816009557945042,195178028.45,3.432435067712892e-11,0.0,0.8101170208582736,0.7262174371947273,0.363860606060606,medium
2024-08-30,BSPB,0.547074370417103,0.3631907535322555,0.08973487605064139,1.0,-0.05640499216597328,-0.012411999208346236,0.20004780723288607,0.18181875103150508,-0.10753714403631864,309434639.15,2.1676023026047344e-11,0.0,0.8878032148674752,0.7598060406064453,0.2740343434343434,low
2024-08-30,CBOM,0.25372893335552726,0.6271436345155852,0.11912743212888761,1.0,-0.024459358687546562,-0.040909090909090895,0.22189089249051136,0.198166747294959,-0.16909020718054302,31554661.4,2.0605217262382983e-10,0.0,0.6427942500926496,0.5227553551929989,0.40549090909090907,medium
2024-08-30,CHMF,0.1147526650972224,0.564369041742352,0.32087829316042565,1.0,-0.12848605577689243,-0.3294285088679658,0.3020643916790353,0.39018960239014316,-0.33876713807621717,873195052.2,1.3400882473715561e-11,0.0,1.20780867499692,0.7421301143900721,0.6285353535353535,medium
2024-08-30,ENPG,0.10169211710264164,0.44512981128722046,0.45317807161013784,1.0,-0.14123926060921632,-0.23857340720221598,0.3444408675749127,0.21730204323502603,-0.27614970914279446,79385220.9,1.2631860651101113e-10,0.0,1.0010791919215505,0.7894782863172843,0.6867919191919191,high
2024-08-30,FEES,0.12604635007169385,0.7539426949196985,0.12001095500860778,1.0,-0.0994954591321896,-0.13577377493705212,0.31464916307032215,0.1918848654192482,-0.1715558856294096,217966085.7,7.420456355777377e-11,0.0,1.1361855681289486,0.862746757965386,0.4938666666666666,medium
2024-08-30,FLOT,0.11234415565471798,0.5378800957946522,0.3497757485506298,1.0,-0.13963878326996193,-0.2840531561461793,0.33942786938489894,0.2177004581670675,-0.29771880819366847,384561671.4,3.242718043453025e-11,0.0,0.9394513813637428,0.7427356638919916,0.6419656565656566,medium
2024-08-30,GAZP,0.21435713051103886,0.664944823005772,0.12069804648318912,1.0,-0.06451122099657658,-0.0050970873786407855,0.4621139347265026,0.2242720654060381,-0.14568858333942802,4910706168.4,2.2665733430310724e-12,0.0,1.1469640072403269,0.7639652179181525,0.4282060606060606,medium
2024-08-30,GMKN,0.13829712799428426,0.7411121376530099,0.12059073435270602,1.0,-0.15171875,-0.2342736248236954,0.3501954939510792,0.17990935452027468,-0.24218313791178114,1290495041.2,1.3475914983908396e-11,0.0,0.8878750452724021,0.7865000119916749,0.4828747474747474,medium
2024-08-30,HYDR,0.12122117888886651,0.6915741230399427,0.18720469807119094,1.0,-0.1381491344873501,-0.20910340614021672,0.31348129876107095,0.18272636423304137,-0.22957893170659127,115755128.0,1.185228456868928e-10,0.0,0.8793691361892785,0.8137652562705279,0.5543232323232323,medium
2024-08-30,IRAO,0.47218925345585067,0.42837806219194235,0.09943268435220683,1.0,-0.019893899204244114,-0.03348155898509031,0.29990304371667276,0.15284147656263633,-0.08809583229348639,413735794.32500005,3.382114677035105e-11,0.0,0.7509300704536546,0.7750301208073302,0.3052626262626263,low
2024-08-30,LKOH,0.6761305699489042,0.2536260544563736,0.07024337559472231,1.0,-0.06766803216507356,-0.16937010002703434,0.258283836592047,0.1386222879589962,-0.18033115235678998,7957296907.5,1.2653200421527105e-12,0.0,0.7876426962025904,0.8055597856288867,0.21694747474747475,low
2024-08-30,MAGN,0.12001772878581803,0.7538146703160082,0.12616760089817378,1.0,-0.14519813288310657,-0.23028080844213916,0.32116822329172406,0.19487250586203533,-0.24073747353563868,749045924.725,2.0035181277250688e-11,0.0,1.0232106849413556,0.8421217240817604,0.5062464646464646,medium
2024-08-30,MGNT,0.11981553168250893,0.641201155634488,0.23898331268300313,1.0,-0.16297215818407518,-0.29468021518230725,0.3300711796899436,0.21787069057614944,-0.30011862396204037,1115627439.0,1.4247794087044166e-11,0.0,1.0261995643384658,0.8115787067035655,0.5863050505050504,medium
2024-08-30,MOEX,0.4102116697058582,0.48331726146552967,0.10647106882861226,1.0,-0.12269272529858855,-0.1893735703679923,0.26102551186423073,0.15595998174895065,-0.1982217988409939,906157009.85,1.3366678458212832e-11,0.0,0.5429669012530912,0.5534573782644102,0.3314,medium
2024-08-30,MTLR,0.08517534584131448,0.33542245993766534,0.5794021942210201,1.0,-0.3515037593984962,-0.5311266988163086,0.576298360712051,0.3575732216455341,-0.5580786026200873,3967570410.59,6.4086178374835745e-12,0.0,1.3960648642999425,0.7594553259063966,0.7396606060606061,high
2024-08-30,MTSS,0.11365443371723429,0.5518697490221548,0.3344758172606109,1.0,-0.14800000000000002,-0.34595701125895606,0.29129151090287636,0.4205488168553178,-0.35334795075054815,695027877.5,1.675301537684937e-11,0.0,0.832636767348223,0.5231266854703392,0.6349252525252524,medium
2024-08-30,NLMK,0.11225991021271903,0.53701005015077,0.3507300396365109,1.0,-0.1994934266071643,-0.3108711452600976,0.3924790504445881,0.2387124433840748,-0.3243408327394889,1344154896.1,1.1439414283541352e-11,0.0,1.2845076222550527,0.9138654866894448,0.6423999999999999,medium
2024-08-30,NVTK,0.26364639125563094,0.6177498028488876,0.11860380589548135,1.0,-0.04045561665357422,-0.05893682588597848,0.43628786527287206,0.18550445094324094,-0.1849109818438216,3723439570.4,3.3893564685002433e-12,0.0,1.0106947621735902,0.6896079348042528,0.4001474747474747,medium
2024-08-30,OZON,0.11731301690601899,0.5975208358492193,0.28516614724476164,1.0,-0.19330207635632957,-0.316923774954628,0.33083916161993715,0.26533911514744757,-0.34981645432951847,2056686285.0,8.191168693321981e-12,0.0,1.4915396161406755,0.8879566331921507,0.6110282828282829,medium
2024-08-30,PHOR,0.3109768149556272,0.5735120602064161,0.11551112483795668,1.0,-0.1044802867383513,-0.1463956269217629,0.2335839827546478,0.16320961604427445,-0.1800131276665573,246356425.5,3.719583505431929e-11,0.0,0.8228931760020224,0.7221805207796659,0.3762060606060606,medium
2024-08-30,PIKK,0.11699965200144141,0.5930591806597874,0.28994116733877123,1.0,-0.10277151571409626,-0.18804752190087592,0.33769604917166046,0.20972685495487342,-0.29188906331763476,255806271.0,6.108365057689136e-11,0.0,0.7756692204200419,0.5933410338197245,0.6134383838383838,medium
2024-08-30,PLZL,0.26612848736056316,0.6154060277266282,0.11846548491280869,1.0,-0.04814785436662172,-0.047505655435170824,0.28406900920489025,0.18761636222823164,-0.08512429831595836,183369068.375,6.102707235390918e-11,0.0,0.96286327690742,0.7324571112548857,0.39883030303030303,medium
2024-08-30,POSI,0.34041684638605224,0.5464283591260355,0.11315479448791224,1.0,-0.13271731690622868,-0.14696378079978467,0.25180296138634384,0.17590949997286603,-0.18707897606980184,671014897.5,2.2065430116308567e-11,0.0,0.8994417706563903,0.7549951024361304,0.3623232323232323,medium
2024-08-30,RNFT,0.0927766081269282,0.38263881792927357,0.5245845739437983,1.0,-0.04630186410102233,-0.20976581963129048,0.5957260390215015,0.294710098311713,-0.2994803967879073,750989920.8,1.8936966572327792e-11,0.0,1.4283890002854602,0.7517074402824061,0.7165515151515152,high
2024-08-30,ROSN,0.5030344824284493,0.40137700411793475,0.09558851345361587,1.0,-0.057349445324881065,-0.15972099593854838,0.19853543052096886,0.2174675487005559,-0.1752470098803952,1674732658.5500002,5.62303610115815e-12,0.0,0.9411298820558041,0.8484724888437049,0.2924242424242424,low
2024-08-30,RTKM,0.11802147939356426,0.6081995286771489,0.27377899192928684,1.0,-0.05868573542103328,-0.17859064012910175,0.4276672994641125,0.21075949572591895,-0.1947901286648387,331889664.04999995,5.752324627742179e-11,0.0,1.0220112247810218,0.7059534973484745,0.6051818181818183,medium
2024-08-30,RUAL,0.10583562576594491,0.4779853672157619,0.41617900701829313,1.0,-0.08638018936635117,-0.26246472248353725,0.38865985817184545,0.24229237556520977,-0.2890501020176831,527422736.74999994,3.505588430609434e-11,0.0,0.9258764168505046,0.7197120095785802,0.6711535353535353,medium
2024-08-30,SBER,0.5303711689135824,0.3776244988008448,0.09200433228557273,1.0,-0.11043909942665375,-0.1872684297943018,0.2271562267239151,0.1987742037564227,-0.22511191643572803,11830163167.599998,1.0995655768866881e-12,0.0,0.36985612436760973,0.4327567943172805,0.28103232323232324,low
2024-08-30,SGZH,0.04668383827451023,0.14557434497953006,0.8077418167459598,1.0,-0.49286987522281644,-0.6041739130434782,0.9009406792739446,0.6371636140596995,-0.6436455376852728,708109466.3499999,2.32045061587363e-11,0.0,1.4277831485137606,0.5533993569584842,0.8563555555555556,high
2024-08-30,SIBN,0.5032432909759573,0.40119495065815003,0.09556175836589262,1.0,-0.030723781388478533,-0.06921985815602827,0.2829061384323871,0.14546306170874693,-0.1401679306608884,553428027.9,2.118176563699148e-11,0.0,0.8422127200881573,0.8267011168205993,0.2923373737373737,low
2024-08-30,SMLT,0.0745114398885731,0.275766554104907,0.6497220060065199,1.0,-0.27205743434725105,-0.39532328939108596,0.4102477173730967,0.21475136432735595,-0.4217319525739156,353721050.5,6.075407189329057e-11,0.0,1.1332532750388522,0.8348165228303759,0.7706989898989899,high
2024-08-30,SNGS,0.20130768557610562,0.6776784381827965,0.12101387624109786,1.0,-0.14320163235021333,-0.1978117401875651,0.3024379081600342,0.19745050289563662,-0.235771012574454,1116246515.0,1.10273563985535e-11,0.0,1.063300913138789,0.8266422705070416,0.43638383838383843,medium
2024-08-30,SPBE,0.09485972500068311,0.39644471355778893,0.5086955614415279,1.0,-0.18562874251497008,-0.06689536878216118,0.4333766217368905,0.3192132623792812,-0.24181184668989553,252543702.9,8.709273215131176e-11,0.0,1.43853620820706,0.6635913232496747,0.7099313131313131,high
2024-08-30,SVCB,0.12069654357618181,0.6648935588436116,0.21440989758020654,1.0,-0.10041551246537395,-0.26858108108108114,0.23200605765328564,0.22209009480764064,-0.287828947368421,283316353.0,3.927217874840439e-11,0.0,1.0648299478541274,0.7901865382319091,0.5718262626262626,medium
2024-08-30,T,0.27493076083038637,0.6071168686486987,0.11795237052091495,1.0,-0.06876456876456871,-0.1769957081545065,0.24654357219078946,0.15985589745066658,-0.19872973424703322,412947325.40000004,3.151420863853758e-11,0.0,0.9711764141595933,0.8490657658174884,0.39422020202020197,medium
2024-08-30,TATN,0.6865049234396278,0.2449682348574482,0.06852684170292406,1.0,-0.05281746668807186,-0.14850627796218785,0.21948876782354146,0.1579210401220021,-0.17442678295118863,1420615035.6999998,6.36683527197621e-12,0.0,0.661704716277305,0.6935495772283728,0.21195151515151517,low
2024-08-30,UGLD,0.0869165934178663,0.34584523825266295,0.5672381683294708,1.0,-0.246620430233925,-0.32678571428571423,0.4409562787038277,0.2821232309314789,-0.31093430813890977,412385452.85,3.2534467181546754e-11,0.0,0.8791822480941626,0.6050453600907569,0.7344787878787878,high
2024-08-30,VKCO,0.11273654079494391,0.5419768542110557,0.34528660499400043,1.0,-0.22747546833184662,-0.37787356321839083,0.3330804756749216,0.21377870386359057,-0.3849431818181819,977373467.5999999,1.7962892089929206e-11,0.0,1.134786549977299,0.8157670971438866,0.6399151515151513,medium
2024-08-30,VTBR,0.5684943430506704,0.3447674564058783,0.08673820054345151,0.9833333333333333,-0.06356843075033258,-0.08657014478282554,0.30455850003221346,0.18127366485909427,-0.154919168591224,2764103753.835,4.4162174569429e-12,0.0,0.7869178912832814,0.6135301543504289,0.26498787878787883,low
2024-08-30,WUSH,0.04912023510258451,0.15574350635556314,0.7951362585418523,1.0,-0.11108645481981183,-0.3301561820674894,0.6529636981105154,0.29412430140556833,-0.34901871142605234,291266215.655,8.056414468480729e-11,0.0,1.2559720276919393,0.7259260218278518,0.848030303030303,high
2024-09-30,AFKS,0.08185299616499268,0.3161049617339132,0.602042042101094,1.0,0.060851793248945185,-0.2915510940870867,0.5101329876018252,0.34890626186555085,-0.37380083198913316,2261901537.7,9.477228311567619e-12,0.0,1.3695127061720322,0.8188069525593159,0.7494252964426876,high
2024-09-30,AFLT,0.12023023799939948,0.7495810746743976,0.13018868732620292,1.0,0.20782122905027922,-0.04251550044286989,0.38048133698699216,0.22798375194579806,-0.2307031115695376,1624237830.15,1.1224995492495406e-11,0.0,1.2822232501178574,0.8369237396952339,0.5099470355731226,medium
2024-09-30,ALRS,0.11747650497256105,0.5999077571517348,0.28261573787570415,1.0,0.163225806451613,-0.2148352445928291,0.3554205524495491,0.23390317861958815,-0.3166789125642909,1501647302.9499998,1.1758928360588634e-11,0.0,0.9887664473664347,0.825765508401243,0.6097312252964427,medium
2024-09-30,ASTR,0.24333630504081002,0.6370395933938708,0.11962410156531904,1.0,0.10025480203841641,0.034079395781523525,0.32353312364078357,0.19091107957959408,-0.09850693524162923,229474618.8,8.157072158977698e-11,0.0,0.7941809124988787,0.7406505378235074,0.41123873517786563,medium
2024-09-30,BSPB,0.4333844966406166,0.46266387154618516,0.10395163181319815,1.0,0.1266923990498814,0.029489962018448113,0.2643974369016776,0.20140256293287556,-0.1367382262522926,567059022.8,1.873444729399747e-11,0.0,0.8303079844073911,0.7960052150902271,0.3215375494071146,medium
2024-09-30,CBOM,0.10808178485125482,0.4972543403572971,0.39466387479144804,1.0,0.10702113156100879,-0.07398431931575189,0.42304585288300117,0.314289995672279,-0.18849149120276898,98700255.1,2.485824481692203e-10,0.0,0.7804000307115831,0.6157536411605545,0.661893280632411,medium
2024-09-30,CHMF,0.12064402236744799,0.6631392226607447,0.21621675497180734,1.0,0.07303754266211593,-0.1743697478991597,0.412827993676079,0.22325688731082144,-0.22012243811551768,1429993219.6999998,1.3318014155711793e-11,0.0,1.1206475113009053,0.8726670053621314,0.5729296442687747,medium
2024-09-30,ENPG,0.11463051332341674,0.56293836982062,0.3224311168559632,1.0,0.05794831636648401,-0.17501221299462622,0.32155970206777823,0.21943980359594129,-0.24804878048780488,111013151.625,1.3071495949798344e-10,0.0,0.8966378098425262,0.8056143841862663,0.6292719367588934,medium
2024-09-30,FEES,0.09943194458938048,0.4283726928125412,0.47219536259807837,1.0,0.07680684966003515,-0.14565434565434565,0.35623650344451996,0.32144617621379645,-0.2380204241948154,222031250.3,6.201723915796009e-11,0.0,1.181281712384644,0.8580645843940204,0.6947399209486166,high
2024-09-30,FLOT,0.10089070293549617,0.43910482987664795,0.4600044671878558,1.0,0.14205803519403326,-0.1959963901878743,0.3854439602829106,0.22723609987655127,-0.2766445690973993,532719894.5,3.938761404320389e-11,0.0,1.0569523126098226,0.8269151059343032,0.6896498023715415,high
2024-09-30,GAZP,0.34992060163791017,0.537748011728975,0.11233138663311482,1.0,0.11569513967382528,0.08180679505245037,0.41113566299890175,0.22063157867932887,-0.14568858333942802,5583556379.7,2.0009682681799087e-12,0.0,0.929723776472843,0.6756619775589257,0.3579683794466403,medium
2024-09-30,GMKN,0.2112912186575785,0.6679264592762687,0.1207823220661529,1.0,0.09619860356865795,-0.14699667974645336,0.33909555961506604,0.20039609676929868,-0.22436191349533863,1575973753.0,8.074883474187203e-12,0.0,0.8792963732496365,0.7642825710751743,0.43009407114624504,medium
2024-09-30,HYDR,0.12049366653341838,0.6584590483796408,0.22104728508694074,1.0,0.09644670050761439,-0.14691943127962082,0.3269058666113906,0.20430769925570977,-0.205763315525336,148152176.0,1.2288238149897625e-10,0.0,0.9743274804190074,0.8931457771777795,0.5758474308300395,medium
2024-09-30,IRAO,0.5423057648496847,0.3673053874852031,0.0903888476651122,1.0,0.07066741446999436,-0.015598813974474601,0.20305833933143375,0.16345949467541107,-0.08258296887059435,368889947.3,2.7535204904281213e-11,0.0,0.7184163328738002,0.815251091069883,0.27603636363636364,low
2024-09-30,LKOH,0.8429281324808626,0.1174248668874994,0.03964700063163808,1.0,0.12412101390024532,-0.03142172749048899,0.1982467106038199,0.13546054460005802,-0.127425799086758,6652528696.5,1.398731673691673e-12,0.0,0.6444590574047957,0.7854766737734332,0.11789169960474308,low
2024-09-30,MAGN,0.1667755058732425,0.71198421874569,0.12124027538106752,1.0,0.10222820763956908,-0.16398922834060725,0.26997729506575446,0.21911319889054162,-0.24138571561251965,848343302.375,9.805070492473046e-12,0.0,0.9266700871628757,0.8152318423923276,0.4601407114624506,medium
2024-09-30,MGNT,0.12100379581504783,0.7274154736008085,0.1515807305841436,1.0,0.23329706202393896,-0.11342302878598243,0.45238423396335453,0.21221901114160127,-0.26379876632219823,2616557907.0,4.030851219618567e-12,0.0,1.1620580490632428,0.8187192185843559,0.5281620553359684,medium
2024-09-30,MOEX,0.36630565213896205,0.5228497756620761,0.11084457219896189,1.0,0.13097345132743365,-0.06442166910688141,0.30771548959795947,0.16767006765954873,-0.19744318181818188,1077968115.0,1.2015332403541675e-11,0.0,0.7516157777896808,0.7586202844664497,0.3505826086956522,medium
2024-09-30,MTLR,0.10033647162979735,0.4349927021554852,0.4646708262147175,1.0,0.08612267052650613,-0.4272493082721115,0.4254646720373826,0.36075690260345,-0.48754304233340084,4680757613.545,3.42238680489619e-12,0.0,1.105064114291166,0.6180198129290874,0.6915999999999998,high
2024-09-30,MTSS,0.119992830948253,0.64527938774164,0.23472778131010713,1.0,0.11135018827326504,-0.2869715271786023,0.2739374922402383,0.4370947807757709,-0.3365453247680228,1201389136.0,8.083922006726848e-12,0.0,0.8317588575260666,0.5563958224496772,0.5838743083003952,medium
2024-09-30,NLMK,0.11452710091520121,0.5617355834239859,0.3237373156608129,1.0,0.1113896287012377,-0.18702727481090997,0.4281142075669847,0.24015544453157642,-0.26199560642848885,2071998250.9,1.0922187681328046e-11,0.0,1.2313927964382934,0.8829599834533811,0.6298901185770751,medium
2024-09-30,NVTK,0.6056465661312265,0.313039134249392,0.08131429961938164,1.0,0.04822546972860131,-0.07241825235544053,0.2627852812829493,0.17751469736386832,-0.16110304789550078,2517792835.7,4.983664395779733e-12,0.0,0.9242230204213443,0.7768021722614835,0.24900316205533599,low
2024-09-30,OZON,0.10849558658525095,0.5009417028180554,0.3905627105966937,1.0,0.15536871606235758,-0.175396924615577,0.5110512192928935,0.26645508624591074,-0.2841379310344827,2977755790.25,8.478186605676494e-12,0.0,1.5145108016586457,0.9060350029482462,0.6601098814229249,medium
2024-09-30,PHOR,0.24884916812352076,0.6317833704789423,0.11936746139753691,1.0,0.09926017262638709,-0.10820273424474824,0.30795397365101274,0.15823439322526217,-0.17315208156329653,392271348.0,3.338835572560467e-11,0.0,0.7228668269463066,0.7260030308132899,0.40816996047430826,medium
2024-09-30,PIKK,0.07656129295408758,0.2867285369585542,0.6367101700873582,1.0,0.04262506031848168,-0.21931831867999507,0.5009904363252667,0.3119273173189634,-0.28671408903166584,602285273.5,3.176232404757488e-11,0.0,0.9575571609717793,0.6825182891960796,0.7647778656126482,high
2024-09-30,PLZL,0.3832741938395367,0.507506509344145,0.10921929681631835,1.0,0.1430366582892797,0.0804423510137211,0.2555682023875122,0.18922032044259884,-0.1159809640773718,205648325.15,5.722949745527699e-11,0.0,0.8752992056767025,0.776483449759322,0.3430758893280632,medium
2024-09-30,POSI,0.12097624022996932,0.7285871210037302,0.15043663876630045,1.0,0.08814539446509717,-0.11686221924237339,0.3592537852359256,0.17530405849640757,-0.2141141336103356,478659512.5,3.746698131081115e-11,0.0,0.935766856492972,0.811922516991329,0.5272434782608695,medium
2024-09-30,RNFT,0.12111257783189447,0.7220317586339139,0.15685566353419167,1.0,0.04817708333333348,-0.09039548022598876,0.3063613498339089,0.3015820748156429,-0.1970763400108283,475285962.35,2.303843833904275e-11,0.0,1.1972748306749652,0.7255885759157663,0.5323256916996048,medium
2024-09-30,ROSN,0.39179187554135836,0.4998360657544926,0.10837205870414915,1.0,0.1150423030436214,-0.09409034101053393,0.2779104840966233,0.22913669102507156,-0.14536576204338436,1648959862.8000002,6.557210841834758e-12,0.0,0.8941607834279153,0.844919828240022,0.33935494071146244,medium
2024-09-30,RTKM,0.12072002293706159,0.6657016474683375,0.21357832959460082,1.0,0.07119649668032202,-0.1178455095393206,0.33058404980162354,0.27372853638421046,-0.20208900999091728,479685474.85,2.256313639596226e-11,0.0,1.0765131597478104,0.7931308507149012,0.5713162055335969,medium
2024-09-30,RUAL,0.11836510529575608,0.6137362432333451,0.26789865147089886,1.0,0.12561819980217614,-0.1781415503129513,0.3202517843264318,0.2500308071270925,-0.282138517618469,636073258.45,2.231960338999736e-11,0.0,0.931629092476664,0.7473304857680979,0.6021043478260871,medium
2024-09-30,SBER,0.4642014639303104,0.4354060838893615,0.10039245218032808,1.0,0.09897261675739832,-0.17150615607739061,0.22801739996553086,0.20962229324082066,-0.23735116722397576,11774370860.2,6.385319915181592e-13,0.0,0.5336938768740771,0.6033686037189341,0.3085960474308301,low
2024-09-30,SGZH,0.04797291878026973,0.15092748738240716,0.8010995938373232,1.0,0.3359442993907744,-0.4181197877179682,1.1603165923499483,0.671487470059633,-0.562185199535064,905284357.95,2.1593985579727067e-11,0.0,1.3058866624168588,0.4204581154247681,0.851918577075099,high
2024-09-30,SIBN,0.7434305582146074,0.19787412461511633,0.0586953171702763,1.0,0.09338733546226341,0.045583196782362556,0.20149542282785027,0.1472823018688618,-0.0926490394839442,1018709005.5,8.756592794416316e-12,0.0,0.7124743198033537,0.8253268221364903,0.18263557312252962,low
2024-09-30,SMLT,0.06895126519477336,0.24709622091655853,0.6839525138886682,1.0,0.08128009062588504,-0.3585349462365591,0.5281010906901107,0.296909321939241,-0.3997960224375319,1207253112.0,1.9431227643878838e-11,0.0,1.3073247883273351,0.8326482290111736,0.7868110671936759,high
2024-09-30,SNGS,0.12072799411157915,0.7372438373331516,0.14202816855526937,1.0,0.12299344336423257,-0.12274814553161417,0.3614249229167042,0.19796636158759195,-0.2485558953448862,1200468063.25,1.2039657351474282e-11,0.0,1.0023543218639839,0.866755340319813,0.520310671936759,medium
2024-09-30,SPBE,0.09194016296626695,0.3772102729103256,0.5308495641234074,1.0,0.19169027384324822,-0.06031273268801196,0.38376061923725774,0.32994670089496764,-0.26382085374387687,202466165.4,7.82334724977376e-11,0.0,1.3256999403524485,0.7067783944721467,0.7191675889328063,high
2024-09-30,SVCB,0.12127375363765946,0.705228288002333,0.1734979583600075,1.0,0.10200866482867266,-0.10891719745222928,0.3542114431799515,0.21722048195186178,-0.18175958749597165,363057900.5,4.3358106300139815e-11,0.0,1.0297145759445947,0.830384311554925,0.5447644268774704,medium
2024-09-30,T,0.21810011316810585,0.661312779535218,0.12058710729667613,1.0,0.16833667334669333,-0.06135957066189612,0.2924171320869236,0.20631969370545877,-0.19008115419296656,515822327.6,2.2813878891005422e-11,0.0,0.9749596350612039,0.8622849974990059,0.4259272727272727,medium
2024-09-30,TATN,0.5741051594927343,0.3399574590596329,0.08593738144763269,1.0,0.13522123893805316,-0.0775204947504674,0.24545776074436326,0.17817806629197364,-0.15490636704119842,1310778840.0,8.589862692632098e-12,0.0,0.7008886009851643,0.7933712773662327,0.26260079051383395,low
2024-09-30,UGLD,0.06386728778281629,0.22213593525766856,0.713996776959515,1.0,0.31576172904586186,-0.11279620853080563,0.5815365388795843,0.3705702499516943,-0.3552005438477226,826486079.2,3.3888725032133116e-11,0.0,1.2843769866796089,0.7116314689507889,0.8017588932806323,high
2024-09-30,VKCO,0.08940651254280757,0.3611379180828508,0.5494555693743417,1.0,0.08029647930821504,-0.2733693394266722,0.4650165556485657,0.26114151898249344,-0.31456392887383566,989827296.0,1.7120369181394706e-11,0.0,1.2213804528910288,0.8429877421497449,0.7269667984189723,high
2024-09-30,VTBR,0.45701353930371336,0.44174324835227063,0.10124321234401597,0.9833333333333333,0.0340301974448316,-0.1065730055193177,0.298733260906692,0.21315205562033676,-0.14540942928039713,2532769803.755,5.786120770571995e-12,0.0,0.8500221481511109,0.7583136950854384,0.311601581027668,low
2024-09-30,WUSH,0.058135695037582626,0.1953141126451727,0.7465501923172446,1.0,0.08517652062951919,-0.2586269524155467,0.42541031797259315,0.310825677180412,-0.3265810815725353,178749456.78,7.192002287362608e-11,0.0,1.297130702511861,0.7474767699737731,0.8190853754940711,high
2024-09-30,YDEX,0.44453911384279604,0.4527707253559497,0.10269016080125426,0.8166666666666667,0.10689131335450908,,0.3375734904288278,0.2038585517681429,-0.13583222851633125,4727106328.0,3.270814221275143e-12,0.0,0.8782477177587718,0.7735904601187876,0.3168347826086957,medium
2024-10-31,AFKS,0.10375987810660638,0.46114218297564963,0.435097938917744,1.0,-0.19794524918639522,-0.36931105424256105,0.2741201599408019,0.2891401556726131,-0.39575355082650643,1121530887.5,1.0059375710293507e-11,0.0,1.343125598786993,0.8160750860763026,0.6791864734299516,medium
2024-10-31,AFLT,0.18524495943484204,0.6935169444093445,0.1212380961558135,1.0,0.02747773356073524,0.07600714427465771,0.3269166548705623,0.21711139289490144,-0.13476411446249026,1328335818.75,9.627181022186274e-12,0.0,1.2087275554940777,0.8060321576785204,0.44700966183574875,medium
2024-10-31,ALRS,0.12076994160437404,0.6674743438324413,0.21175571456318476,1.0,-0.12985816909191372,-0.22059066160699548,0.2663424780544434,0.22999406833110966,-0.23707957342083674,940040121.35,1.1799505943644123e-11,0.0,1.068921508218042,0.792785083896769,0.5701932367149759,medium
2024-10-31,ASTR,0.37814444210453363,0.5121360202261204,0.10971953766934597,1.0,-0.0840521196549825,-0.10843158270810993,0.1813350969345112,0.14846325561082258,-0.1371769383697813,186519407.175,4.332195120191063e-11,0.0,0.7268016762504594,0.7246631497141685,0.34533140096618364,medium
2024-10-31,BSPB,0.412861627315051,0.4809483274499821,0.10619004523496692,1.0,-0.0834563850150396,-0.07587537910118547,0.19916215000109122,0.14577816558760395,-0.15112067873876156,321103412.3,3.2633779567240344e-11,0.0,0.7144055674823963,0.7636375922020311,0.3302647342995169,medium
2024-10-31,CBOM,0.1209200939804288,0.6733727430174289,0.20570716300214223,1.0,-0.04510540938061769,-0.13076465337697118,0.22206361679788178,0.2993531365560873,-0.17565191913272782,51173788.650000006,1.3623396999641764e-10,0.0,0.8241520141105265,0.5813522359797488,0.5664154589371979,medium
2024-10-31,CHMF,0.12019417265544756,0.7503316462620268,0.12947418108252579,1.0,-0.12578515058785633,-0.21196283391405346,0.2605085961115059,0.2067088980292767,-0.22567760342368048,1096885388.3,1.2962198441076845e-11,0.0,1.142997504031144,0.8663861696795396,0.5092966183574881,medium
2024-10-31,ENPG,0.12116051883989976,0.7190492080805261,0.15979027307957405,1.0,-0.0678835420123699,-0.15460391298399234,0.23010962075796373,0.2109870737677076,-0.1724600724734935,64478633.275000006,1.4920666575556127e-10,0.0,0.8833539856050769,0.7429249835171913,0.5345932367149759,medium
2024-10-31,FEES,0.08078509912831122,0.31004461401105793,0.6091702868606308,1.0,-0.10886998784933166,-0.23683662851196674,0.2761956152437241,0.29176162195735167,-0.2798507462686567,113891124.79999998,1.246439961543472e-10,0.0,1.2038351432952634,0.8345117062378286,0.7525381642512077,high
2024-10-31,FLOT,0.1199800325607257,0.754522239736981,0.12549772770229334,1.0,-0.09198396793587171,-0.13298890164561794,0.2445592038797779,0.21546117818339128,-0.20613748717470382,567939947.4,2.2177902297176473e-11,0.0,1.076086731579528,0.7976975262527027,0.5056202898550725,medium
2024-10-31,GAZP,0.47454369521517525,0.4263093663837636,0.09914693840106105,1.0,-0.07791140658848139,-0.03667863274543459,0.2539811997066402,0.22814240024799753,-0.12142348754448395,4290992775.2000003,1.104241524704009e-12,0.0,0.9163270823486306,0.6184875522921394,0.30428115942028977,low
2024-10-31,GMKN,0.12062583780671142,0.6625476892208924,0.21682647297239624,1.0,-0.07007326695472471,-0.1943359375,0.3675705243021773,0.21025885486266113,-0.24816147707713976,2363512252.2,7.49575687770138e-12,0.0,1.0656585142023736,0.752731029757309,0.5733004830917874,medium
2024-10-31,HYDR,0.1174547713866363,0.5995879726632792,0.2829572559500844,1.0,-0.053177446728267075,-0.1443421949556919,0.3028014389417019,0.18199291135217302,-0.19428477582525872,111514965.79999998,1.2823328266060006e-10,0.0,1.050914946694074,0.823651093168055,0.6099053140096619,medium
2024-10-31,IRAO,0.5794186245295266,0.33540840235749975,0.08517297311297349,1.0,0.008940485721910862,0.01872810563190508,0.13144836001483604,0.159115757243949,-0.08258296887059435,225223467.3,2.3775277463038357e-11,0.0,0.6583148896254687,0.7202610530292453,0.26033236714975844,low
2024-10-31,LKOH,0.8668015342176435,0.09854567877266429,0.03465278700969226,1.0,-0.02321736630247273,0.05990172373449809,0.16386549779217255,0.12353711928175125,-0.07975921745673442,6418040872.5,1.2058062731755382e-12,0.0,0.5859688749420774,0.7039705416019068,0.09757101449275361,low
2024-10-31,MAGN,0.09973413520265088,0.4305720876421589,0.46969377715519034,1.0,-0.19220749801789572,-0.2693371580780658,0.33924892728289013,0.26637688120857833,-0.2905600318312942,852215276.675,1.1474301781098797e-11,0.0,0.930534170470021,0.7316309809067263,0.6936966183574877,high
2024-10-31,MGNT,0.1198393284328427,0.7570645603248355,0.12309611124232178,1.0,-0.12030591234434751,-0.17906487327294351,0.22964630492454596,0.2355871074946641,-0.2607483740180758,1412229576.0,9.13316529357334e-12,0.0,1.1152503124564812,0.7223009804916287,0.5033516908212561,medium
2024-10-31,MOEX,0.42018447014070165,0.47441168191183736,0.105403847947461,1.0,-0.11225696579781441,-0.17435874873509616,0.174364562317725,0.15938183201175213,-0.178479183995097,808816377.15,8.10357897137605e-12,0.0,0.8593185519656471,0.8121675530922552,0.3271381642512078,medium
2024-10-31,MTLR,0.11002220036667115,0.5149757685017179,0.37500203113161107,1.0,-0.15439593558942555,-0.35711947626841245,0.3329294355228018,0.29240155397272594,-0.3751600512163893,2642082943.31,5.953843944275526e-12,0.0,0.8201269913534218,0.47343279681176387,0.6532811594202899,medium
2024-10-31,MTSS,0.3245404156614913,0.5609963637136708,0.11446322062483788,1.0,-0.11609306834706745,-0.18301971326164868,0.14676900521994882,0.18424882533674442,-0.18937541675927982,580194842.75,1.055920585813621e-11,0.0,0.7617893391499826,0.7517795209282766,0.3697304347826087,medium
2024-10-31,NLMK,0.11850518898843022,0.616073583654555,0.26542122735701484,1.0,-0.14608041654613824,-0.26218445388652833,0.32037734124788614,0.21231475852362353,-0.2911223996129657,1721179281.4,9.22965729104428e-12,0.0,1.2590568884023214,0.844144505426021,0.6007951690821257,medium
2024-10-31,NVTK,0.42457052923687516,0.47050320751223695,0.10492626325088773,1.0,-0.15076489533011284,-0.17111984282907666,0.2155205901561612,0.16818979087953004,-0.20018957345971566,1690310294.4,4.321216437378664e-12,0.0,0.9169662999889145,0.7291054764581446,0.32527246376811597,medium
2024-10-31,OZON,0.12053144621660034,0.6595928565362291,0.2198756972471706,1.0,-0.16786608260325409,-0.26916735366859024,0.2774864816537733,0.21920740026790653,-0.2745499181669394,1552121334.5,7.82339680971255e-12,0.0,1.3796369928757017,0.8862654987283246,0.575143961352657,medium
2024-10-31,PHOR,0.39144859129490295,0.5001448082161216,0.10840660048897546,1.0,-0.10211910851297046,-0.08964623078347844,0.2020231862281959,0.14865086191106866,-0.12653278834192283,197616781.0,3.881320435018612e-11,0.0,0.7466019471904459,0.6793844402067669,0.339504347826087,medium
2024-10-31,PIKK,0.0476925470507979,0.14975798383524605,0.8025494691139561,1.0,-0.2271872060206961,-0.35912105057859844,0.3666730638587121,0.336409601072961,-0.392306743927999,322289043.75,3.062126149616412e-11,0.0,1.2297976884170494,0.724362637342256,0.8528772946859903,high
2024-10-31,PLZL,0.23388001370892447,0.6460930202575453,0.1200269660335303,1.0,0.09425193337299231,0.1897562355984963,0.28857233099586965,0.1713456981431713,-0.11319011319011318,145339586.14999998,3.85613569875902e-11,0.0,0.7076857562749094,0.6349936638967055,0.4166135265700483,medium
2024-10-31,POSI,0.1211882057318642,0.7170223956279707,0.16178939864016523,1.0,-0.13596855868792979,-0.21380922907640454,0.26294133201552394,0.17855296404314194,-0.21987170738364958,394236340.0,2.952017230909095e-11,0.0,0.9624646997669493,0.8043256515912828,0.5361188405797102,medium
2024-10-31,RNFT,0.11924918604367903,0.6294669027960873,0.25128391116023363,1.0,-0.1779661016949151,-0.1204663212435233,0.32066935849460265,0.2640352917928589,-0.2067757009345793,630644726.3500001,1.9864193573667197e-11,0.0,1.0138959393531182,0.6241971945684835,0.5931710144927534,medium
2024-10-31,ROSN,0.511179440394481,0.3942828361544054,0.09453772345111355,1.0,-0.13179999999999992,-0.13732114467408574,0.2234991963946023,0.16928458167209634,-0.17807441067878438,1973117760.9,4.235013621503082e-12,0.0,0.7816515315400461,0.803885072618307,0.28903478260869564,low
2024-10-31,RTKM,0.07533449995275136,0.28014146796853256,0.644524032078716,1.0,-0.1805862831858407,-0.2638509316770187,0.3231502251554106,0.25729134598247455,-0.31877227267502006,246775844.75,5.656674907975379e-11,0.0,1.1305606935668824,0.7706703592118491,0.7683217391304347,high
2024-10-31,RUAL,0.27331611178217025,0.6086347997983839,0.11804908841944596,1.0,0.004889272361230823,0.005467625899280515,0.23864196861497833,0.21696911448004969,-0.1670661215282674,562280093.7,1.10188311807323e-11,0.0,0.7459952132259792,0.593717847781734,0.39505893719806773,medium
2024-10-31,SBER,0.7436904226226467,0.19766079121448302,0.05864878616287044,1.0,-0.09971617786187326,-0.153651855277669,0.14191682749510476,0.13399056808060253,-0.16208791208791207,7444847535.4,8.839171125235936e-13,0.0,0.773131200382592,0.9077937563868914,0.18249275362318843,low
2024-10-31,SGZH,0.04991942564426052,0.15912705514717226,0.7909535192085673,1.0,0.08165997322623841,-0.28017817371937637,0.8558864941464763,0.7221013625688065,-0.4973309608540927,1027430311.0000001,2.7562077950960873e-11,0.0,1.515186354702792,0.3875429969838301,0.8453536231884058,high
2024-10-31,SIBN,0.12080813961663507,0.734736459728909,0.14445540065445583,1.0,-0.20079977149385897,-0.16726190476190472,0.29346805691144146,0.19972484481691236,-0.23394934976043802,939379053.325,1.3396233655028307e-11,0.0,0.6494590292893694,0.6212269883206896,0.5223458937198068,medium
2024-10-31,SMLT,0.05429925667471012,0.17809537711311424,0.7676053662121756,1.0,-0.2940554821664465,-0.48126577363618717,0.3477271986603344,0.3011208952721739,-0.48792640858566505,535546302.75,2.0305193696711863e-11,0.0,1.5136422227734472,0.8214237206158321,0.831095652173913,high
2024-10-31,SNGS,0.30132260238966957,0.5824617890874781,0.11621560852285213,1.0,-0.12278997474256848,-0.13720619147716417,0.19042746651893472,0.18744275107635444,-0.1794063079777366,840426045.75,1.2627404563936444e-11,0.0,1.0328648655529407,0.8497569503522571,0.38090821256038654,medium
2024-10-31,SPBE,0.1066828080000337,0.48511389197070387,0.4082033000292623,1.0,-0.20803949224259533,-0.13415574402467223,0.45539540276566204,0.1992065129824751,-0.22919605077574057,334183416.5,8.143285348107207e-11,0.0,1.09839634024667,0.6230983530735914,0.6677381642512078,medium
2024-10-31,SVCB,0.21512661818548992,0.664197425988511,0.12067595582599923,1.0,-0.10893955845095904,-0.1436521739130434,0.23669830376190365,0.15396472911187978,-0.15930113052415218,200718648.0,5.4356422663653535e-11,0.0,0.8554635310695742,0.7933384615592122,0.4277352657004831,medium
2024-10-31,T,0.12461964779300636,0.7554507492989191,0.11992960290807461,1.0,-0.10100424874468894,-0.09471022948269159,0.2972997188928727,0.22617552734891996,-0.1466844005320158,778592121.325,1.7871688168444123e-11,0.0,1.0513942346802796,0.8374246586339045,0.49520483091787443,medium
2024-10-31,TATN,0.23310111922232254,0.6468409043558371,0.12005797642184043,1.0,-0.17411402157164868,-0.12675138481590087,0.2893069992452287,0.2106118334703378,-0.19021000151080225,1663585140.65,6.018040516217956e-12,0.0,0.7072459988037353,0.6787423239607084,0.41706280193236717,medium
2024-10-31,UGLD,0.05730169669298056,0.19152200253181068,0.7511763007752087,1.0,-0.09123358081096522,-0.22660996354799512,0.3635915800508333,0.3655964844743224,-0.3284163323105971,398309540.0,3.950068514582474e-11,0.0,1.5279670488158201,0.730670367836372,0.821663768115942,high
2024-10-31,VKCO,0.07683715284400057,0.2882208226102717,0.6349420245457278,1.0,-0.15294117647058825,-0.34246575342465757,0.3376987841632387,0.27217173390763083,-0.3385392742305925,574295978.3,2.0353976558841335e-11,0.0,1.2544825407306357,0.8159375135395603,0.7639806763285023,high
2024-10-31,VTBR,0.12127498175002663,0.701481721688578,0.17724329656139534,1.0,-0.13733807176430135,-0.2230252968508002,0.3092150805305839,0.22466993251543627,-0.2526566689840103,2010896406.54,5.2961313084878876e-12,0.0,1.01284617261984,0.8245683126732755,0.5474328502415459,medium
2024-10-31,WUSH,0.04510457653770582,0.13909936691366248,0.8157960565486317,1.0,-0.17856780091416957,-0.2926306582112399,0.3639671539354528,0.27785833729159226,-0.3801604611310172,133687545.63999999,1.1527869990810575e-10,0.0,1.340983776467115,0.6959289124373971,0.8618975845410627,high
2024-10-31,YDEX,0.6144998075114376,0.3055203367789071,0.07997985570965535,1.0,-0.07621567145376673,-0.04218913270637403,0.24483560035653118,0.15608362819214017,-0.12754312908982746,2369357939.25,4.720918107800535e-12,0.0,0.9038464857959887,0.7950202749779136,0.24512077294685988,low
2024-11-29,AFKS,0.10939927183659026,0.5091631446829693,0.3814375834804405,1.0,0.047654690618762485,-0.21922647824470065,0.5022525104588696,0.23247912816163502,-0.3049710982658961,3347463976.5,8.58079673889209e-12,0.0,1.4125328048186223,0.8145943013096284,0.6561178743961352,medium
2024-11-29,AFLT,0.16440563721562393,0.7143758578834462,0.12121850490092997,1.0,-0.051300709477897,0.07703428335398588,0.41599857195903917,0.2049305213571826,-0.1833698715941121,2479760264.7,9.689121221288906e-12,0.0,1.0730710148078832,0.729358287391332,0.4619072463768115,medium
2024-11-29,ALRS,0.136168104006438,0.7433273735637461,0.1205045224298158,1.0,0.018922254216371837,-0.012163509471585288,0.42786773363380126,0.17926370233917785,-0.17538516660695092,1050768279.5,1.6838081278888287e-11,0.0,1.1570611563316167,0.8118335006780512,0.4847246376811595,medium
2024-11-29,ASTR,0.1196920848018681,0.7606833477495034,0.11962456744862839,1.0,-0.10239215293764392,-0.16662020258340304,0.3067572648666439,0.1747975048250687,-0.22940617166565824,264575941.35000002,3.906576715007716e-11,0.0,0.8424838723732734,0.7867704618033728,0.4999294685990338,medium
2024-11-29,BSPB,0.12029768319414937,0.7481374782442504,0.1315648385616002,1.0,-0.04811602870813392,-0.08937204977828639,0.3334563683199167,0.173465094877376,-0.2298087881473978,367801442.0,4.20775613159663e-11,0.0,0.8742606696373298,0.8055334661781345,0.5111913043478262,medium
2024-11-29,CBOM,0.24080093095273597,0.6394622471588337,0.11973682188843035,1.0,0.2584977615652462,0.19040150564617297,0.34585243353063877,0.17980595039450273,-0.10052339901477836,141912579.89999998,1.6601040633966615e-10,0.0,0.6420331978542233,0.4945851729563404,0.4126657004830918,medium
2024-11-29,CHMF,0.12067714542361951,0.6642373449766233,0.2150855095997571,1.0,0.0181290790427846,-0.09710610932475883,0.40166492366803197,0.20640667204593122,-0.18726307808946174,1034685620.5,2.035309024504767e-11,0.0,1.1886036847926977,0.8290780869575057,0.5722396135265702,medium
2024-11-29,ENPG,0.12104986402194669,0.7253068673354423,0.15364326864261102,1.0,-0.07965860597439556,-0.08356940509915023,0.32821604381153535,0.185295000096585,-0.17925883366848616,85322725.275,1.3755639166124258e-10,0.0,0.9699849423924201,0.805557971837922,0.5298038647342995,medium
2024-11-29,FEES,0.1026233079439672,0.45225393439579287,0.44512275766023984,1.0,-0.04436676525947836,-0.1181141439205955,0.41666795979839893,0.20331463070394507,-0.2182857142857142,251072562.5,9.598872999319042e-11,0.0,1.2241750007104346,0.878370626753927,0.6834106280193236,medium
2024-11-29,FLOT,0.14403816750092985,0.735166967600076,0.12079486489899421,1.0,-0.03456349648790269,-0.06962501343075089,0.35607408589736067,0.15989301202159167,-0.1781128404669261,414890985.0,4.359154129707269e-11,0.0,0.9064038151439485,0.7498143034881615,0.47800193236714983,medium
2024-11-29,GAZP,0.2614586486933904,0.6198180072550484,0.1187233440515612,1.0,-0.010429936305732412,0.01048780487804879,0.38136174876608725,0.2027521999188627,-0.1850533807829181,6940192785.5,3.68279183200866e-12,0.0,1.0373264738018835,0.7166161154182703,0.4013149758454107,medium
2024-11-29,GMKN,0.3236304983660997,0.5618339213403618,0.11453558029353855,1.0,0.13916901976603469,0.05530642750373671,0.3905773747618512,0.18609802975922274,-0.1678212677519918,3190544369.6000004,4.4071610041051004e-12,0.0,1.1049625143555735,0.743294045046398,0.37016038647342997,medium
2024-11-29,HEAD,0.6007646359293324,0.31719210027909683,0.0820432637915708,0.7833333333333333,-0.01631977294228948,,0.22221095985953546,0.16400367198516072,-0.11116051578479325,1004930473.0,8.803988009436285e-12,0.0,0.5164534710388926,0.39802060710568904,0.2511304347826087,low
2024-11-29,HYDR,0.2653574266739538,0.616133814042812,0.11850875928323425,1.0,-0.03727200634417127,-0.04409448818897643,0.28621666085786507,0.14229944054469523,-0.15358361774744023,117068990.5,9.428828946990611e-11,0.0,0.9363842081877521,0.7740254195553441,0.39923864734299525,medium
2024-11-29,IRAO,0.6309100899510617,0.2916261118514523,0.07746379819748608,1.0,-0.004169924420119875,0.04799780581459134,0.20155680883244703,0.13581812419074488,-0.07089459257413411,461943276.34999996,1.9471717702100604e-11,0.0,0.5550552148525856,0.7387539023960548,0.2378309178743961,low
2024-11-29,LKOH,0.8774898978397249,0.09015837610389779,0.032351726056377234,1.0,0.0023376433632844584,0.0834649399873657,0.17385926877211316,0.1060943232398519,-0.05207752370329055,5880687291.25,1.1876869497185966e-12,0.0,0.5479287520783827,0.7082873529978045,0.08745024154589372,low
2024-11-29,MAGN,0.1119666118085966,0.5340062170376504,0.3540271711537531,1.0,-0.08503259814121256,-0.22033096926713946,0.36153929986783667,0.26116091077076126,-0.3082918380601861,814580734.45,1.8671797903103264e-11,0.0,0.9354377642359979,0.6923073536140157,0.6438966183574878,medium
2024-11-29,MGNT,0.11455097668116074,0.5620126075092013,0.323436415809638,1.0,0.0,-0.04762405382674517,0.4266101746645571,0.24177937344058267,-0.298927274263029,1275189743.5,1.0439757357143544e-11,0.0,1.2225500616793359,0.7108758608019742,0.6297478260869565,medium
2024-11-29,MOEX,0.41920712371549657,0.4752832871100569,0.10550958917444639,1.0,-0.01228763756811635,-0.0704409472572779,0.3445543580119606,0.15608021740507183,-0.15828984711159944,1550715425.4499998,1.3564674602808892e-11,0.0,0.8716724326048776,0.7685183293306972,0.3275545893719807,medium
2024-11-29,MTLR,0.08522908024951348,0.3357409211500404,0.5790299986004461,1.0,-0.15025855210819405,-0.23548358235662514,0.5915606556999832,0.33728418085639855,-0.36721470802624123,2705848707.7650003,8.906592662711644e-12,0.0,1.3638434816175762,0.7187824349739034,0.7395014492753623,high
2024-11-29,MTSS,0.17380723685961655,0.7049184459892734,0.12127431715110987,1.0,-0.02049069830142891,-0.061482820976491936,0.35228955491603936,0.16570057511534708,-0.18940839694656486,716680653.0,2.6060923993404972e-11,0.0,0.874649630608767,0.782752902425194,0.45501352657004834,medium
2024-11-29,NLMK,0.12086661401429145,0.7594326429047378,0.11970074308097085,1.0,0.03627287853577377,-0.1095224478124106,0.3533803266827751,0.17715137917144724,-0.24974398361495143,1330459768.0,1.4760138497763467e-11,0.0,1.1714127020728715,0.8152403959641563,0.4987884057971015,medium
2024-11-29,NVTK,0.12746810140077208,0.7524428789750581,0.12008901962416975,1.0,-0.022232623449567,-0.13355454168394854,0.37605869891535976,0.18622592490229029,-0.22341857335127868,1942992117.6,1.0157984298610353e-11,0.0,0.9069867418108656,0.753808405338226,0.4925458937198068,medium
2024-11-29,OZON,0.11731144968256293,0.5974981584611924,0.28519039185624473,1.0,0.09661745468136806,-0.06857142857142862,0.6572291864154207,0.26361968611140524,-0.23555619430870944,6499832507.0,4.877099405677346e-12,0.0,1.6952929692153662,0.8474619865697172,0.6110405797101449,medium
2024-11-29,PHOR,0.33302609257905097,0.5531993515141537,0.11377455590679533,1.0,0.12286346269857229,0.10072935146855899,0.3491119554403123,0.16044886361375735,-0.12653278834192283,435707533.0,3.957599565154313e-11,0.0,0.7553385770657788,0.5970812677741341,0.3657497584541063,medium
2024-11-29,PIKK,0.06464646176274068,0.2258878616215432,0.7094656766157161,1.0,-0.15528700906344417,-0.374962742175857,0.49818439999114844,0.345164186585406,-0.4410307234886025,952489776.5,2.203879681933126e-11,0.0,1.0524315472655854,0.5916082960253837,0.7994473429951691,high
2024-11-29,PLZL,0.5413949146684749,0.3680918719638618,0.09051321336766335,1.0,-0.06855051437615411,0.16736228769783867,0.23875785815714523,0.13866413849763914,-0.07270877100840334,243668087.1,3.586057443264838e-11,0.0,0.41504253017042814,0.38041380603084063,0.27641835748792265,low
2024-11-29,POSI,0.10912658448930007,0.5066569451918832,0.38421647031881684,1.0,-0.18491547464239266,-0.2757664458480974,0.3561662023362806,0.22187535114984375,-0.3532426852708763,622257494.6,2.441477337526141e-11,0.0,0.8961160530762551,0.6838364301467718,0.6573371980676329,medium
2024-11-29,RNFT,0.0638040595186681,0.22183261197064963,0.7143633285106823,1.0,-0.21501831501831503,-0.3078165374677003,0.4835003558037338,0.3178823642521477,-0.38452520515826494,572611427.8249999,2.1353423743653137e-11,0.0,1.110853522860021,0.712188395008457,0.8019468599033815,high
2024-11-29,ROSN,0.5991280025680156,0.318585450034989,0.08228654739699545,1.0,0.07572859232586926,-0.0022959716134419716,0.30255298459998486,0.14987986462553857,-0.17807441067878438,2796545816.0,5.544436163809917e-12,0.0,0.9141328717341288,0.8161103018924302,0.2518415458937198,low
2024-11-29,RTKM,0.07798150584263724,0.2944557387199461,0.6275627554374166,1.0,-0.11981865284974091,-0.26111186624983007,0.39212569242204276,0.24035068130856369,-0.3472410813479817,364786405.70000005,4.56669216821364e-11,0.0,1.0906457237907852,0.7458955481723178,0.7606714975845411,high
2024-11-29,RUAL,0.11963367981727228,0.7605355160231718,0.11983080415955583,1.0,-0.019793581224374468,0.1214817211258492,0.4757998872420524,0.23192398166337103,-0.14539722572509461,884953170.0999999,1.945164350727836e-11,0.0,0.8764144993631279,0.6334747283841361,0.5002057971014493,medium
2024-11-29,SBER,0.5999777392298176,0.3178619569609309,0.08216030380925157,1.0,-0.006469772717724642,-0.07175099109000271,0.32436177080327266,0.1363250708406862,-0.1830728118021745,15187309692.3,1.2314644340318048e-12,0.0,0.8595063548773221,0.8696199231245259,0.25147246376811594,low
2024-11-29,SGZH,0.07562619806443753,0.28170045900553525,0.6426733429300273,1.0,-0.13102232667450053,-0.06569804169298787,0.9414642429915835,0.5710687156255448,-0.31657260133401743,727822465.85,2.4737303223149015e-11,0.0,1.046512193769752,0.32947038117982486,0.7674792270531401,high
2024-11-29,SIBN,0.14402659190825137,0.7351789144313865,0.12079449366036206,1.0,0.01237713869676016,-0.15886578449905475,0.26489650543417076,0.20161644781699148,-0.2867214236824094,755060904.1499999,1.6085605933285702e-11,0.0,0.6364326471783195,0.580963082159469,0.4780115942028985,medium
2024-11-29,SMLT,0.07773872508773223,0.29312692299640775,0.6291343519158599,1.0,-0.26384364820846906,-0.4805924412665986,0.6726104138096938,0.4367618856824281,-0.5134734239802226,4376995511.0,6.115536616611618e-12,0.0,1.3603013013871377,0.6345033590810261,0.7613739130434782,high
2024-11-29,SNGS,0.3545691329060182,0.5335127943434149,0.11191807275056694,1.0,0.03565254969749354,0.02524064171122986,0.3573356428422521,0.1589084685037418,-0.14016377832793758,1013050513.5,1.7401989276803245e-11,0.0,0.9698148051581895,0.7974505724326864,0.35585797101449274,medium
2024-11-29,SPBE,0.10786721648827997,0.4953603783751718,0.39677240513654827,1.0,-0.008635578583765069,0.06493506493506485,0.4710167278176141,0.2102825524542485,-0.22919605077574057,235510560.45,8.178575062880567e-11,0.0,1.1710791994713636,0.5981575671994379,0.662807729468599,medium
2024-11-29,SVCB,0.12119289250821481,0.688895581987042,0.1899115255047432,1.0,0.036149471974004976,-0.03735849056603768,0.4118971558001033,0.2099567717426034,-0.1552495697074011,559813546.0,3.000399923714532e-11,0.0,1.100944003482502,0.7974379678865801,0.5561468599033816,medium
2024-11-29,T,0.16248021055489015,0.7163229354048467,0.12119685404026316,1.0,0.018686006825938684,0.031001727115716804,0.42637758951276034,0.21146502650822366,-0.14495205865764238,2065749017.0899997,9.509679760697057e-12,0.0,1.2075343864120234,0.8378268670321747,0.4633574879227053,medium
2024-11-29,TATN,0.12118057318734776,0.7176106732586056,0.16120875355404657,1.0,0.016604477611940283,-0.07471557140431317,0.3666821120063548,0.2350375894639552,-0.23553406859042147,1868125219.25,9.860516186309228e-12,0.0,0.9211098827864764,0.7395779134814475,0.5356772946859903,medium
2024-11-29,UGLD,0.11834149235403664,0.6133470768799231,0.26831143076604025,1.0,0.02423010786306068,0.05388451021392959,0.5228088225527517,0.18370149241930084,-0.2423589093214964,600880668.9,2.6344349606617988e-11,0.0,0.8375233915259446,0.41893702052551934,0.6023217391304347,medium
2024-11-29,VKCO,0.05555469492853753,0.18366703968192027,0.7607782653895422,1.0,-0.05753424657534245,-0.21146131805157597,0.546029589998865,0.29111164479623325,-0.35725593667546174,685279179.5,4.156859171377905e-11,0.0,1.5175888638982322,0.8614971088281532,0.8271217391304346,high
2024-11-29,VTBR,0.18820005199538975,0.6905885125278342,0.12121143547677614,1.0,-0.09292612894805541,-0.20389461626575023,0.31099936869604633,0.19741537785940796,-0.26357258499730163,2102403137.67,4.968029769200371e-12,0.0,1.0299159074915174,0.8401126942241655,0.4450038647342996,medium
2024-11-29,WUSH,0.1018146762201136,0.4460597053872106,0.4521256183926758,1.0,-0.13567777298762085,-0.2886974151039027,0.3496737959677922,0.200618673535228,-0.3507974777448071,125836404.6,1.4629225599509146e-10,0.0,0.9554711332770478,0.6466937480647708,0.6863507246376812,high
2024-11-29,YDEX,0.23881192971729434,0.6413652083710533,0.11982286191165245,1.0,-0.0963527490473598,-0.1063257065948856,0.3643637093756242,0.15064603056544296,-0.235930993456276,3929589584.25,4.4997575859795516e-12,0.0,1.069885654995784,0.8285183607560671,0.413792270531401,medium
2024-12-30,AFKS,0.12025448578656928,0.651796209699827,0.2279493045136037,1.0,0.2916425080758718,0.014243902439024403,0.574321235702112,0.23082695712986526,-0.24794661190965084,1750848878.9,1.1814764004654294e-11,0.0,1.319385588327429,0.8843368060787737,0.5799391304347827,medium
2024-12-30,AFLT,0.18495367488663372,0.6938059734282181,0.12124035168514813,1.0,0.21723000824402305,0.1076519129782445,0.4667660570397418,0.21907137222991538,-0.25352333228938295,1568566596.6999998,8.850633561834731e-12,0.0,0.975476207286124,0.7700644752211923,0.4472086956521739,medium
2024-12-30,ALRS,0.3967144317378638,0.49541243584646083,0.10787313241567544,1.0,0.2181052631578948,0.07746741154562375,0.41979220747833057,0.1876373933978896,-0.17436175991309066,1258264775.8000002,1.5025222198776232e-11,0.0,0.9774662731156012,0.8240843803178672,0.33721739130434786,medium
2024-12-30,ASTR,0.12032284825791162,0.6536201408758984,0.22605701086619007,1.0,0.054819141765895196,-0.11913696060037526,0.4134732901334529,0.2092068485725221,-0.2518005287628772,212891553.75,8.502532327698289e-11,0.0,0.8051600809679954,0.8268766325974214,0.5788260869565217,medium
2024-12-30,BSPB,0.19180180259676022,0.6870283819136196,0.12116981548962019,1.0,0.19043012832914163,0.018454663319632525,0.4192990162427058,0.18378418644065325,-0.2026434089746697,395621193.70000005,5.042445364646222e-11,0.0,0.8940376361130814,0.8545581217274251,0.44259130434782606,medium
2024-12-30,CBOM,0.11942768425905036,0.6329871779802514,0.24758513776069838,1.0,0.34475065616797895,0.6903662157703727,0.6686248197930129,0.28225738241250653,-0.0900171312879614,142636203.95,1.4270488115278709e-10,0.0,1.0500151946352465,0.7548381916426896,0.5911304347826086,medium
2024-12-30,CHMF,0.11999195182542721,0.7542997910160533,0.1257082571585195,1.0,0.2158181818181819,0.0794188861985472,0.5870332653477568,0.2010344005611584,-0.20119459289531605,1274184531.3999999,1.7671679923467152e-11,0.0,1.1862421426974115,0.8799752453025698,0.5058173913043478,medium
2024-12-30,ENPG,0.12074466057401395,0.7367396655532018,0.14251567387278413,1.0,0.16943744752308976,0.04769068752820815,0.42252847731733595,0.2037008130862669,-0.19280951000289936,84078467.6,2.282724065712955e-10,0.0,0.9064909686369402,0.8548822567426771,0.5207217391304347,medium
2024-12-30,FEES,0.12061615958556528,0.6622359843314306,0.21714785608300416,1.0,0.13239601640304643,-0.07798712139279762,0.3936122234866295,0.22501367850315807,-0.22380275011853967,199254922.0,7.751709884841346e-11,0.0,1.0160345361507768,0.8825657354627879,0.5734956521739132,medium
2024-12-30,FLOT,0.12126202450564806,0.7086258053386466,0.17011217015570532,1.0,0.13892394172306988,-0.031036502049580306,0.5052416951076302,0.1743853277752314,-0.23339882121807454,409689916.45000005,5.7305127081322664e-11,0.0,0.9076804876222806,0.7918980411993872,0.5423130434782609,medium
2024-12-30,GAZP,0.23690515851584937,0.6431914949171595,0.119903346566991,1.0,0.09581824168587416,-0.005305237988492917,0.4556723466939512,0.22442195315781513,-0.22415291051259778,7876553037.200001,2.247612585183903e-12,0.0,0.9077902356876778,0.8096438992927888,0.4148782608695653,medium
2024-12-30,GMKN,0.24142585425293062,0.6388647920850384,0.11970935366203093,1.0,0.04619565217391308,0.08552631578947367,0.5053021369826615,0.24854234568749922,-0.17523445640847513,2714668725.0,4.890649848546837e-12,0.0,1.0906083302833303,0.8502423776077416,0.41231304347826087,medium
2024-12-30,HEAD,0.08024058485547017,0.3069810300141415,0.6127783851303883,1.0,-0.12355303567210019,-0.11687693406331823,0.9128301145422796,0.6304713798854001,-0.3196976433970654,1320794620.5,1.7285319301258292e-11,0.0,0.5967202325936714,0.35778872987492233,0.7541217391304348,high
2024-12-30,HYDR,0.21340334880656248,0.665871743621145,0.12072490757229254,1.0,0.09094719195305934,-0.025458629726694215,0.39533429346258714,0.16133044584459816,-0.1850625459896983,109209204.1,9.386613335384311e-11,0.0,0.8539131229413195,0.8381787657910089,0.4287913043478261,medium
2024-12-30,IRAO,0.4969468966015179,0.4066888472114378,0.09636425618704425,1.0,0.002015316404675671,-0.03481299339976707,0.2611165999704769,0.1559989448141851,-0.12484425616745576,389814503.9,2.6578663089362923e-11,0.0,0.4944263927661363,0.7722445046295622,0.29495652173913045,low
2024-12-30,LKOH,0.6619825226949211,0.26546951802462476,0.07254795928045425,1.0,0.06852754393738003,0.03749910374991039,0.4127314959087645,0.20342456689862817,-0.12290853318460682,5296192849.0,2.211498605763345e-12,0.0,0.5485913971894496,0.6745265701213419,0.22362608695652172,low
2024-12-30,MAGN,0.08617088387784387,0.34135522510347077,0.5724738910186854,1.0,0.22849083215796884,-0.10493263302123768,0.5732952017617001,0.28983082555459305,-0.3341213553979512,686619520.275,2.4594325685537324e-11,0.0,1.1690827444758993,0.8419841229440994,0.736704347826087,high
2024-12-30,MGNT,0.4029309836525861,0.4898355089185393,0.10723350742887448,1.0,0.11678912161421207,0.03286004056795133,0.4827602167056624,0.18882789575913536,-0.17116037547433594,1881411022.25,6.173458287662667e-12,0.0,0.9250601678750711,0.7812104889053442,0.3345304347826087,medium
2024-12-30,MOEX,0.44148082496623275,0.4554800778427772,0.1030390971909899,1.0,0.08436751578488999,-0.06143409026665403,0.3880970954646104,0.1734951577347144,-0.20837561110598657,1684708190.0500002,9.787503014157069e-12,0.0,0.7785968452467912,0.774650157691167,0.3181217391304348,medium
2024-12-30,MTLR,0.10477735007138075,0.46929376060546835,0.4259288893231509,1.0,0.35582822085889565,-0.03947135000886992,0.7971619615331638,0.34637782597435174,-0.29994595568366056,2990387252.27,7.357322493855428e-12,0.0,1.629265843838062,0.8610651147640397,0.6753043478260868,medium
2024-12-30,MTSS,0.11984128921370446,0.757030134251646,0.12312857653464951,1.0,0.2257782950247309,0.023317949963565843,0.5660430692668724,0.18516680640998157,-0.2099301036394311,835825182.25,2.0661581002218858e-11,0.0,1.0608882170973715,0.8610381109799216,0.5033826086956522,medium
2024-12-30,NLMK,0.20093025671182452,0.6780484434329864,0.12102129985518906,1.0,0.21850263852242735,0.08773737671132031,0.5709698697924742,0.1930974624381403,-0.1863758674408723,1372367595.9,1.160501852707587e-11,0.0,1.1594660671078976,0.8774722897630878,0.4366260869565218,medium
2024-12-30,NVTK,0.17249675552741345,0.7062318938808161,0.1212713505917704,1.0,0.2087378640776698,0.01034692635423018,0.5068441361035182,0.20178422598607298,-0.22159090909090906,2196571747.3999996,9.582645237578104e-12,0.0,1.019292762664579,0.8513414228185652,0.4559565217391304,medium
2024-12-30,OZON,0.11944101890596653,0.6332560595467981,0.24730292154723538,1.0,0.20893609229078924,0.0586914688903144,0.6772549468836594,0.29871395061618233,-0.27887812635535636,4168931059.0,6.306835971169028e-12,0.0,1.4885839931718217,0.8548879113054098,0.5909739130434782,medium
2024-12-30,PHOR,0.5513528652014372,0.359503113937294,0.08914402086126878,1.0,0.10695094470445476,0.1782287822878228,0.4060324106107548,0.179805095253273,-0.102283105022831,622784606.5,2.54030771574636e-11,0.0,0.4961864473323609,0.47851013656536534,0.2722347826086957,low
2024-12-30,PIKK,0.05425010420461197,0.17787847019810743,0.7678714255972806,1.0,0.27941546989166044,-0.1982949163245974,0.8062267143960717,0.33268977322323323,-0.4568597560975609,782415159.0,2.8291783742516895e-11,0.0,1.4714472333595827,0.8093139900744697,0.8312521739130434,high
2024-12-30,PLZL,0.14866373577782901,0.7304055969716245,0.12093066725054644,1.0,-0.036623600344530605,0.05211272905143538,0.42719261990295243,0.2549154370820822,-0.14167542016806722,265429135.95,6.056358451619234e-11,0.0,0.300849868268062,0.30029183121465763,0.47419130434782614,medium
2024-12-30,POSI,0.09170332195387465,0.37568458034779123,0.5326120976983341,1.0,0.13107869142351913,-0.20862975564491193,0.5864444970747101,0.2800460684562563,-0.3196111195503569,847561835.7,2.0835890708006603e-11,0.0,0.9984407473416633,0.7380609984686504,0.7199043478260869,high
2024-12-30,RNFT,0.04533094468157821,0.14002186661000446,0.8146471887084173,1.0,0.13494318181818188,-0.28745541022592147,0.811597282891767,0.36611395060931373,-0.5175849941383353,764210275.825,3.7521336884334953e-11,0.0,1.5623061341445224,0.8852332435873033,0.8610956521739129,high
2024-12-30,ROSN,0.7092353696007049,0.22607868393056194,0.06468594646873337,1.0,0.2355759429153923,0.20775209246711834,0.4315512573537177,0.16380770852465315,-0.1290128410914927,2984816753.35,4.374398352575955e-12,0.0,0.9076216977917332,0.8684550647360688,0.2006695652173913,low
2024-12-30,RTKM,0.09139221588973727,0.3736879829679628,0.5349198011422999,1.0,0.22495771471527926,-0.12298170075349824,0.5060929461916078,0.23813727348778863,-0.3154107264086897,384110933.75,5.126361026606057e-11,0.0,1.157804370762452,0.8936978295568963,0.7208695652173913,high
2024-12-30,RUAL,0.1059112436781322,0.47861526579786406,0.41547349052400384,1.0,0.039555180180180116,0.056207093821510234,0.578065060843039,0.26951347030527945,-0.2735182849936948,619972096.05,4.570011743887142e-11,0.0,1.023125689431532,0.7555014722191068,0.6708521739130435,medium
2024-12-30,SBER,0.5724738910186854,0.34135522510347077,0.08617088387784387,1.0,0.2107019064124782,0.06490091463414638,0.5078778437658532,0.14268721640461354,-0.14834179292447425,14954864339.75,8.877996412931325e-13,0.0,0.9957864875313763,0.9062278852841442,0.26329565217391304,low
2024-12-30,SGZH,0.11216329217777225,0.5360162463789352,0.3518204614432925,1.0,-0.037397157816006055,-0.13040540540540546,0.31238319686553595,0.5597305581469753,-0.3637762955361724,274859274.79999995,3.6401752903143027e-11,0.0,0.6886857213875403,0.2998461581339417,0.6428956521739131,medium
2024-12-30,SIBN,0.12610846932775385,0.7538771025969412,0.12001442807530496,1.0,0.1690366157127623,-0.06576704545454537,0.3925206153374307,0.21558204141733148,-0.2577635327635328,624647987.9000001,2.467805394052892e-11,0.0,0.7071641394061713,0.6909332766141645,0.4938086956521739,medium
2024-12-30,SMLT,0.08324004757089878,0.3240825081747155,0.5926774442543857,1.0,0.07271789582258892,-0.43044906900328583,0.7734184558935323,0.43736325505482165,-0.5589171974522293,3940259807.25,8.759334386996977e-12,0.0,1.488848549866863,0.7782065178523057,0.7453652173913042,high
2024-12-30,SNGS,0.489149711587437,0.41350458442533455,0.0973457039872284,1.0,0.05780224433622716,-0.04181051016494053,0.36833621792670634,0.1676331947646256,-0.16396876785374215,930029835.0,1.6303273689702403e-11,0.0,0.8486460945895951,0.8654957378866607,0.29819999999999997,low
2024-12-30,SPBE,0.1200798016137294,0.6473724285368189,0.2325477698494517,1.0,0.10869565217391308,-0.09317211948790893,0.43422131118183255,0.2024931616218606,-0.22316986496090974,153301212.05,1.1933165330092764e-10,0.0,0.9621488044405163,0.701334570646227,0.5826173913043479,medium
2024-12-30,SVCB,0.18212156691660095,0.696619695701657,0.121258737381742,1.0,0.12134387351778653,0.05074074074074075,0.49312057557802585,0.19351619003216716,-0.16325088339222615,451856736.5,3.9837522501837055e-11,0.0,0.895860665721508,0.7555800246452112,0.4491565217391305,medium
2024-12-30,T,0.19021163110593828,0.6885989591434198,0.12118940975064184,1.0,0.1701530612244897,0.08739628605294336,0.5295631298213503,0.22295309688677847,-0.17361005908195737,1743993250.73,1.0055372113636873e-11,0.0,1.1662796627888277,0.9075835045695296,0.4436521739130435,medium
2024-12-30,TATN,0.3106653153686017,0.5738002812654555,0.11553440336594292,1.0,0.2792943361188487,0.10648891744298106,0.4568523374005322,0.21147732492221222,-0.18228829993535867,1998542987.5,1.1919647645251902e-11,0.0,0.9457188630097518,0.8354939770070291,0.3763565217391304,medium
2024-12-30,UGLD,0.1287315680873968,0.7511125112322727,0.12015592068033058,1.0,0.17210031347962373,0.09776864357017034,0.5589683662912339,0.23229594655837876,-0.15871004083931828,516778513.75,2.6871977223606078e-11,0.0,0.6704692264989636,0.45693177038885896,0.49138260869565215,medium
2024-12-30,VKCO,0.07910509867311968,0.3006487225934511,0.6202461787334292,1.0,0.2099147947327653,-0.06801909307875897,0.7927010330720171,0.30199861621715524,-0.3286278938452851,1251538179.2,1.969238681838292e-11,0.0,1.6739845148474046,0.9207821903339469,0.7574173913043477,high
2024-12-30,VTBR,0.12555961697298887,0.7544568396967745,0.11998354333023672,1.0,0.1895065398335316,-0.06779266161910302,0.4488198185204097,0.21260964259870024,-0.28488695845862577,1846814550.87,6.6389145557239326e-12,0.0,1.0131444975108663,0.8936238177328739,0.49432173913043476,medium
2024-12-30,WUSH,0.06704472519273871,0.23760145696658683,0.6953538178406744,1.0,0.1778983050847458,-0.0947269695706543,0.7363990425161568,0.2044575474057559,-0.32921875,118843559.245,1.531033825886891e-10,0.0,1.205475741718539,0.7525661136291572,0.7923826086956522,high
2024-12-30,YDEX,0.31529110070614763,0.5695238661070644,0.1151850331867879,1.0,0.18165680473372792,0.0028876333961078693,0.49232463392756065,0.17418092550141379,-0.21510633097042287,3182956240.0,5.92005317226687e-12,0.0,1.0597293737582125,0.9017519057564936,0.3741304347826087,medium
2025-01-31,AFKS,0.12027465018564833,0.6523282635168788,0.22739708629747282,1.0,-0.07175836860330898,0.1565196548418024,0.3669039261736561,0.2175391230822696,-0.19516549924460913,1880189348.5,1.1153967561269649e-11,0.0,1.3166874302901814,0.90615533685049,0.5796149861239592,medium
2025-01-31,AFLT,0.14659599545878338,0.7325309809873347,0.12087302355388195,1.0,0.08127328140873691,0.1541659136092537,0.2917348195545824,0.1965667369373875,-0.25352333228938295,1960586805.8,7.333741671118831e-12,0.0,0.9407296781468711,0.7741322333633661,0.47588251618871413,medium
2025-01-31,ALRS,0.25050579041281223,0.6302068999814153,0.11928730960577232,1.0,-0.017283097131005842,0.1714050267820355,0.32210882415483927,0.19680022464622,-0.1431792559188274,1330466220.5,7.407315259313124e-12,0.0,0.9517415615291676,0.8090772529170358,0.40725661424606846,medium
2025-01-31,ASTR,0.10165146267363244,0.44482186051965295,0.4535266768067146,1.0,0.11884984025559087,0.06239255738699567,0.3299158370480985,0.22792363377951733,-0.2008763388510223,197823201.02500004,5.754135701434772e-11,0.0,0.8674374009343087,0.8081444109576214,0.6869380203515263,high
2025-01-31,BSPB,0.1762633356302007,0.7024608343024515,0.12127583006734775,1.0,0.011375947995666325,0.10473372781065082,0.24333695728530852,0.19876247883240794,-0.1641694178729648,381558837.4499999,1.8849025285189112e-11,0.0,0.8925289641781641,0.8479567497157736,0.45326105457909344,medium
2025-01-31,CBOM,0.12106676948893973,0.7244767719335814,0.15445645857747883,1.0,-0.13086757099638913,0.44296824368114085,0.2814659114957346,0.2672522215675866,-0.1311219512195121,93943481.69999999,1.5730368166546253e-10,0.0,0.9909002104470197,0.698627181042856,0.5304462534690102,medium
2025-01-31,CHMF,0.10751138744390917,0.4922457507921109,0.40024286176397994,1.0,-0.09391356363092573,0.07448129100904421,0.4003500061736184,0.2170645009497483,-0.20119459289531605,1296771111.2,1.1335359463761999e-11,0.0,1.2166150580339776,0.8602970574931279,0.6643093432007401,medium
2025-01-31,ENPG,0.12095201685451111,0.7295706874078839,0.14947729573760501,1.0,0.061171740379092565,0.16782553729456384,0.2841063303265595,0.19277751558730014,-0.16771300448430504,115780948.94999999,1.1797453364083552e-10,0.0,0.9059827000188324,0.8500749631062228,0.5264688251618871,medium
2025-01-31,FEES,0.11878499912268389,0.6209011733989367,0.2603138274783794,1.0,0.021469218830832748,0.07485029940119747,0.2443642087256539,0.2371054732547166,-0.21655898540320662,245872588.39999998,4.3868794430059835e-11,0.0,0.9585719526258729,0.8669229795933855,0.5980716003700277,medium
2025-01-31,FLOT,0.09671698234865789,0.4091258717107416,0.49415714594060056,1.0,-0.11895648670427073,-0.060472610096670154,0.36727573237690525,0.21527300020278625,-0.22923456790123453,646112465.3,2.0405705325867175e-11,0.0,0.9709338290478676,0.8040687340121422,0.7038830712303422,high
2025-01-31,GAZP,0.14502681044539134,0.7341472042617372,0.12082598529287146,1.0,0.05799278846153855,0.09373301234759635,0.33024252690056294,0.20439300451431164,-0.22415291051259778,8844078343.150002,1.520237037764114e-12,0.0,0.9414981385954961,0.8255090690526631,0.47717909343200743,medium
2025-01-31,GMKN,0.16575619643179051,0.7130122392489929,0.12123156431921661,1.0,0.04917748917748921,0.16295585412667957,0.3109554671255109,0.23886421669247493,-0.17523445640847513,2872453609.6000004,4.439726913101098e-12,0.0,1.0299517384781207,0.8623463374771196,0.4608980573543015,medium
2025-01-31,HEAD,0.10725508997342031,0.49002202970053804,0.4027228803260418,1.0,-0.012398921832884047,-0.14030971374941337,0.252544818474614,0.6466156051717882,-0.3196976433970654,651442054.5,1.2822957967112871e-11,0.0,0.653442003887144,0.3991552173860691,0.6653798334875115,medium
2025-01-31,HYDR,0.12093927177474752,0.7300725060742299,0.14898822215102264,1.0,0.09431425278524785,0.13350576999602048,0.3233841322355854,0.1708156027330825,-0.15328746177370034,110737976.5,9.509988527245626e-11,0.0,0.8740711487388779,0.8513891468020603,0.526072340425532,medium
2025-01-31,IRAO,0.44636649259255196,0.4511529407706208,0.10248056663682727,1.0,-0.008045052292839916,-0.040093421564811216,0.13726126999149244,0.15989333344077972,-0.12484425616745576,444023894.20000005,1.1272179844455013e-11,0.0,0.49326467102902505,0.7756466273891998,0.31606660499537464,medium
2025-01-31,LKOH,0.586029267845857,0.3297569465276805,0.08421378562646258,1.0,-0.008845888044229477,0.043358067801542166,0.176348907798195,0.20512932266857672,-0.12290853318460682,3825371610.5,1.6541399879670134e-12,0.0,0.5633304154835128,0.6946769091729308,0.2574986123959297,low
2025-01-31,MAGN,0.12083808363533721,0.733740537880823,0.1454213784838397,1.0,-0.10473274652379116,-0.039551115368824274,0.2303652931528949,0.21623803357091287,-0.23834663919649757,1301638948.3000002,9.78589088601073e-12,0.0,1.0811107127647364,0.8473125686606161,0.5231480111008325,medium
2025-01-31,MGNT,0.3821860804478428,0.5084878780823174,0.10932604146983976,1.0,-0.08375883739198742,0.03002538911579644,0.2562329181475014,0.1903545372316855,-0.15598942444580033,2472604375.75,4.1608951049241914e-12,0.0,0.8624731577564035,0.7278395432400523,0.3435533765032378,medium
2025-01-31,MOEX,0.32716911356149514,0.5585783375664808,0.11425254887202409,1.0,0.02906334705350866,0.07200376490273985,0.25153093516445674,0.17560564723894506,-0.20837561110598657,1662673299.35,5.506905553922039e-12,0.0,0.7789748947580248,0.7628632782592648,0.3684917668825162,medium
2025-01-31,MTLR,0.10822040890149695,0.4984844402702777,0.3932951508282253,1.0,0.039708190968695156,0.10241848624302374,0.3763179518368374,0.3673064372061176,-0.2841484756378373,3894637589.375,5.198468845371086e-12,0.0,1.6214392279720904,0.8740883225800717,0.6612987974098057,medium
2025-01-31,MTSS,0.1735137377284404,0.7052124778467336,0.121273784424826,1.0,0.08236411108473773,0.22284794851166545,0.28171019052380447,0.1920609315642676,-0.1955828220858895,914748896.25,1.3140958222818879e-11,0.0,1.0798649841999666,0.8586362490448723,0.45522423681776136,medium
2025-01-31,NLMK,0.1924435794120819,0.6863950527244352,0.12116136786348287,1.0,-0.012044931655163071,0.16057233704292528,0.34909682168774264,0.18178821040170012,-0.15039929015084297,1574616217.6,9.298074155327702e-12,0.0,1.1320284322977843,0.8822931123375275,0.4421650323774284,medium
2025-01-31,NVTK,0.12588100186781143,0.7541173156064904,0.12000168252569811,1.0,0.08634538152610438,0.2476937269372692,0.3863451706766861,0.21309079688899926,-0.1879762912785774,3285230167.7,5.433287281142756e-12,0.0,1.0552410296840538,0.8339199753265345,0.4940210915818687,medium
2025-01-31,OZON,0.09429916666314961,0.39268791352658844,0.513012919810262,1.0,0.06452590124204782,0.28765115426896304,0.45004329421202477,0.2874918343894339,-0.27887812635535636,1405738650.75,1.4296568513901499e-11,0.0,1.5170718665121128,0.8492737932547324,0.7117285846438484,high
2025-01-31,PHOR,0.6055809350821224,0.31309493286881446,0.08132413204906316,1.0,0.10209834011901031,0.3740726278797344,0.21390358480691077,0.1629923226734993,-0.07030448169688674,614547076.0,1.624259682335056e-11,0.0,0.39204809789087947,0.3934399923319866,0.249031822386679,low
2025-01-31,PIKK,0.09874839692329836,0.4234416346723009,0.4778099684044009,1.0,0.3668767231193384,0.39321557607386604,0.7479441013422019,0.2828317842577971,-0.32442169131588927,2583077394.0,9.815255534342642e-12,0.0,1.5985122340009676,0.7616553034578312,0.6970797409805735,high
2025-01-31,PLZL,0.12046685753761456,0.7442522620953783,0.135280880367007,1.0,0.22809527215506775,0.1272321428571428,0.26797580144729216,0.25907894046457286,-0.13094921563413986,213633600.3,4.8347805005408823e-11,0.0,0.33233118357261127,0.33856239945135813,0.5144973172987974,medium
2025-01-31,POSI,0.11865659305252461,0.6186580504519892,0.26268535649548624,1.0,-0.0883330076216533,-0.2005141388174807,0.2524451414141952,0.25921301223820165,-0.21054023089803475,817174606.0,1.4353431703967586e-11,0.0,0.9317224666440985,0.7058454678100061,0.5993404255319149,medium
2025-01-31,RNFT,0.08402055503815957,0.32862593266942225,0.5873535122924183,1.0,0.3350020859407594,0.12241318835496307,0.4997384430391068,0.377073137908034,-0.4320220841959973,3492010069.9,9.310985755193869e-12,0.0,1.6422869191518368,0.8707097637320325,0.7430706753006475,high
2025-01-31,ROSN,0.5429375655174669,0.36675995525630095,0.09030247922623226,1.0,-0.13076478838379668,0.14397394136807806,0.28364509115765996,0.16781196790652697,-0.14800759013282727,3599257052.3999996,3.5700353496345733e-12,0.0,0.8441988247363036,0.8030512961994729,0.27577132284921363,low
2025-01-31,RTKM,0.09896112294928675,0.4249697977806855,0.47606907927002773,1.0,0.007057379564283428,0.058709677419354955,0.3192743488220575,0.22360170979622926,-0.26135364781716963,345780316.55,3.433565648784252e-11,0.0,1.1463022619375514,0.9101260759498901,0.6963544865864939,high
2025-01-31,RUAL,0.08133377954526486,0.31314968774030594,0.6055165327144292,1.0,-0.04454976303317526,-0.008849557522123797,0.3433248337695837,0.25829793095920744,-0.2735182849936948,534640616.72499996,2.8979608887821178e-11,0.0,1.1371562312151913,0.8159816436569247,0.7509400555041629,high
2025-01-31,SBER,0.7809346670915832,0.16724983596670107,0.05181549694171561,1.0,0.004652327953333701,0.17347322660201492,0.19978525293943028,0.1537829774020973,-0.1440954243853796,11569598969.25,7.12412633746676e-13,0.0,0.9915636694787472,0.908085848061153,0.16089972247918594,low
2025-01-31,SGZH,0.07316855150880679,0.26870312552112996,0.6581283229700633,1.0,0.06993006993007,-0.19848661233993015,0.32012879950221756,0.49126062021576733,-0.31868131868131866,305301240.0,4.671849872580721e-11,0.0,0.6204993114346541,0.3459664155664568,0.7745792784458834,high
2025-01-31,SIBN,0.2471218953373126,0.6334285537409229,0.11944955092176454,1.0,-0.060361867112665446,0.12302380519716527,0.3215083761628946,0.18584243157232597,-0.1119051239166794,839848300.85,1.3975425843202977e-11,0.0,0.7562487407422602,0.7693936228174034,0.40912654949121185,medium
2025-01-31,SMLT,0.08462114875977637,0.3321494923653543,0.5832293588748693,1.0,0.2567307692307692,-0.06642857142857139,0.728140912882535,0.4528678399921386,-0.3929875821767713,6557657846.0,4.201965397458896e-12,0.0,1.6442065242269739,0.7631285659432641,0.7412995374653099,high
2025-01-31,SNGS,0.1671859115298016,0.7115705814535348,0.12124350701666364,1.0,0.10988791032826262,0.15713689482470783,0.3821875041894918,0.19624671729860016,-0.15054179566563475,1654175067.0,6.614579889773451e-12,0.0,0.812151037061133,0.7449679262782783,0.4598368177613321,medium
2025-01-31,SPBE,0.1206830159590697,0.6644348821311541,0.21488210190977625,1.0,0.1992156862745098,0.2625928984310488,0.44052487930810197,0.19088470180164263,-0.16766467065868262,372774240.6,5.7521848168412415e-11,0.0,0.9297916237990951,0.7080470452253931,0.5721152636447734,medium
2025-01-31,SVCB,0.15076037369988227,0.7282554424848523,0.12098418381526534,1.0,0.055340148043708126,0.17920441118550623,0.2995063073985988,0.19297159525765906,-0.16325088339222615,467808166.5,3.316032428657936e-11,0.0,0.9016619419516974,0.7607516843803257,0.47249602220166514,medium
2025-01-31,T,0.12902686775902839,0.7508019064737306,0.12017122576724103,1.0,0.10522491098030673,0.3087513983306085,0.33413577863329963,0.21404408747263406,-0.17361005908195737,1393850703.1100001,8.499786889657521e-12,0.0,1.1610973918134033,0.9104086108808,0.49111211840888064,medium
2025-01-31,TATN,0.4923122133462928,0.41073849980221033,0.09694928685149688,1.0,-0.007257947452460445,0.2470824215900802,0.2518317265172765,0.19097858367667572,-0.15029387069689337,1302603799.9499998,6.184224103632432e-12,0.0,0.8953676153004838,0.8153529383028433,0.29688436632747456,low
2025-01-31,UGLD,0.2506736466981064,0.6300472420678115,0.11927911123408214,1.0,0.14562717304092,0.3784392598551889,0.2809347463994767,0.22631784628086196,-0.10127680674352302,672948467.35,2.0717648692729354e-11,0.0,0.650684527882072,0.47169057830626215,0.40716429232192414,medium
2025-01-31,VKCO,0.09571704832919779,0.4022526695334484,0.5020302821373538,1.0,0.07234314980793854,0.14178595773687808,0.5010081218143698,0.28252884286210883,-0.2633209417596034,1785144157.1999998,9.219818503408918e-12,0.0,1.6777887865921015,0.8945564700781639,0.7071580018501387,high
2025-01-31,VTBR,0.12127559371925418,0.7038819381776249,0.17484246810312096,1.0,0.04823191303261276,0.08413026621866115,0.3409061108879802,0.2102540462058834,-0.21291983329247366,2575848326.215,5.756943353929584e-12,0.0,1.0409575671717841,0.9280998936095769,0.545727474560592,medium
2025-01-31,WUSH,0.12122574629560985,0.6920656016713563,0.18670865203303377,1.0,0.08368826982847932,0.16265283438310485,0.25194388835030945,0.19832726445684684,-0.2552908523187233,319355925.94,4.4646670198016414e-11,0.0,1.1315630781910444,0.7586622277068616,0.5539868640148011,medium
2025-01-31,YDEX,0.3722199539785798,0.5174923109202023,0.11028773510121792,1.0,0.02453680520781165,0.12232583653318696,0.27477751669056016,0.18020592723624065,-0.17412551440329216,3021603552.0,3.8316997692238796e-12,0.0,1.0625450606556075,0.9086579237503636,0.34795097132284925,medium
2025-02-28,AFKS,0.12065851567299857,0.7392606780674903,0.1400808062595111,1.0,0.20759930915371339,0.44785885861012176,0.5057806044037083,0.21242529385327696,-0.1186353725791971,3194922242.25,6.807607266921316e-12,0.0,1.2674604300283723,0.8812017699582212,0.518656884057971,medium
2025-02-28,AFLT,0.2892456027364866,0.5937085144482775,0.1170458828152359,1.0,0.15236454744754147,0.5166941467436108,0.5116922489505604,0.20040093622247182,-0.07394457394457388,4151950234.2000003,3.2620144865785542e-12,0.0,1.0637196217226714,0.8545174672840268,0.38691123188405796,medium
2025-02-28,ALRS,0.12121052292049449,0.7151315943506507,0.16365788272885487,1.0,0.08617657404150547,0.3002105263157895,0.4483473018869568,0.21442552382309635,-0.09309865678554874,1719733077.8,1.2255312931438227e-11,0.0,0.9574759879248913,0.8243120329665302,0.5375311594202898,medium
2025-02-28,ASTR,0.11961745045484677,0.6368989804191502,0.24348356912600302,1.0,-0.15762421473443744,-0.005841383958661073,0.23944599885455362,0.2009678055944988,-0.1691523503870116,430367147.55,2.00401344851875e-11,0.0,0.7186775571381264,0.7204073494695163,0.5888438405797101,medium
2025-02-28,BSPB,0.30728503637805554,0.5769302793945257,0.1157846842274187,1.0,0.035350830208891404,0.24653382343457797,0.21840332376737975,0.16010381457814363,-0.07952144188937238,419285331.9,2.2377594965163475e-11,0.0,0.7365231309735036,0.824735065513575,0.3779945652173913,medium
2025-02-28,CBOM,0.10110241909099456,0.4406872775592745,0.45821030334973095,1.0,0.16932405120143712,0.3666666666666667,0.3884798884314625,0.26866001454695543,-0.14263414634146343,113121764.2,1.705803945456338e-10,0.0,0.9964262282140365,0.7005013342593056,0.6888992753623189,high
2025-02-28,CHMF,0.11965364124830762,0.6376671659648564,0.24267919278683606,1.0,0.11421026572041604,0.22745454545454558,0.4190879139503032,0.2239116443139247,-0.12142963959922248,1786025391.3,1.0299534093737755e-11,0.0,1.2089495653548623,0.8696465816944458,0.5883923913043477,medium
2025-02-28,ENPG,0.12125041678552292,0.6952219559255437,0.18352762728893332,1.0,0.30811907983761855,0.623341729638959,0.5655854214837722,0.1891453186048843,-0.07860334271057423,389662760.725,5.217432582259012e-11,0.0,0.8924681279122271,0.7018912962927579,0.5518134057971015,medium
2025-02-28,FEES,0.121269080284748,0.7069518827590416,0.17177903695621033,1.0,0.032666497847556375,0.1944932630345635,0.40051763763843107,0.1840809549138741,-0.08393956351426979,364231563.6,5.535729902526889e-11,0.0,0.9125771650018882,0.8984537065813978,0.5435246376811594,medium
2025-02-28,FLOT,0.09492270128660023,0.39686875867366644,0.5082085400397333,1.0,0.156396478792729,0.16037627624182638,0.4357831369065991,0.2364946040317345,-0.1457493956486704,830197401.4,1.3192944800787572e-11,0.0,1.0371759035554107,0.805074361360344,0.7097286231884058,high
2025-02-28,GAZP,0.17675888750823848,0.7019656088134638,0.12127550367829784,1.0,0.21322067594433403,0.40656898254856766,0.5480555479767697,0.22529010039361433,-0.08457201435161465,17568214983.0,1.0009038011617276e-12,0.0,1.0367502810034313,0.7956940231642557,0.4529097826086956,medium
2025-02-28,GMKN,0.12121769041880195,0.6912120972791791,0.18757021230201892,1.0,0.15794685591681779,0.2710144927536231,0.47171937418074006,0.22787393899223934,-0.12185650887573962,5039081234.6,4.899170597731611e-12,0.0,1.0769372849598406,0.8582061393320067,0.554570652173913,medium
2025-02-28,HEAD,0.09334275064484121,0.38634961656763006,0.5203076327875287,1.0,0.03984716157205237,-0.09992912827781719,0.3923126645179417,0.6477157632945522,-0.2905170415024345,1545564072.0,1.3042531632514743e-11,0.0,0.7725080692165884,0.4555792012696791,0.7147677536231883,high
2025-02-28,HYDR,0.11903718325965087,0.6254586271246967,0.25550418961565247,1.0,-0.046340179041600815,0.1385163453478626,0.41754322555667595,0.18433928121944848,-0.09422492401215798,222924075.59999996,6.040271160036773e-11,0.0,0.8533688879695143,0.7776006998184323,0.5954753623188405,medium
2025-02-28,IRAO,0.48419538656271766,0.41784245456711994,0.09796215887016242,1.0,0.020951608542849387,0.0147789869676207,0.23825379381907105,0.14304434107759947,-0.05540613232920921,1077421519.025,8.252023167479946e-12,0.0,0.5176672017673117,0.8269287271280537,0.30026159420289855,low
2025-02-28,LKOH,0.3430417266642842,0.5440279599891422,0.11293031334657369,1.0,0.05236368707293271,0.11453256535223755,0.28464575608217624,0.2137462542107103,-0.09787752760648216,4791637987.0,1.0735506278711136e-12,0.0,0.6926778867295231,0.7871218307088963,0.36111485507246377,medium
2025-02-28,MAGN,0.12077725222923688,0.7357283801364013,0.1434943676343617,1.0,0.12040467369620966,0.23225199811941688,0.3934592900516056,0.17829981755780216,-0.1405791555045286,1730480293.875,9.396353073999147e-12,0.0,1.0882480765106433,0.8723952225683181,0.5215434782608696,medium
2025-02-28,MGNT,0.2195185494133201,0.6599386534946992,0.12054279709198075,1.0,0.06097953059693495,0.08564535585042221,0.3540987167201377,0.18485934656634412,-0.12044145873320533,3086239280.0,4.281250980639071e-12,0.0,0.8145696743609018,0.7461618197719139,0.4250710144927536,medium
2025-02-28,MOEX,0.3405787962175032,0.546280193667801,0.11314101011469578,1.0,0.0692161357982537,0.19311996516438046,0.3810417777615068,0.15791486189476736,-0.09420743150256472,2246722549.95,5.3373241323284875e-12,0.0,0.7511944105863819,0.7589906001642082,0.3622485507246377,medium
2025-02-28,MTLR,0.12109998031867804,0.7227365338553323,0.1561634858259895,1.0,0.01652011723954172,0.4329535495179666,0.5313576295934637,0.21769730558707007,-0.10586108959462948,3840778181.3149996,5.772298386046242e-12,0.0,1.4645667097252932,0.8483028668464728,0.5317858695652175,medium
2025-02-28,MTSS,0.4419687396539589,0.4550476770970325,0.10298358324900872,1.0,0.09232456140350886,0.449228978760547,0.3301868549819857,0.17115269411368816,-0.059127439724454556,1037272741.0,1.2276663327042022e-11,0.0,0.9960653268925302,0.8409349784074098,0.31791630434782614,medium
2025-02-28,NLMK,0.22714656708304268,0.6525696931142921,0.12028373980266516,1.0,0.08424657534246593,0.30524406332453835,0.3813420431725986,0.1830437054629765,-0.09660200494727256,2237414359.5,8.150060198850831e-12,0.0,1.139125914197654,0.8855294434365789,0.42053224637681164,medium
2025-02-28,NVTK,0.25069239075540556,0.6300294143772033,0.11927819486739112,1.0,0.18780036968576708,0.5597087378640777,0.5042969797864175,0.2176885061401919,-0.07921267402784449,5881930703.8,3.870852396765745e-12,0.0,1.150423538117467,0.8554026907051712,0.40715398550724635,medium
2025-02-28,OZON,0.11738260199417239,0.5985315758176833,0.2840858221881443,1.0,0.12393284006829819,0.4464383812488555,0.48057825076409477,0.2279883419320071,-0.13342599027102153,1893632533.25,9.568761276444754e-12,0.0,1.3715034207425705,0.8774618508894535,0.6104797101449275,medium
2025-02-28,PHOR,0.5749756247319826,0.3392118198537573,0.08581255541426007,1.0,-0.03736857061665244,0.1743803085456752,0.1874489821295604,0.13729874997009678,-0.06198003327787016,858194288.0,6.481076117215381e-12,0.0,0.21877570529252008,0.2631776771392157,0.2622297101449275,low
2025-02-28,PIKK,0.11426147147597887,0.5586801420431102,0.32705838648091096,1.0,-0.05114536810257886,0.6593600403124213,0.46326366043842615,0.2607309659796477,-0.1538057742782153,1979259439.8000002,1.1086368855819849e-11,0.0,1.5846222955436766,0.7908148664629895,0.6314561594202899,medium
2025-02-28,PLZL,0.12014936256438637,0.6490964435720922,0.2307541938635215,1.0,0.12481071636575414,0.3307838070628768,0.2756570784026648,0.26834241202930326,-0.13094921563413986,369990260.5,3.175225544151716e-11,0.0,0.3177358444777985,0.3262444508322659,0.5815771739130434,medium
2025-02-28,POSI,0.0699516712496284,0.25214506909454426,0.6779032596558273,1.0,-0.14930332261521972,-0.1227895667550839,0.5665967116172718,0.2864167852515012,-0.30995152552038774,2069933136.8,9.637648342277921e-12,0.0,0.9542389468923442,0.6648966661556596,0.7839000000000002,high
2025-02-28,RNFT,0.11105486169885187,0.5249026068117345,0.3640425314894136,1.0,-0.04499999999999993,0.44696969696969724,0.4029801634404937,0.32196401777537514,-0.215817055740829,1471582500.0,8.643440462434947e-12,0.0,1.4566439958761168,0.8392724674896773,0.6484057971014492,medium
2025-02-28,ROSN,0.2055122708943859,0.6735632012695132,0.12092452783610101,1.0,0.055523917995444094,0.1336391437308868,0.3585694176888429,0.17183619900826486,-0.14800759013282727,3454698259.8,3.1711229389218342e-12,0.0,0.8977111286022557,0.8249630657104149,0.43370760869565217,medium
2025-02-28,RTKM,0.08220244634713687,0.31810336173867243,0.5996941919141907,1.0,0.09872029250457048,0.3553843262544636,0.5577045862479254,0.2734728889774752,-0.12278953922789537,691008428.0999999,2.7660088775664434e-11,0.0,1.1738927513954949,0.8618668758823719,0.7484043478260869,high
2025-02-28,RUAL,0.10176247813929622,0.445663380962744,0.4525741408979597,1.0,0.12145691609977316,0.11387950450450424,0.4124700275894819,0.22455040566893722,-0.15217071376011782,1236186260.1999998,1.8037022789782022e-11,0.0,1.0638168774661703,0.8123303024908433,0.686538768115942,high
2025-02-28,SBER,0.7592854730677817,0.18488680372637215,0.05582772320584611,1.0,0.10294589106971097,0.34155112651646435,0.30727380968798274,0.14137596971057106,-0.0517574840228725,17591923344.4,5.920368231152539e-13,0.0,0.9460866022913488,0.9021650682671886,0.17373659420289855,low
2025-02-28,SGZH,0.09709881270412406,0.4117797289688978,0.4911214583269782,1.0,0.402323892519971,0.4442782348541512,1.2606480954182635,0.3040401155088508,-0.10133744855967075,1380737551.2,1.643398077823526e-11,0.0,1.2044167480414003,0.536503538182077,0.7026202898550723,high
2025-02-28,SIBN,0.12106779131995027,0.7244254865884753,0.1545067220915745,1.0,0.04037216828478973,0.1428190543903307,0.37753490708642334,0.19761104922124043,-0.1119051239166794,1132421329.75,1.61396843087809e-11,0.0,0.8426327638659313,0.7927645506246366,0.5304858695652175,medium
2025-02-28,SMLT,0.12119939768769694,0.71610978116793,0.16269082114437297,1.0,0.08530986993114009,0.4631253223310985,0.43232363225456083,0.2866723142979496,-0.12156448202959835,4094617760.0,4.286085661099963e-12,0.0,1.5371211899105717,0.8094268549918847,0.5368018115942028,medium
2025-02-28,SNGS,0.4072474329180065,0.48596936245075084,0.10678320463124255,1.0,0.0027051397655544207,0.1772178699978828,0.28861265572032174,0.1774935657754073,-0.0754001684919966,1411519213.75,7.314214632605597e-12,0.0,0.7412100711492559,0.7403905860075406,0.33267246376811593,medium
2025-02-28,SPBE,0.10414410276586215,0.46419793756518024,0.43165795966895765,1.0,0.9875735775016348,1.6426086956521737,1.126884845104103,0.3066797354548048,-0.11276794035414717,1890643537.25,2.968524509280238e-11,0.0,1.0094976259640296,0.45575767411940027,0.6777322463768116,medium
2025-02-28,SVCB,0.13262295593852744,0.7470292846487925,0.12034775941267997,1.0,0.11055444221776889,0.31422924901185767,0.42041034372513725,0.17547214383319792,-0.08270893371757937,849945728.0,1.712019068508778e-11,0.0,0.9772793343068469,0.8287814839609189,0.4878594202898551,medium
2025-02-28,T,0.25186775488931534,0.6289118627708862,0.11922038233979843,1.0,0.0808074166611874,0.3977891156462585,0.3475823148345254,0.18965525430766628,-0.08893528183716082,1332345804.58,9.024042327146642e-12,0.0,1.1013948401873697,0.9302305754236309,0.4065086956521739,medium
2025-02-28,TATN,0.39885935317009885,0.49348701061584266,0.10765363621405866,1.0,0.07091680070185702,0.36007428040854217,0.34149609655974095,0.19729851084696493,-0.07983742197706489,1828457679.1999998,4.751488244104924e-12,0.0,0.8488037639711922,0.8024836166992368,0.336288768115942,medium
2025-02-28,UGLD,0.10811102813999338,0.49751340726102405,0.3943755645989825,1.0,-0.1509279794560523,0.14012539184952977,0.3665728486229456,0.2749774424220722,-0.19488496761224028,849866715.45,1.10927320434005e-11,0.0,0.7443420763487365,0.5992525475300907,0.661768115942029,medium
2025-02-28,VKCO,0.11388259937161543,0.5544026767670378,0.33171472386134676,1.0,-0.004179104477611828,0.2920216886134781,0.46937718067374057,0.23560197237788608,-0.14261460101867562,2298010224.6,9.017633799910893e-12,0.0,1.5168504352689969,0.871401527973983,0.6336384057971014,medium
2025-02-28,VTBR,0.12125416369237738,0.7100313747260464,0.16871446158157619,1.0,0.09309810466086543,0.362960760998811,0.6583906286185092,0.2384595303878779,-0.0957877683272581,11658327640.19,2.2471103439598075e-12,0.0,1.2622927155255637,0.8799719134081541,0.5412898550724637,medium
2025-02-28,WUSH,0.08535024932507634,0.33645977004452765,0.5781899806303961,1.0,0.14499681325685154,0.4615593220338985,0.6268309031695868,0.2309945624855671,-0.1273799037875195,354196827.41499996,4.3134212663658675e-11,0.0,1.2669735527401669,0.7674360472794821,0.7391423913043479,high
2025-02-28,X5,0.7488413012276184,0.19343542713177014,0.05772327164061158,0.6166666666666667,0.03155940594059414,,0.2539679504082464,0.13076832985835357,-0.07132564841498557,3914872120.25,1.5248228156281002e-12,0.0,0.4650391502638826,0.6347914299217262,0.17964166666666667,low
2025-02-28,YDEX,0.5128442056854184,0.39283464515702904,0.09432114915755262,1.0,0.08088954056695985,0.30857988165680483,0.3461330258776035,0.1942864935777309,-0.07050329156933532,5338881937.5,3.4795666572307654e-12,0.0,1.00468425494584,0.9132973035531075,0.28834166666666666,low
2025-03-31,AFKS,0.1211445224387268,0.6851961551645074,0.1936593223967658,1.0,-0.08876529477196882,0.09124816837618233,0.36279739715073356,0.22668188247582804,-0.18010309278350511,2307181664.45,9.795146343606462e-12,0.0,1.2827722388519414,0.8135932363560345,0.5586395390070922,medium
2025-03-31,AFLT,0.16688859248052465,0.711870225925222,0.12124118159425348,1.0,-0.07283621837549936,0.13109161793372315,0.3071889167995522,0.2050784479754123,-0.13947163947163943,1411856929.25,5.140897120422235e-12,0.0,1.2172934762259615,0.8440495363149338,0.46005691489361694,medium
2025-03-31,ALRS,0.12123884048024612,0.7121617349873334,0.16659942453242052,1.0,-0.09913793103448265,-0.063103448275862,0.24755939529773008,0.19941117665764452,-0.17245638412845443,952511907.5,1.4514704171018438e-11,0.0,0.9535887404190119,0.7764220474480473,0.5397287234042554,medium
2025-03-31,ASTR,0.11613363560670403,0.581394897352225,0.3024714670410708,1.0,-0.04234417344173447,-0.1216859983429992,0.22364389149984232,0.15866387632935483,-0.23702095525769318,194347025.6,4.945989975330995e-11,0.0,0.5563573347119607,0.554919917297704,0.6196556737588652,medium
2025-03-31,BSPB,0.4807788230449016,0.4208371700900624,0.09838400686503605,1.0,0.010711860997259182,0.09041831696598113,0.19858529191542856,0.10982962809589775,-0.04932155408043726,398012095.6,2.0382577431840482e-11,0.0,0.5185752888034957,0.7044453041581867,0.30168386524822693,low
2025-03-31,CBOM,0.10755361432051737,0.49261369004717503,0.3998326956323076,1.0,-0.0514796547472256,-0.02933753943217665,0.3196720438589456,0.23931819274733057,-0.13677868775298874,103344424.20000002,1.2178125425383785e-10,0.0,0.5976595569390497,0.48069241914782324,0.6641320921985815,medium
2025-03-31,CHMF,0.09796097737207812,0.4178340973789372,0.4842049252489847,1.0,-0.12466843501326264,-0.0730337078651685,0.35204315891698745,0.2073244427114133,-0.22132852586326446,1082251270.3,2.1253473916789175e-11,0.0,1.2144442038253465,0.8489406246432246,0.6997423758865248,high
2025-03-31,ENPG,0.12053349325303024,0.659655037758879,0.21981146898809067,1.0,0.06504065040650397,0.43995603187688936,0.45755776470549364,0.19658229748635542,-0.1285954509248607,481167553.57500005,3.7661163872718594e-11,0.0,1.13720056385724,0.663166506152676,0.5751053191489363,medium
2025-03-31,FEES,0.1208734581283801,0.7325155895345353,0.14661095233708457,1.0,-0.06079404466501237,-0.022973670624677256,0.21043119440768582,0.18443304254027648,-0.13917050691244248,162756017.0,5.878949398298084e-11,0.0,0.9310033351341047,0.8618152451138946,0.5241297872340426,medium
2025-03-31,FLOT,0.12127419030805098,0.7049923814762761,0.173733428215673,1.0,-0.0012024486226497322,0.07532070142403202,0.31633587524808127,0.21743900427221743,-0.14131872284148872,772860792.7,1.329439289341479e-11,0.0,0.9127251918591367,0.6632189892610871,0.5449335106382978,medium
2025-03-31,GAZP,0.12012275354622297,0.7517775035878894,0.12809974286588754,1.0,-0.15079272557705758,0.09549590194751478,0.2811317082710198,0.23026313313935867,-0.20027770063871142,11449413690.6,7.572934819115925e-13,0.0,1.2239380665956787,0.8169291764627223,0.5080368794326241,medium
2025-03-31,GMKN,0.1847069320908292,0.6940508584002864,0.12124220950888445,1.0,-0.09137803979366244,0.02767127854642437,0.2659310094348833,0.16032147185148662,-0.18728732816115423,2904911147.4,4.1292008512740305e-12,0.0,1.1468104140570488,0.8356124072052146,0.44737748226950363,medium
2025-03-31,HEAD,0.10537004911620697,0.47413356753084623,0.42049638335294676,1.0,-0.04493742889647323,-0.10453333333333337,0.38016961936350646,0.17632069736856495,-0.20555698482119888,725114003.5,1.4415592140789209e-11,0.0,0.8467958855503572,0.6626224149851552,0.6729946808510637,medium
2025-03-31,HYDR,0.12110225059162362,0.7226115191069244,0.15628623030145206,1.0,-0.06701708278580809,-0.04789272030651348,0.16485468763253897,0.17116450029148697,-0.16919959473150958,150747080.75,6.29100349757495e-11,0.0,0.7489016749227938,0.6348450989385703,0.5318817375886525,medium
2025-03-31,IRAO,0.5312419050314621,0.376870595192285,0.09188749977625281,1.0,-0.020894722743102112,-0.0288295469642621,0.12342622076224588,0.10256027978165454,-0.0998742138364781,450345264.32500005,1.3120619639438495e-11,0.0,0.5595301000068316,0.840312722004158,0.28066843971631206,low
2025-03-31,LKOH,0.7176512392732703,0.2191131628700921,0.06323559785663758,1.0,-0.027474048442906573,-0.012507905277211684,0.1603271416020858,0.11747997127719637,-0.119660864538506,4127133374.25,1.4359705382379674e-12,0.0,0.6588412572536556,0.8091578233751485,0.19636046099290783,low
2025-03-31,MAGN,0.1292277976571864,0.7505906337671534,0.12018156857566024,1.0,-0.11793335829277407,-0.08741123305358289,0.26215221551845014,0.1609180372698379,-0.16190360862194242,1062217043.0999999,1.0568699109819174e-11,0.0,0.9563148849694345,0.7971833694218616,0.4909283687943262,medium
2025-03-31,MGNT,0.2601064236749625,0.621097473772991,0.1187961025520465,1.0,-0.10513521725919173,-0.06369224247562522,0.19643333114426728,0.1439336707797859,-0.19268270034357882,2161346304.5,7.514412953817963e-12,0.0,0.807950731061009,0.8229768168435914,0.40203971631205676,medium
2025-03-31,MOEX,0.3280529676023693,0.5577658587444225,0.1141811736532082,1.0,-0.059657886056264986,-0.03309429208256609,0.2035183237572953,0.13828939747096503,-0.18366070311522575,1862223651.1999998,5.242775255816733e-12,0.0,0.7447511386489046,0.7271313139787502,0.3680764184397163,medium
2025-03-31,MTLR,0.12028043597782513,0.7485118053249227,0.1312077586972523,1.0,-0.039982803095442776,0.059498956158664074,0.3663859445255588,0.23537472830189515,-0.13570212107137325,2103632919.85,4.127211161248744e-12,0.0,1.1965127415619166,0.7695177046773161,0.5108695035460993,medium
2025-03-31,MTSS,0.22355528130754856,0.656034705103672,0.12041001358877951,1.0,-0.06115702479338847,0.05039297272306964,0.2385022056351605,0.14174418881430967,-0.14274478961856074,652700749.0,1.9713627633267623e-11,0.0,0.8121810830790746,0.7688676717644354,0.4226554964539007,medium
2025-03-31,NLMK,0.121085569345455,0.7235111231581836,0.15540330749636153,1.0,-0.09297365119196987,-0.026921523758244748,0.2744305512633565,0.18367544052766574,-0.15754419956405918,1007927363.5999999,1.3537962807027141e-11,0.0,1.0842481529722694,0.859192888354681,0.531190780141844,medium
2025-03-31,NVTK,0.5961830679009388,0.3210940115170846,0.08272292058197663,1.0,-0.05470085470085473,0.2057482656095142,0.21960642794188936,0.17266651345820883,-0.09919571045576414,3157803303.0,2.6652291115956685e-12,0.0,1.1326063502355326,0.7979704607136302,0.25311861702127664,low
2025-03-31,OZON,0.11222930900851125,0.536694827254593,0.3510758637368957,0.8,-0.05921216654200945,0.1903785488958991,0.3641482633167526,0.21566702611596708,-0.15579148276273413,515171912.5,2.034031359355962e-11,0.2,1.3542841286514056,0.8494750665213641,0.6425572695035461,medium
2025-03-31,PHOR,0.16076316850742642,0.7180623418822321,0.12117448961034138,1.0,-0.045820895522388105,-0.039513221153846145,0.2791263112206215,0.10830375367694942,-0.11591791458679979,385899924.5,2.1797349692609985e-11,0.0,0.3113640167478628,0.36921603018964283,0.46466241134751773,medium
2025-03-31,PIKK,0.08129977138639985,0.31295669795568914,0.605743530657911,1.0,-0.19222625529340598,0.07681451612903234,0.4936479933684421,0.2784917097557009,-0.3385826771653543,1480354135.65,1.7411468152173256e-11,0.0,1.5890120280099007,0.7069504416065032,0.7510391843971632,high
2025-03-31,PLZL,0.4369144487724449,0.4595297658998987,0.10355578532765639,0.85,-0.03935668445063023,0.2495641678959366,0.15458059215147807,0.13075614516136733,-0.058089074990483436,190701636.39999998,2.4055277043997064e-11,0.15,0.3230665563964023,0.3505533872464607,0.3200466312056737,medium
2025-03-31,POSI,0.08441207379909525,0.3309201516298714,0.5846677745710334,1.0,-0.17757009345794394,-0.3475682087781732,0.2557285716391694,0.27703728209052947,-0.3811424769508601,372481025.4,3.203985172722559e-11,0.0,0.8588935032683425,0.5891432963277706,0.7419166666666666,high
2025-03-31,RAGR,0.035878146839985005,0.1030926797478975,0.8610291734121175,0.6166666666666667,-0.3494690265486725,,0.7835944526087124,0.7083715899228731,-0.38731455242540425,237235270.8,3.136386502571667e-11,0.2,1.1866088588468624,0.492568103891945,0.8972500000000001,high
2025-03-31,RNFT,0.09348497387325731,0.38728656635231373,0.5192284597744289,0.9,0.023627519110493544,0.1304681504221028,0.6790189572103953,0.2929559878565554,-0.18966565349544062,1674337752.55,1.4458883985611303e-11,0.1,1.203363428942078,0.6346241130682169,0.7143179078014184,high
2025-03-31,ROSN,0.34521638202146,0.5420409908520771,0.11274262712646292,1.0,-0.0724281391830559,-0.0922550198945129,0.16128389746931085,0.16075255148609321,-0.1712235133287765,2456352174.5,2.708425573721891e-12,0.0,0.8294517602460777,0.7999706514000565,0.3601170212765958,medium
2025-03-31,RTKM,0.10378950723967825,0.46137687898075447,0.43483361377956725,1.0,-0.06939752252252263,0.036044507130543746,0.27131656652108355,0.25482289566942096,-0.19190535491905347,459706057.70000005,3.605937054587382e-11,0.0,1.1640264168774517,0.7888083224450921,0.6790748226950354,medium
2025-03-31,RUAL,0.3178148900976041,0.5671939882590181,0.1149911216433778,1.0,-0.0923532898636632,0.09763440860215056,0.2456513165157283,0.16572027890789173,-0.11989883894700537,937438249.1500001,1.1717037494309432e-11,0.0,0.8554830927670697,0.6864955852338857,0.37292322695035457,medium
2025-03-31,SBER,0.8296085654203467,0.12803790105047078,0.042353533529182606,1.0,-0.02271866717152593,0.10673575129533686,0.18503243529006,0.09392295284965413,-0.08220354579473643,13154145376.25,6.015683975217915e-13,0.0,0.7591244532143079,0.857942885742237,0.1281372340425532,low
2025-03-31,SGZH,0.07344691868318996,0.27015980647541793,0.6563932748413921,1.0,-0.10777479892761399,0.2909231962761831,0.4443364243575431,0.32159079908444405,-0.22987390882638203,497240228.70000005,4.005019045861323e-11,0.0,2.2170371286365005,0.7308985285380418,0.7737746453900709,high
2025-03-31,SIBN,0.1620222680963539,0.7167865585141598,0.1211911733894862,0.9,-0.0524031769426021,-0.02894781003524083,0.21737868412449918,0.14292319367926895,-0.15369082342382767,515163218.625,1.496263032860034e-11,0.1,0.8232149853332608,0.7761181268980786,0.4637044326241135,medium
2025-03-31,SMLT,0.1164817807976741,0.5859768377922214,0.29754138141010456,1.0,-0.12823164426059974,0.2544642857142858,0.4429304714986295,0.28213044391698894,-0.2022801302931596,2236591272.0,8.194400109302929e-12,0.0,1.4810929161866577,0.7111914713583417,0.617227304964539,medium
2025-03-31,SNGS,0.25379807788029274,0.6270779761534818,0.11912394596622555,1.0,-0.052856083086053385,0.08659574468085096,0.26253651682662427,0.1518608071191099,-0.1557404891304348,1267367453.75,1.0207427566229383e-11,0.0,0.7589205752355614,0.6427301595714017,0.4054531914893617,medium
2025-03-31,SPBE,0.09366336224457768,0.3884644976014545,0.5178721401539678,1.0,-0.1264406779661017,0.9419743782969103,0.737491544608171,0.5252311263824309,-0.2684063373718546,1151728284.5,1.3169886881130489e-11,0.0,1.8782065325082493,0.5751142235670037,0.713752659574468,high
2025-03-31,SVCB,0.1211234922129945,0.7213978324256992,0.15747867536130633,1.0,-0.0412429378531074,0.1466216216216214,0.34399051521153995,0.2092134424141549,-0.13694267515923553,819575174.5,1.49732014137253e-11,0.0,1.1412974143516266,0.8424728538623232,0.5328099290780142,medium
2025-03-31,T,0.24663694016708143,0.6338907349851374,0.11947232484778125,1.0,-0.014466440201475916,0.14547311095983662,0.2731640509428618,0.18531628767654512,-0.10565934065934057,1038361217.8500001,9.920037778991379e-12,0.0,1.0610822208903794,0.8992279294350681,0.4093959219858156,medium
2025-03-31,TATN,0.38354347250881,0.5072636995467602,0.10919282794442976,1.0,-0.028427128427128467,0.008085042671058584,0.22660833372614497,0.15836821945067964,-0.1335862881067642,1292206374.9,9.875105219288862e-12,0.0,0.6510072768032816,0.66296933744971,0.34295780141843973,medium
2025-03-31,UGLD,0.09999462840362275,0.4324778051957428,0.46752756640063436,1.0,-0.008282416836388307,-0.05924781040700666,0.272716293776011,0.21812557248359415,-0.2159928523564888,285040255.3,3.338058891448792e-11,0.0,0.6012265953635633,0.47658098018203754,0.6927927304964538,high
2025-03-31,VKCO,0.07773050384486203,0.2930819829407355,0.6291875132144024,1.0,-0.1462306993642144,-0.08914728682170547,0.37515480751634606,0.2666002028392726,-0.22608941709111485,898740413.55,1.841465307197486e-11,0.0,1.2027997391103156,0.7254342176837083,0.7613976950354611,high
2025-03-31,VTBR,0.14497535081721585,0.7342002552443183,0.12082439393846582,1.0,-0.10003294169320298,0.008490217792543442,0.2579580487749994,0.24945281678226616,-0.17385581206966383,4728460294.825,2.4363668432177255e-12,0.0,1.4068745004281846,0.8449884743886541,0.4772218085106383,medium
2025-03-31,WUSH,0.08943962666839986,0.3613445446225736,0.5492158287090266,0.9,-0.10645175009569174,0.20705503849247386,0.4726100635187796,0.27112511738033873,-0.1854927084211413,841774677.1700001,2.126952965404214e-11,0.1,1.3474995949713273,0.741760345170897,0.7268659574468086,high
2025-03-31,X5,0.6575166594265573,0.26921658397972503,0.07326675659371774,1.0,0.03374594753905091,0.1975076818026631,0.2622748772198262,0.1283944553909141,-0.08297644539614557,4290838978.0,3.59855986470768e-12,0.0,0.643211782784159,0.6164652414246098,0.225704609929078,low
2025-03-31,YDEX,0.5748282441371843,0.3393380547823243,0.08583370108049139,1.0,-0.016911926202503813,0.09611852577445812,0.24329466177519696,0.1453106875100804,-0.08866001274155877,2378992556.5,3.108500307921415e-12,0.0,0.9549019644027085,0.8728119087582693,0.26229255319148936,low
2025-04-30,AFKS,0.11483218452607448,0.5653063044272869,0.3198615110466386,1.0,0.10618181818181816,-0.12841670964414642,0.46243723403778797,0.2800238592677274,-0.2912371134020618,1907154716.25,1.2061727342791565e-11,0.0,1.2728263976359244,0.874205823300568,0.6280520408163264,medium
2025-04-30,AFLT,0.16827625349549377,0.7104724165614889,0.12125132994301752,1.0,0.14102358414888516,-0.06691157176594065,0.44438726094268316,0.25007315171419686,-0.19282569282569284,2203251627.4,7.514019020795563e-12,0.0,1.1980418575219887,0.8569866202635579,0.45903231292517005,medium
2025-04-30,ALRS,0.11826713768631107,0.6121303586613576,0.2696025036523314,1.0,0.08137276063026122,-0.19993612264452243,0.3885639242947569,0.22815809705644013,-0.2846997066543152,967158856.85,2.1724825271390977e-11,0.0,1.0483095880150635,0.8431047215014645,0.6030003401360544,medium
2025-04-30,ASTR,0.3725189732106167,0.5172217217636851,0.11025930502569822,1.0,-0.03328474246841606,-0.11577777777777787,0.2461020596846747,0.18213736163653474,-0.12163355408388521,161666683.5,3.9195801247424976e-11,0.0,0.6364301313466022,0.7060904503802856,0.3478183673469388,medium
2025-04-30,BSPB,0.5399701033409391,0.36932249643540815,0.09070740022365269,1.0,0.08613383791274676,0.042860798362333696,0.23003806088586543,0.14681670408096475,-0.08426884029675896,290241630.6,5.293191624199599e-11,0.0,0.6123637452967867,0.8074226159372103,0.2770156462585034,low
2025-04-30,CBOM,0.07797424187091093,0.29441593302302166,0.6276098251060674,1.0,0.02859042553191493,-0.19728102947281023,0.3960412961935834,0.29345988667678985,-0.29210204273745644,77639417.1,2.710962306671011e-10,0.0,1.010836325732903,0.7476481680388226,0.7606925170068027,high
2025-04-30,CHMF,0.09767138515505709,0.4157907382885567,0.4865378765563862,1.0,0.06164383561643838,-0.2394284889594458,0.4863971323370492,0.2523788705788441,-0.3116072666759119,1517874750.5,1.4842376465781964e-11,0.0,1.3041161429693913,0.8870654961485174,0.7007132653061223,high
2025-04-30,ENPG,0.09946713684677766,0.42862820651836814,0.4719046566348543,1.0,0.02997858672376874,-0.08288470165993711,0.3719235648421824,0.38259330805124314,-0.2973714488007789,377348036.425,4.942062227567944e-11,0.0,1.5283080328688479,0.8065677475985529,0.6946187074829933,high
2025-04-30,FEES,0.12109860367729397,0.6822607545943702,0.19664064172833579,1.0,0.05355521936459895,-0.18511584366955303,0.302291948095481,0.21726291922565644,-0.23847926267281105,151938256.0,7.864236547135007e-11,0.0,0.910211149283548,0.892586600383574,0.5605965986394558,medium
2025-04-30,FLOT,0.10063821401878842,0.4372260830820576,0.4621357028991539,1.0,0.09681079036934337,-0.1631239780705972,0.42509087533966633,0.28404600433081745,-0.24505138941758664,386888947.65,5.231669031586523e-11,0.0,1.1226020252078468,0.7735130126399613,0.6905408163265306,high
2025-04-30,GAZP,0.1339027708162523,0.745690939815504,0.12040628936824366,1.0,0.2295135755885489,-0.1239113916652056,0.35917157438422254,0.26944639850991786,-0.31186498080830893,15154468700.0,1.40543263586812e-12,0.0,1.1467961216353582,0.9020829870907129,0.48671972789115653,medium
2025-04-30,GMKN,0.12111071338731072,0.7221378136267086,0.1567514729859807,1.0,0.07097378277153554,-0.16620498614958457,0.44550996535853293,0.18910958063321193,-0.27317272356063704,2373887398.5,8.893572100840113e-12,0.0,1.1427512516823097,0.8351006887815038,0.5322445578231293,medium
2025-04-30,HEAD,0.12021334608352226,0.7499343994622119,0.12985225445426585,1.0,0.08316430020283971,-0.1568421052631579,0.3203165663256228,0.20185908643170375,-0.23900180087471057,491141391.5,3.128842590034089e-11,0.0,0.9362413439191117,0.7263680036929884,0.5096411564625851,medium
2025-04-30,HYDR,0.12120184935763778,0.715900854487684,0.16289729615467807,1.0,0.06846846846846844,-0.15042979942693413,0.3189102952787767,0.17050519236675007,-0.25025329280648423,141581463.65,8.8424043824139e-11,0.0,0.8229184759393747,0.7831779121707889,0.5369578231292517,medium
2025-04-30,IRAO,0.6342558661654271,0.2888001020396719,0.076944031794901,1.0,0.0459667852906287,-0.09226611761678027,0.2149501833756834,0.14035227330278943,-0.14416243654822336,493468551.65,1.7352647267369812e-11,0.0,0.6211962418880212,0.8887860037375156,0.23632823129251698,low
2025-04-30,LKOH,0.6617098155244259,0.2656982133186075,0.07259197115696663,1.0,0.06373836237765573,-0.13301770542836755,0.24906906411206542,0.16966754687591926,-0.1879159935379645,3863908710.5,3.373753683199053e-12,0.0,0.6838623674261293,0.8317528868816112,0.2237534013605442,low
2025-04-30,MAGN,0.11747234021355596,0.5998464175704947,0.28268124221594926,1.0,0.06300615484288952,-0.1673433138797259,0.4539744676032727,0.2151151213923642,-0.25236134657302,987682211.2,2.4267753681368167e-11,0.0,1.185853388460676,0.8895661266447489,0.6097646258503401,medium
2025-04-30,MGNT,0.22411766332769312,0.6554915959970659,0.12039074067524096,1.0,0.020598388952819402,-0.16956928838951313,0.3332508262534766,0.2278035282902021,-0.19305413687436157,1512207624.5,7.730907645399439e-12,0.0,0.6904681885665154,0.6618363037419223,0.4223214285714286,medium
2025-04-30,MOEX,0.48126208979921387,0.4204134103670808,0.09832449983370543,1.0,0.04272027642531806,-0.1491733948481354,0.29364286560716313,0.13223088439127564,-0.18587281263337607,1570598284.6,9.958990847237203e-12,0.0,0.7165572016535182,0.7782926853882396,0.3014826530612245,low
2025-04-30,MTLR,0.10717670081987643,0.4893451151812419,0.4034781839988817,1.0,0.03866967305524227,-0.19006593406593408,0.4007796390960841,0.3118577465180947,-0.3133612014243691,1833042314.9650002,9.049428616547331e-12,0.0,1.2331909441601923,0.8690115367130561,0.6657054421768707,medium
2025-04-30,MTSS,0.3294129176231066,0.5565162587267418,0.1140708236501515,1.0,0.07026224641266698,-0.1477541371158393,0.27556802249467127,0.18055730024150835,-0.2052693668895006,741559666.75,1.3731595150048612e-11,0.0,0.8412555325954933,0.8335932623166448,0.3674384353741497,medium
2025-04-30,NLMK,0.11915476525089763,0.6276600552832458,0.2531851794658567,1.0,0.076694214876033,-0.18778054862842897,0.3933275509106209,0.24129070950437273,-0.26737708888350686,1008283062.0000001,1.9518949334039738e-11,0.0,1.1839424190837078,0.9295721002802697,0.5942122448979593,medium
2025-04-30,NVTK,0.12127574774020958,0.7023010075911158,0.17642324466867465,0.9,0.13157894736842102,-0.10524728588661048,0.47162941258532987,0.27563071123866945,-0.21894548704200179,4581708563.299999,5.455803706481686e-12,0.1,1.2278993324712268,0.8391030896769855,0.5468523809523809,medium
2025-04-30,OZON,0.15663055063783288,0.7222609139371045,0.12110853542506268,0.8,0.10686346863468632,-0.08123009066405296,0.27772319141493623,0.2504557084759605,-0.19181677203864966,532132688.75,2.754368382712965e-11,0.2,0.8990102106331473,0.7970200545685743,0.46784965986394556,medium
2025-04-30,PHOR,0.3311687731257512,0.5549038195897706,0.11392740728447817,1.0,0.041843130611553425,-0.1124260355029586,0.2529052712863717,0.1877218991694764,-0.16122067079314817,332980240.0,2.989284381043802e-11,0.0,0.5161465153641772,0.5784147831054762,0.36661666666666665,medium
2025-04-30,PIKK,0.07683811652698509,0.2882260429573809,0.6349358405156341,1.0,0.07499999999999996,-0.32489391796322487,0.5424973109975878,0.3498249611528375,-0.3981810430581214,2411800152.15,1.0626067582997275e-11,0.0,1.4663517918344182,0.8088228487334937,0.7639778911564625,high
2025-04-30,PLZL,0.6877617835736777,0.24392087592690032,0.06831734049942188,0.9833333333333333,-0.014295362449347038,-0.07082603851663216,0.2761759030157392,0.18137959659743902,-0.12447658926532168,2064758033.0,7.0815604074867445e-12,0.0,0.37677209859032806,0.43282623177524754,0.21134013605442178,low
2025-04-30,POSI,0.1199100258673168,0.7558058524402044,0.12428412169247874,1.0,-0.037834512457705305,-0.19609354921613986,0.23914806479949363,0.23177480367766562,-0.24708147791551327,368380541.20000005,3.160130582911655e-11,0.0,0.8139183706738121,0.7470112414881007,0.5044785714285713,medium
2025-04-30,RAGR,0.07480148373368638,0.2773042480450972,0.6478942682212164,1.0,0.02201161724243339,-0.3894621495753813,0.3976803973000982,0.6176236183131656,-0.48808134689114857,714241124.8199999,2.0170545334219956e-11,0.0,0.7701436892602608,0.3674640561728116,0.769861224489796,high
2025-04-30,RNFT,0.08714970714786009,0.3472571274631306,0.5655931653890093,1.0,0.09716060337178356,-0.22011983601387575,0.42389209959809654,0.37199141992057694,-0.32108433734939756,1365760682.825,1.5524496845116127e-11,0.0,1.4150798001904055,0.7433198026603798,0.7337809523809523,high
2025-04-30,ROSN,0.1781024717501123,0.7006239628729759,0.12127356537691177,1.0,0.05944055944055937,-0.20618286612522918,0.33787391335671235,0.2044207902171122,-0.263898421413864,2322197637.975,5.506121965276478e-12,0.0,0.7726419411338926,0.7711235669180084,0.4519612244897959,medium
2025-04-30,RTKM,0.0786150405500369,0.29793883292483553,0.6234461265251275,1.0,-0.025831504305250608,-0.28144458281444573,0.4144610157982134,0.29414055626,-0.30526447105788423,474161304.75,3.441389699284381e-11,0.0,1.015933443109405,0.7755288818519118,0.7588374149659863,high
2025-04-30,RUAL,0.115951741804821,0.579052492011421,0.3049957661837581,1.0,0.06304893350062746,-0.13057978450487417,0.3796723460014701,0.2592999953887777,-0.26704218875732844,488482630.4,4.3294740339780905e-11,0.0,1.1230800429358339,0.836334593948758,0.6208904761904762,medium
2025-04-30,SBER,0.8443482799035706,0.1162965384006052,0.039355181695824255,1.0,0.0913732581640252,-0.022049945987164032,0.23882385034844983,0.15553905136042206,-0.13493037236979333,12078043551.0,1.1480220774054188e-12,0.0,0.7518144435220953,0.9090692675626801,0.11675782312925169,low
2025-04-30,SGZH,0.0779033582355205,0.2940276537891254,0.6280689879753542,1.0,0.07831762146482957,-0.21030270844397236,0.39719766521694666,0.2675330656235793,-0.3312318137730358,317480748.65,4.866036794052351e-11,0.0,1.2145017035211239,0.7407660643905887,0.760897619047619,high
2025-04-30,SIBN,0.27742603841814845,0.604773307318426,0.11780065426342545,1.0,0.06999141794602837,-0.1488925970873788,0.2702206184242421,0.1637808825229966,-0.21569067384638385,479162703.95000005,2.9010165368614887e-11,0.0,0.658775844274455,0.7484615365880014,0.39292993197278914,medium
2025-04-30,SMLT,0.10003398833671696,0.43276655427027355,0.4671994573930095,1.0,0.19390304847576223,-0.10824934677118325,0.49854644712396134,0.38082485638058355,-0.3482084690553746,2565598033.5,9.122546396899232e-12,0.0,1.549553024154851,0.8515006258456882,0.692655782312925,high
2025-04-30,SNGS,0.13921164820888776,0.7401623645764319,0.12062598721468032,1.0,0.07567071772529221,-0.18868903493600842,0.3112241831699675,0.21166447097674826,-0.25030084235860417,907969280.75,1.2342974196416475e-11,0.0,0.9362859409048114,0.8398573709761942,0.4820874149659864,medium
2025-04-30,SPBE,0.1039074457529046,0.46231264109795117,0.4337799131491442,1.0,0.23543123543123534,0.027530050407134743,0.6848927467935886,0.536812118946168,-0.342031686859273,2703019186.5,8.915861975500738e-12,0.0,2.1207639541881056,0.764013472374712,0.6786295918367348,medium
2025-04-30,SVCB,0.18161091960021836,0.6971277190878392,0.12126136131194248,1.0,-0.01661872802812403,-0.08937555489789872,0.29675897218139513,0.2689070017585642,-0.1833864118895966,626288096.5,2.5830330490081403e-11,0.0,1.064365332650674,0.8414301845264238,0.4495102040816327,medium
2025-04-30,T,0.27545216979646564,0.6066269372243568,0.11792089297917757,1.0,0.05674089878650501,-0.07451094890510945,0.3073035548523,0.23764267908635148,-0.17593406593406602,970108043.2,1.8582482892468596e-11,0.0,1.0216458063778355,0.8993330778237213,0.39394999999999997,medium
2025-04-30,TATN,0.5684802191148967,0.34477957273370247,0.08674020815140093,1.0,0.15102237964900977,-0.052359490986214174,0.2689868713265725,0.185123883500381,-0.20437001177548075,1706680256.4,6.126146926665299e-12,0.0,0.6563540416326297,0.630196228347854,0.26499387755102044,low
2025-04-30,UGLD,0.39849846106575615,0.493810883020664,0.10769065591357997,1.0,-0.04585820352307468,-0.14716981132075468,0.28298526078687575,0.17529088309030771,-0.15114622458230798,715765181.2,1.893633948418371e-11,0.0,0.5366892208433948,0.5114184027401314,0.33644489795918364,medium
2025-04-30,VKCO,0.08020721735412849,0.3067938696790892,0.6129989129667823,1.0,0.1136929460580911,-0.18567961165048552,0.4313376044732923,0.3042274067775843,-0.3174738034551119,701841482.8499999,3.146716568861838e-11,0.0,1.205176948090739,0.8062095579803432,0.7542187074829931,high
2025-04-30,VTBR,0.12125690650208103,0.7095757607298038,0.16916733276811524,1.0,0.4477567886658793,0.062148116067561654,0.5374121140433883,0.28024367766594915,-0.29578050301392633,7191892896.46,2.6017787008542493e-12,0.0,1.1577010473924927,0.7263829274591042,0.5416221088435373,medium
2025-04-30,WUSH,0.10529354968251006,0.4735049491154878,0.42120150120200206,1.0,0.024124604754655055,-0.10537084398976981,0.3753143854444798,0.3747557640212937,-0.28019893787406214,347713440.58,3.1511485309518513e-11,0.0,1.5255822180254803,0.8009829747270061,0.6732948979591837,medium
2025-04-30,X5,0.8238323747764078,0.13265694038840825,0.04351068483518401,1.0,0.04097211403645429,-0.031172973756705802,0.1917428733698123,0.15310709038573328,-0.14092612419700212,2011115743.5,4.728408133191051e-12,0.0,0.6562608600826201,0.7395541442808724,0.1323799319727891,low
2025-04-30,YDEX,0.4705588955490066,0.42981130971833137,0.099629794732662,0.9,0.03438720241844062,-0.12020569959288618,0.31179153965211664,0.1748153365712855,-0.15063656788274316,2831885401.0,4.999240178312152e-12,0.1,0.9581504372119587,0.9037934617646026,0.30594251700680275,low
2025-05-31,AFKS,0.11871591574000996,0.6196882767696069,0.2615958074903831,1.0,0.034353158380588056,-0.10757765388553875,0.3864482388285291,0.30302110632520485,-0.18542654028436012,1203392680.9,2.0735794346449073e-11,0.0,1.3509782980592213,0.8955397553583295,0.5987584020842379,medium
2025-05-31,AFLT,0.12915124216364396,0.7506711231468117,0.12017763468954429,1.0,-0.021443888491779806,-0.06552901023890778,0.3330428403405194,0.2662174681191655,-0.141044477093629,1113274816.7,1.651704249661612e-11,0.0,1.2593806912399461,0.8837637025897196,0.49099834997828923,medium
2025-05-31,ALRS,0.12060984725810932,0.7406006140942595,0.13878953864763122,1.0,-0.049031726411207344,-0.18488433692389206,0.21725340945024543,0.22265414318204754,-0.19595083152566894,366389217.15,3.637657724285263e-11,0.0,0.9579258169655935,0.8871502530927919,0.5175497177594442,medium
2025-05-31,ASTR,0.22912472753744748,0.6506642923310736,0.12021098013147885,1.0,0.0031875557822262923,-0.0652251395984319,0.20897576211829627,0.18456064889447327,-0.13947551636110456,83253957.15,1.3423073481222949e-10,0.0,0.6849206012794528,0.7427599451978065,0.4193727312201476,medium
2025-05-31,BSPB,0.3925375238007085,0.4991655593186315,0.10829691688066012,1.0,0.009033977348434252,-0.06277227722772283,0.17337533621796664,0.2325108342851035,-0.09706425585690681,220118607.2,4.0210294357801663e-11,0.0,0.6190200168564417,0.7286890484093326,0.33903056882327404,medium
2025-05-31,CBOM,0.03656759419765472,0.10567547749425599,0.8577569283080893,1.0,-0.12869346029967788,-0.36992405063291134,0.5323766482629365,0.32973923720805093,-0.34155982905982896,93873209.4,1.8743840212330773e-10,0.0,1.0002885901284375,0.6739554734311405,0.8943947894051237,high
2025-05-31,CHMF,0.12099917964689154,0.676960336872851,0.2020404834802575,1.0,-0.009852216748768461,-0.1932894525606036,0.24797807973873828,0.2612992653224743,-0.20980653769179458,550529617.8,2.4292236941143278e-11,0.0,1.2697306624610993,0.9166000470145297,0.5640855405992184,medium
2025-05-31,CNRU,0.09968538499732649,0.4302164543236918,0.47009816067898164,0.75,0.01039732640178248,,0.29068846328032666,0.3656215415678673,-0.15517241379310343,46902283.0,1.5121082787355448e-10,0.25,0.3922202729171257,0.32675368548598216,0.693865306122449,high
2025-05-31,ENPG,0.04090275223880035,0.1223157664004213,0.8367814813607782,1.0,-0.10301011596348386,-0.33652705538826544,0.3911516246277136,0.3755322582551398,-0.3394434419223099,172118995.1,1.2261996048119106e-10,0.0,1.4270630575797627,0.8668579157109065,0.877295701259227,high
2025-05-31,FEES,0.12277499643623292,0.757405157011468,0.11981984655229909,1.0,-0.034767236299351856,-0.17460317460317476,0.20576185419835213,0.19826646249176272,-0.16572601334017445,105786541.69999999,1.338879567024395e-10,0.0,0.8523383207237072,0.9034046563086903,0.4969544941380808,medium
2025-05-31,FLOT,0.08177807441425257,0.3156774958488356,0.6025444297369118,1.0,-0.08914407481946252,-0.21729399796541204,0.38620057902321253,0.2932079226170509,-0.23166754339821138,396619308.59999996,3.80551580841822e-11,0.0,1.2826808837060668,0.8858416354799286,0.7496440295267042,high
2025-05-31,GAZP,0.12118578480037258,0.6882963171690459,0.19051789803058156,1.0,-0.07522743177046887,-0.18350324374420757,0.3252176309567964,0.3152223685509708,-0.21475040257648959,13053239937.0,1.548355112390174e-12,0.0,1.286317317007952,0.9143517742189908,0.5565526704298741,medium
2025-05-31,GMKN,0.15615300558926912,0.7227472086615502,0.12109978574918055,1.0,-0.04050179211469529,-0.14880763116057238,0.3212526661860813,0.19512847290123972,-0.1886455798864557,1431115243.4,1.3892907201304019e-11,0.0,1.0894262700598811,0.8763295527370367,0.46822231871472003,medium
2025-05-31,HEAD,0.33569270962868086,0.5507542348448203,0.11355305552649878,1.0,-0.01579626047711158,-0.06407112201103615,0.21091846760569216,0.18202795937454938,-0.11911852293031566,266579911.5,4.3066719440573454e-11,0.0,0.8567585616465889,0.7561949109909478,0.36450924880590535,medium
2025-05-31,HYDR,0.16982021678800732,0.7089192532293279,0.12126052998266472,1.0,-0.017163698777086456,-0.10246865203761746,0.24563936547814774,0.1736072762821243,-0.12718600953895076,87584442.4,1.6984096532125525e-10,0.0,0.8233199524852641,0.8664296640812106,0.4579001302648719,medium
2025-05-31,IRAO,0.7173187623483167,0.21938804874928794,0.06329318890239537,1.0,0.001404494382022392,-0.04140898090884648,0.12634527004290877,0.14236792021510444,-0.08369565217391306,273009317.1,1.9407917202954308e-11,0.0,0.5864232356056643,0.902518790452737,0.1965321754233608,low
2025-05-31,LKOH,0.7746333017427016,0.17237157374447745,0.052995124512820874,1.0,0.038179035960214325,-0.055741127348643005,0.18600644776368425,0.1815070121794655,-0.11605824013504962,2925188579.25,3.67675951774655e-12,0.0,0.7687278284563477,0.8873367324973879,0.1647262700825011,low
2025-05-31,MAGN,0.1212693273733929,0.7068800473191874,0.17185062530741965,1.0,-0.015308563227555472,-0.19836427365961318,0.25980634776749734,0.21136782244238816,-0.19983719983719983,514485970.8,3.162815136224251e-11,0.0,1.1479676644690555,0.9000859842216091,0.543576465479809,medium
2025-05-31,MGNT,0.12005263787692785,0.7531486041853049,0.1267987579377672,1.0,-0.11670903628379936,-0.17236899090515378,0.27325928292532065,0.2548942516658601,-0.21402330219376509,1019852981.5,1.252405682991337e-11,0.0,0.7025818643565779,0.6650590078481998,0.5068338688666957,medium
2025-05-31,MOEX,0.6939182523081555,0.23879544566293756,0.06728630202890695,1.0,-0.0497662494344745,-0.08914373825471011,0.20018633591525906,0.13643793500069942,-0.11800353103974803,1024564323.9,1.137098121170285e-11,0.0,0.7341269324377111,0.8314956660796372,0.20832531480677374,low
2025-05-31,MTLR,0.08656982027863641,0.3437522857046811,0.5696778940166826,1.0,-0.054641792692350144,-0.3073439016499515,0.3528510061870494,0.3186831301329528,-0.2981366459627329,884811465.5899999,2.5462204430944253e-11,0.0,1.242981501875623,0.9045702134517045,0.7355149804602692,high
2025-05-31,MTSS,0.3874490400841358,0.5037443594156722,0.10880660050019209,1.0,0.013714551371455164,-0.07212765957446798,0.22256656482717094,0.18440836878664826,-0.12510822510822517,552183671.75,2.6011142513034718e-11,0.0,0.8459834202850659,0.8663807597936055,0.34124845853234914,medium
2025-05-31,NLMK,0.11880494247926163,0.6212540306998452,0.2599410268208931,1.0,-0.07518915510718782,-0.21301140174379607,0.3129812184598249,0.25144156786289246,-0.21178586249827092,599427646.5999999,2.8320175235759745e-11,0.0,1.1801923827510268,0.9277403764106338,0.5978714719930526,medium
2025-05-31,NVTK,0.11901952567306313,0.6251324509347778,0.2558480233921591,1.0,-0.05017241379310344,-0.14376748523469074,0.4112544680051315,0.2783249503653926,-0.21512247071352497,2624008087.7999997,8.090353882268193e-12,0.0,1.4113144082810163,0.8804038534136086,0.5956620060790273,medium
2025-05-31,OZON,0.21917134619110498,0.6602748965371805,0.12055375727171438,0.75,0.018743109151047488,-0.04619354838709677,0.22062539072556983,0.30048481773194485,-0.10229230157678548,293368563.25,1.3785196677211107e-11,0.25,0.9102742964728263,0.8010413869841492,0.42528024316109425,medium
2025-05-31,PHOR,0.3171480910654481,0.567809330498756,0.11504257843579584,1.0,0.03142626913779201,-0.058269570335491516,0.2541690381984632,0.18989844869808198,-0.1211161387631976,306369174.0,3.0552240688525226e-11,0.0,0.6137788817662395,0.6480783290425005,0.37324168475901,medium
2025-05-31,PIKK,0.11956398982875042,0.6357777265197387,0.24465828365151088,1.0,0.13677555321390944,-0.019094380796508492,0.4661008758425017,0.3635504269120369,-0.20707732634338138,1731977095.75,1.256359944746891e-11,0.0,1.5293535551972042,0.8230738491891944,0.589501346070343,medium
2025-05-31,PLZL,0.3495554368748877,0.5380809995096784,0.11236356361543394,1.0,-0.03465233302836224,,0.262183045058118,0.17909449592338988,-0.155464759959142,1210539534.0,1.2987720057615113e-11,0.0,0.3973867255726534,0.43233031401527794,0.3581346938775511,medium
2025-05-31,POSI,0.11997671210782532,0.644898574432232,0.23512471345994274,1.0,-0.09099788377014484,-0.2260568260568261,0.22890994356793884,0.23373847697138286,-0.20503597122302153,164035394.7,7.139841935787109e-11,0.0,0.68634744861013,0.7371391904452576,0.5841023013460703,medium
2025-05-31,RAGR,0.056748434535656415,0.18902149216768135,0.7542300732966621,1.0,-0.14699537750385216,-0.39164835164835166,0.4663355267490049,0.4000755845389623,-0.3482239614689945,580342548.95,3.5643646980716414e-11,0.0,0.8152076693683741,0.49788521872313457,0.8233836734693877,high
2025-05-31,RNFT,0.07513797075985691,0.2790936281390229,0.6457684011011201,1.0,-0.015195071868583154,-0.254816656308266,0.3345792932256114,0.3776887018266139,-0.26195153896529133,534276783.275,3.2650692251671566e-11,0.0,1.358965988435191,0.8624953626437173,0.7688893617021275,high
2025-05-31,ROSN,0.27805028501398127,0.6041874393030559,0.11776227568296299,1.0,-0.035030412255012244,-0.16622871046228704,0.2359841252715923,0.21458611757647805,-0.17665207006369432,1578912968.15,8.393378754338885e-12,0.0,0.8712832899229125,0.836507740992513,0.39260825010855405,medium
2025-05-31,RTKM,0.11477691668053457,0.5646543856328189,0.3205686976866465,1.0,0.020083828152287708,-0.17894292943491708,0.31225601511059026,0.25224673300986655,-0.22685998828353837,427116381.8,3.4902642356277744e-11,0.0,0.9674391612765942,0.7844627818700056,0.6283882761615284,medium
2025-05-31,RUAL,0.10108975807309148,0.4405924606679138,0.45831778125899464,1.0,-0.05901044030867009,-0.23051224944320714,0.2751967521299076,0.25767483187043894,-0.24042472506636325,359723190.20000005,4.448265617663021e-11,0.0,1.0657241239854989,0.8981226255991663,0.688944246634824,high
2025-05-31,SBER,0.8561486991850171,0.106946206840686,0.03690509397429674,1.0,0.021810359093165754,-0.02058814199156178,0.18315518650479137,0.1675530065014995,-0.09594178740864212,7534688359.5,1.1840306758839896e-12,0.0,0.7785268125083199,0.9234725986491952,0.1069881893182805,low
2025-05-31,SGZH,0.10998138491663502,0.5145910572404413,0.37542755784292364,1.0,0.1195876288659794,-0.08994413407821233,0.3256231599377065,0.28520206164408873,-0.1912023460410558,191591075.3,9.404161785493122e-11,0.0,1.1369184085481092,0.7790618518794171,0.6534693009118541,medium
2025-05-31,SIBN,0.2319985218789504,0.6479001825716362,0.12010129554941326,1.0,-0.029977011494252803,-0.13333881038448891,0.21384213295522697,0.18129051344805064,-0.14627214978268144,302356427.375,4.9701453138081646e-11,0.0,0.7434174447285358,0.8038875262424526,0.4177005644811117,medium
2025-05-31,SMLT,0.10481479248970521,0.46959745525876034,0.42558775225153445,1.0,0.017789072426937835,-0.13060781476121563,0.3799907768819402,0.39352648873381224,-0.24433534743202412,1697612856.0,1.413784647791829e-11,0.0,1.6211472115932275,0.9141462576342688,0.675159531046461,medium
2025-05-31,SNGS,0.20118232237409442,0.6778013246011787,0.1210163530247269,1.0,-0.0398692810457516,-0.16534090909090904,0.21089840178719785,0.22297825382195524,-0.17934990439770548,510447737.0,2.316036593294142e-11,0.0,0.9721107752111297,0.9209786178146541,0.43646426400347366,medium
2025-05-31,SPBE,0.09307958935101418,0.3846209871231762,0.5222994235258097,1.0,0.01902063941724008,-0.17442622950819664,0.6714647615577932,0.570044360107289,-0.22046374677953617,2230623261.75,1.603897267075034e-11,0.0,2.0862636291304972,0.7878911678990195,0.7155982631350413,high
2025-05-31,SVCB,0.11837624419935001,0.613920296487641,0.2677034593130091,1.0,0.033454786353096955,-0.1316448650153076,0.3451062185770064,0.2715297811618319,-0.15144372421921026,450712817.5,3.868242939968979e-11,0.0,1.0341077286879838,0.8557838538309568,0.602001476335215,medium
2025-05-31,T,0.20369033989493576,0.675344928135812,0.12096473196925212,1.0,0.04575805184603299,-0.10192264447942434,0.26011280210714943,0.24399566767741812,-0.13316464634576908,647320292.96,2.0781762933339564e-11,0.0,1.0572932917819355,0.916865083976117,0.4348622666087712,medium
2025-05-31,TATN,0.696894870209095,0.23632022220064855,0.0667849075902564,0.95,0.01148105625717566,0.029656683710737708,0.18365319100019,0.18244034209879909,-0.11561954624781845,1129476390.8999999,6.836390331401852e-12,0.05,0.632864069731653,0.6755836639397452,0.20685531914893618,low
2025-05-31,UGLD,0.1204133480794327,0.7455261938945174,0.13406045802605,1.0,-0.013333333333333308,-0.13786407766990283,0.22971881316075424,0.1990816451907264,-0.23228088562819338,394115553.6999999,3.0562845622864956e-11,0.0,0.5527646938412623,0.562657766704716,0.5134200607902736,medium
2025-05-31,VKCO,0.12109601820236618,0.6821070672339783,0.19679691456365553,1.0,0.01830218068535827,-0.08598392170569735,0.33446954362648135,0.2609267957794944,-0.14774330042313133,370764384.29999995,3.3584005272768914e-11,0.0,1.1558918936270755,0.8602451235872642,0.560698567086409,medium
2025-05-31,VTBR,0.30299687594502916,0.5809071465805352,0.11609597747443569,1.0,-0.039693094629155934,0.05341712490180672,0.20939077513462154,0.2881988139566507,-0.22177558286436194,3459804212.05,3.1407129570451275e-12,0.0,1.048226512441087,0.7087647520525058,0.3800868432479375,medium
2025-05-31,WUSH,0.044577792666409516,0.1369598639027887,0.8184623434308018,1.0,-0.06111916497535508,-0.25252758413738985,0.4323140947081643,0.3614933900943282,-0.28952879581151825,108584504.95000002,1.1186844826302806e-10,0.0,1.47890412017198,0.8926278759674138,0.8637739470256187,high
2025-05-31,X5,0.8154460908332268,0.13938033769367425,0.0451735714730988,1.0,0.011633317822242972,-0.06494623655913978,0.16674753711903056,0.13777633250753446,-0.09692132269099207,1163463328.5,8.083102288555808e-12,0.0,0.5518358491654867,0.8019075239058236,0.1383471124620061,low
2025-05-31,YDEX,0.42691969220941517,0.4684118749771907,0.1046684328133942,1.0,0.042944785276073594,-0.08812260536398464,0.25698390309060515,0.19476373213982903,-0.13762287756925828,1851487057.75,7.1854104601343956e-12,0.0,1.0063495095969779,0.9272942469699864,0.32427520625271383,medium
2025-06-30,AFKS,0.11828425591361118,0.6124093185448294,0.2693064255415595,1.0,-0.023216601815823634,-0.061557632398754,0.23143442454955168,0.29527130026770104,-0.14885312837756692,675624763.4,1.3653794429055949e-11,0.0,1.42938601010046,0.8931043736591701,0.6028448979591837,medium
2025-06-30,AFLT,0.12123318279726897,0.6929152229863401,0.1858515942163908,1.0,0.017487344684767647,-0.08092004988222257,0.23470242542453615,0.21730558981814524,-0.1640176305596367,1100427011.3000002,9.677917119701381e-12,0.0,1.03613313006504,0.7990797142014365,0.5534040816326532,medium
2025-06-30,ALRS,0.12079136555387429,0.7595127054819234,0.11969592896420218,1.0,0.02086882453151606,-0.04937537180249851,0.2159820694134602,0.18167166224910386,-0.14114693956362234,378282934.45,3.0448177312086556e-11,0.0,0.9679106738152241,0.8677112213895349,0.498861224489796,medium
2025-06-30,ASTR,0.2685997694388505,0.613075278504848,0.11832495205630159,1.0,-0.0032853171594642294,-0.045383032796805,0.18460864755158718,0.1282907192190383,-0.10811785929043893,87906661.94999999,8.665037229955006e-11,0.0,0.6390894996231615,0.7048760097753659,0.39752653061224497,medium
2025-06-30,BSPB,0.12016766274278798,0.649557939715856,0.23027439754135606,1.0,0.015948449456302916,-0.043019726858877116,0.2429963512868803,0.2108743684279126,-0.14746767765140467,191317058.55,4.3215875952990064e-11,0.0,0.4959565462769539,0.4884726192957604,0.5812979591836734,medium
2025-06-30,CBOM,0.0873720821028673,0.34860770427716964,0.5640202136199631,1.0,0.05203761755485892,-0.15487282800302193,0.1773220609324476,0.31132040604217365,-0.2533808704204573,82338438.9,1.1302271589664242e-10,0.0,0.7733124697463374,0.4858688727225799,0.7331142857142856,high
2025-06-30,CHMF,0.12115602512740666,0.7193533246418016,0.1594906502307918,1.0,0.028649386084583783,-0.014747059921598082,0.2726893572596826,0.19893277258835104,-0.14399277326106596,677255420.7,1.7263830049490973e-11,0.0,1.1500714664745808,0.8699185467177108,0.5343632653061224,medium
2025-06-30,CNRU,0.15963949315857226,0.7192022380902674,0.12115826875116038,1.0,0.049059387679822875,0.07118644067796609,0.21216597804132695,0.18666920780612092,-0.09424460431654669,35466675.4,3.706218455757651e-10,0.0,0.2989602007265992,0.2726012323887576,0.4655224489795919,medium
2025-06-30,ENPG,0.05552853679680096,0.1835503289071601,0.7609211342960389,1.0,0.08357968288094586,-0.06558516801853997,0.35270834862935097,0.2630817566748254,-0.2285936113575865,176796811.775,9.738913973900613e-11,0.0,1.566349459933207,0.8277248613924287,0.827204081632653,high
2025-06-30,FEES,0.21292470318044743,0.6663371274735556,0.12073816934599714,1.0,-0.02026431718061661,-0.04685714285714293,0.1629082955628103,0.147709980052682,-0.11840659340659343,83359941.7,9.473209966150559e-11,0.0,0.7817317071864304,0.8321363391823625,0.4290857142857143,medium
2025-06-30,FLOT,0.08634427520114529,0.34239566877372946,0.5712600560251253,1.0,-0.010996119016817518,-0.12267615331650217,0.23102265618208404,0.23719044883322965,-0.21801049362886815,166999550.85,7.865273092571983e-11,0.0,1.2967541071541666,0.855640849731742,0.7361877551020406,high
2025-06-30,GAZP,0.12075075135364463,0.7365532805032632,0.1426959681430921,1.0,0.029484029484029284,-0.09979901587081574,0.19077918936411167,0.26661378471590996,-0.20114493884985685,5126393958.799999,1.8095146729284117e-12,0.0,1.2307497970093597,0.8855429904454664,0.5208734693877551,medium
2025-06-30,GMKN,0.12063452024111203,0.739928260275827,0.13943721948306081,1.0,0.025258112094395324,-0.023014757554462473,0.27201626460140965,0.19218659361423188,-0.16270505523937062,1420028061.1,9.621848595953835e-12,0.0,1.1310247680478218,0.8176498077242421,0.5181061224489796,medium
2025-06-30,HEAD,0.26823524728377873,0.613418896471547,0.11834585624467432,1.0,0.01062832135042191,0.03389830508474567,0.25280423072957325,0.16568581597873905,-0.09035779260157673,359059510.5,3.365770260743674e-11,0.0,0.8145347024790497,0.6998089753151407,0.3977183673469388,medium
2025-06-30,HYDR,0.13843577785138228,0.7409680749801989,0.12059614716841865,1.0,0.01891252955082745,0.028416485900216948,0.26653541476082226,0.14974339053445013,-0.10239117106069906,87508509.7,1.277588711078806e-10,0.0,0.9317418722804387,0.7906750723512261,0.48275510204081634,medium
2025-06-30,IRAO,0.08241886734516789,0.3193448413225291,0.598236291332303,0.95,-0.1017250821467689,-0.07500352460172,0.3900691836766292,0.31209550588462565,-0.15703483661895756,439999586.07500005,1.547950050179281e-11,0.05,0.6154486335169955,0.5487233558905238,0.7477714285714285,high
2025-06-30,LKOH,0.5102628863250105,0.3950804130805853,0.09465670059440434,1.0,-0.0086444007858546,-0.056257948679584,0.20304076499993856,0.16968477338387009,-0.10710153312120341,3696594780.75,2.477750272422169e-12,0.0,0.6163151525191173,0.615733952118989,0.2894163265306123,low
2025-06-30,MAGN,0.12127556699813845,0.702041065404379,0.17668336759748252,1.0,0.08313614134721559,0.00014566642388924578,0.29211845630860317,0.16756326768678936,-0.16185874662498234,538346866.95,2.66072929730714e-11,0.0,1.0565267192634338,0.7962754517510954,0.5470367346938776,medium
2025-06-30,MGNT,0.12117882195326439,0.6877311108260464,0.19109006722068916,1.0,-0.06715459681561375,-0.20774263904034895,0.1592058481772402,0.2390555328946735,-0.25139078408733073,812186423.0,1.0618831328658285e-11,0.0,0.8256240422962103,0.7418255465670711,0.556934693877551,medium
2025-06-30,MOEX,0.6221398350642846,0.2990448176955854,0.07881534724013001,1.0,0.04985091803107178,-0.04232476022331444,0.1555482979889311,0.1289196929160663,-0.11143159311604656,762467191.45,1.0124310261443903e-11,0.0,0.7018231002954778,0.8268232799747423,0.24174285714285712,low
2025-06-30,MTLR,0.10046342546720419,0.4359308071165522,0.4636057674162436,1.0,-0.02204545454545448,-0.10892524332159859,0.28991966554385545,0.2316243692484284,-0.17265894779605928,574123519.65,2.0896213591475037e-11,0.0,1.3136513158155112,0.8822227231006255,0.6911551020408162,high
2025-06-30,MTSS,0.7786672414880238,0.1690916602688568,0.052241098243119274,1.0,0.048017621145374445,0.09960711809567835,0.1437916896522539,0.13722008634917468,-0.05339695523744603,591457869.5,6.162291490095538e-12,0.0,0.7947434118277277,0.8281437636899918,0.16228571428571428,low
2025-06-30,NLMK,0.11972041696456284,0.7591039751314907,0.12117560790394642,1.0,-0.04032669729453808,-0.1541691661667668,0.17492906359117763,0.18467858485942223,-0.2054914561121659,848226495.6,1.0173920394366357e-11,0.0,1.04559223272716,0.9020192589968586,0.5015102040816327,medium
2025-06-30,NVTK,0.10604070181899634,0.47969649991635704,0.4142627982646467,1.0,0.019695280564845596,-0.12121697357886319,0.3115106314811998,0.24950752604390672,-0.23216187433439828,2303715354.0,7.446429988056244e-12,0.0,1.6137282181932509,0.8993969715997888,0.670334693877551,medium
2025-06-30,OZON,0.1537312118092527,0.7252170618699924,0.12105172632075507,0.75,0.029186664937086437,0.06682802205190264,0.21987629072643577,0.20788078478959124,-0.08782620214597958,266705265.5,3.3103421615390256e-11,0.25,0.7413892930351771,0.6828600335129698,0.47012653061224496,medium
2025-06-30,PHOR,0.24299798122827435,0.6373626799878411,0.11963933878388452,0.95,-0.019550038789759472,-0.0045683679899181096,0.19473279036758773,0.14925026215351925,-0.09435087196303471,270469744.5,3.585704069082017e-11,0.05,0.6740566943890072,0.6320829092967868,0.4114285714285714,medium
2025-06-30,PIKK,0.12095484255581701,0.6748970299842229,0.20414812745996,1.0,0.10033076074972413,0.18668252080856118,0.4140213481920373,0.30508052315064266,-0.14341085271317833,2069369043.75,7.179966147135899e-12,0.0,1.780734928736498,0.7986951844809029,0.5654285714285715,medium
2025-06-30,PLZL,0.5120669125730789,0.39351074210118486,0.09442234532573629,1.0,0.04041676207923062,-0.045884082318353614,0.16980490695771006,0.17349945287889987,-0.11158983196897887,1012947684.4000001,9.031813217721543e-12,0.0,0.6877603652780868,0.567089775044252,0.28866530612244895,low
2025-06-30,POSI,0.11484138593332915,0.5654150633447964,0.3197435507218745,1.0,0.0663914688682492,-0.05760753913968686,0.29384473384626464,0.14829324763377905,-0.16328089201160845,224170298.5,4.3581653278134205e-11,0.0,0.8534435010826372,0.7597315308080795,0.6279959183673469,medium
2025-06-30,RAGR,0.065498039106942,0.23001832517072962,0.7044836357223284,1.0,0.033092993159548945,-0.16609461274436654,0.31871444154508966,0.26438664416968594,-0.24561655648174763,232370433.37,2.520962444774814e-11,0.0,1.1923666503931256,0.7648302334453111,0.7969306122448981,high
2025-06-30,RNFT,0.12127583395999247,0.7034882992216912,0.1752358668183163,1.0,0.03922378199834853,-0.05090497737556565,0.4416874596282467,0.1763710264512989,-0.13185574755822693,977181046.1999999,1.2901508233412762e-11,0.0,1.1663626975307582,0.7172274292104577,0.5460081632653061,medium
2025-06-30,ROSN,0.12083308106575123,0.7339094149301459,0.1452575040041029,1.0,0.02824596071137986,-0.058735901255586254,0.38098059717941124,0.1810165630267987,-0.14530714062987227,2726280158.675,5.316439631557671e-12,0.0,1.0786089978356213,0.7740061971902809,0.5230122448979592,medium
2025-06-30,RTKM,0.11987874605714523,0.6426283071624181,0.23749294678043667,1.0,0.01452826886049352,-0.04890055792582859,0.2576548135559846,0.18211090186672543,-0.1444084278768234,230067305.0,3.5251711546116964e-11,0.0,1.0978572511437394,0.8200255717837951,0.5854571428571429,medium
2025-06-30,RUAL,0.12017409485813084,0.7507434114490668,0.12908249369280247,1.0,0.002418574653337613,-0.08721186316253116,0.17869550718495578,0.1705997314076015,-0.16496432069399747,306368604.0,2.070617365749129e-11,0.0,1.0394772690691592,0.8862282768720212,0.5089387755102041,medium
2025-06-30,SBER,0.8713954756535515,0.09493552361995607,0.03366900072649254,1.0,0.004767201652629893,0.01931261284498298,0.08793056362210615,0.11591954815011202,-0.07398327990445663,5956982145.45,9.990502660678885e-13,0.0,0.669457670851634,0.8767913235996222,0.09331020408163265,low
2025-06-30,SGZH,0.11788036738605989,0.6059990617135035,0.2761205709004367,1.0,-0.01681759379042691,0.005291005291005346,0.26829772278078695,0.21840628570672968,-0.1208791208791209,107171748.44999999,9.0198545894414e-11,0.0,1.075597214786371,0.7765876061164952,0.6063959183673469,medium
2025-06-30,SIBN,0.12123753685109004,0.7123199980300241,0.16644246511888589,1.0,0.004444032959911359,-0.04346676071239641,0.26719841042508113,0.1793363682117651,-0.12318653961713466,285399532.8,4.324330967364616e-11,0.0,0.9152356740036174,0.8089927447650579,0.5396122448979592,medium
2025-06-30,SMLT,0.11198568732554226,0.5342004117171506,0.35381390095730714,1.0,0.010730499380932734,-0.04596805609661081,0.3651707714299326,0.2651952425913617,-0.15588464536243185,1525832499.0,1.4121028176491344e-11,0.0,1.6405433106067115,0.8879976536049585,0.6437999999999999,medium
2025-06-30,SNGS,0.21404072449430023,0.6652522541597224,0.12070702134597741,1.0,0.025408348457350405,-0.05498641020280148,0.22893999674490606,0.16501883338692624,-0.11746490503715934,509681953.5,2.3264221182022363e-11,0.0,0.8685999226833041,0.8231070628786749,0.4284,medium
2025-06-30,SPBE,0.05165003071079492,0.1665356095137294,0.7818143597754756,1.0,-0.041952054794520466,-0.2072263549415515,0.45832013599673516,0.39630890172034705,-0.29066478076379076,629382776.3,1.960615216814778e-11,0.0,1.8444477287852512,0.773256818093331,0.8396408163265308,high
2025-06-30,SVCB,0.13973262551187068,0.7396217760394519,0.12064559844867725,1.0,0.047770700636942776,-0.00634249471458781,0.18733889255389694,0.20664876361292245,-0.1428571428571429,368475275.75,2.7217680486575756e-11,0.0,1.1059223095001645,0.8377883828939531,0.4816408163265306,medium
2025-06-30,T,0.42157310240790385,0.473173715416462,0.10525318217563408,1.0,0.012768067435229957,0.01743462017434627,0.12382097491695886,0.18201550477638914,-0.11376488990494527,493273547.68,1.480628536486722e-11,0.0,0.9401584905569297,0.8629019433686492,0.3265469387755102,medium
2025-06-30,TATN,0.12845465504896383,0.7514038899036849,0.12014145504735134,1.0,0.04052795031055911,-0.029543808834178065,0.27494337439045535,0.2119208149268323,-0.1413013509787704,1121885587.6,1.3354022576230545e-11,0.0,0.5099958635848142,0.4330935893612747,0.49163673469387753,medium
2025-06-30,UGLD,0.1212759032319419,0.7032934741366726,0.17543062263138548,1.0,-0.007986484410996697,-0.06009895227008144,0.19082301359971732,0.1746769989654073,-0.14850334205172921,229529144.39999998,4.680125740501612e-11,0.0,0.9216827725569021,0.8643116878602044,0.5461469387755102,medium
2025-06-30,VKCO,0.11491408923832482,0.5662766605083934,0.31880925025328166,1.0,0.015228426395939021,0.02639296187683282,0.37295630834252674,0.22846590552903986,-0.14774330042313133,744721958.45,2.7367773745978368e-11,0.0,1.3361784600806814,0.7950626599643539,0.6275510204081631,medium
2025-06-30,VTBR,0.6774896474362107,0.2524905605198685,0.07001979204392085,1.0,0.13277167537591983,0.2420486435921423,0.2642646066482773,0.14296655515469547,-0.07851985559566788,4929989909.45,1.8653639293513827e-12,0.0,0.5580344817275419,0.38743045704413087,0.21629795918367348,low
2025-06-30,WUSH,0.07450049230606207,0.27570859948707654,0.6497909082068614,1.0,-0.07555430816727482,-0.12141904507868762,0.2901272618572212,0.33001017590732423,-0.2079486363153985,397852736.29999995,2.404934628881991e-11,0.0,1.6699924297626718,0.7796456334465907,0.7707306122448978,high
2025-06-30,X5,0.8414108023058386,0.11863111268363223,0.03995808501052897,1.0,0.04172832198875409,0.03834808259587019,0.1301955578588911,0.10079254074802134,-0.08040638606676342,1488349698.0,4.6993417970073424e-12,0.0,0.47299889138985457,0.697331848729022,0.1190938775510204,low
2025-06-30,YDEX,0.4854221825229685,0.4167677848396198,0.09781003263741168,1.0,-0.006437768240343367,-0.02935010482180289,0.17952735645920664,0.17491203666689342,-0.11700789202790807,2127452580.25,5.5544642207897256e-12,0.0,1.0319378932560346,0.8991004105004052,0.29975102040816326,low
2025-07-31,AFKS,0.11824823705463237,0.6118231446924977,0.26992861825287,1.0,0.04155387114239306,0.009776261400170627,0.2965013394716646,0.2717383904073702,-0.14885312837756692,988631762.1499999,1.1232324438324312e-11,0.0,1.3459686250470355,0.840540456216355,0.6031714285714286,medium
2025-07-31,AFLT,0.11698795462818906,0.5928953550405076,0.29011669033130333,1.0,-0.037011999323981803,-0.14005433142167234,0.29522511906926047,0.19085761382935135,-0.1751057930833212,1050862978.35,1.2203776438055264e-11,0.0,0.7973372024030168,0.5855767146582274,0.6135265306122449,medium
2025-07-31,ALRS,0.1469497006223605,0.7321670680306835,0.12088323134695582,1.0,0.04472843450479225,-0.002397036391370677,0.2522112624468132,0.14399243297666325,-0.09761120263591438,358893970.5,2.982437811893605e-11,0.0,0.9798297368495503,0.8064156149167961,0.4755918367346939,medium
2025-07-31,ASTR,0.12072980712882758,0.7371893990844341,0.1420807937867384,1.0,0.10124864277958734,0.03613842421146729,0.2905157062801338,0.14388069024424519,-0.09639440765268581,137603822.75,6.75029452607572e-11,0.0,0.7764000208110435,0.6325349178954653,0.5203551020408164,medium
2025-07-31,BSPB,0.4782162736454038,0.4230850783068076,0.09869864804778854,1.0,0.04773558590563409,0.061195660865161594,0.10145885758675399,0.10370038847268823,-0.07423534689784395,178429567.89999998,3.314563285341649e-11,0.0,0.38542439936987766,0.44191487261775775,0.3027510204081632,low
2025-07-31,CBOM,0.12022745926736421,0.7601129762157892,0.11965956451684644,1.0,0.11154895422855415,0.16802038541168973,0.30985953951252987,0.13443874003429052,-0.07171717171717173,36543980.599999994,3.0002534754568555e-10,0.0,0.6712963392926379,0.5255134510240076,0.4994081632653061,medium
2025-07-31,CHMF,0.3343908157903524,0.5519476877594057,0.11366149645024187,1.0,0.014843432289548542,0.012578616352201255,0.20698783128674128,0.14456311752960307,-0.07469426152398873,567347545.2,1.6677274977692527e-11,0.0,1.0719789076014834,0.8038710947245091,0.36511428571428567,medium
2025-07-31,CNRU,0.11998991630236869,0.7543378627666734,0.1256722209309579,1.0,0.028959599570969052,0.06711160548757888,0.2925047112534866,0.16841726522541434,-0.0694954894754427,58106786.0,2.555140558417104e-10,0.0,0.4993404076176481,0.3874052866874155,0.5057836734693877,medium
2025-07-31,ENPG,0.10691668201014765,0.4871103431183636,0.4059729748714887,1.0,0.1331834413437376,0.18999999999999995,0.37896510775622627,0.25520916230553947,-0.08266230498238547,233999883.02499998,1.0584268307583075e-10,0.0,1.6230680343764556,0.7848438640149386,0.6667795918367346,medium
2025-07-31,FEES,0.24090281474296546,0.6393648274836125,0.11973235777342216,1.0,0.045368020304568546,0.01322263222632225,0.1373203327741936,0.12611331693181194,-0.08814149028703977,102727706.30000001,7.971081259567463e-11,0.0,0.7339096484225176,0.7869531232293159,0.41260816326530614,medium
2025-07-31,FLOT,0.12748904570296243,0.7524208068171013,0.12009014747993622,1.0,0.05850785340314135,0.07439883087551502,0.31447599894327893,0.14622151824889335,-0.06628787878787878,287933331.25,4.391621622618715e-11,0.0,0.9997656027530859,0.7404905713863068,0.4925265306122449,medium
2025-07-31,GAZP,0.20213010158220693,0.6768725416849874,0.12099735673280557,1.0,0.05445629731589818,-0.052928450007726724,0.28612992744868104,0.15389583378636176,-0.12112505670648721,4702845481.2,2.425549640787635e-12,0.0,1.107521043726507,0.8870879863580092,0.43585714285714283,medium
2025-07-31,GMKN,0.13730399152889564,0.7421447631431993,0.12055124532790507,1.0,0.1907389162561577,0.15280427317817624,0.4179458734895776,0.18168088208194877,-0.09391180146402422,3356297272.0,6.6080866541742265e-12,0.0,1.2292405597196752,0.7166605985208141,0.48373469387755097,medium
2025-07-31,HEAD,0.12082733320042749,0.7341021900367207,0.14507047676285184,1.0,0.05417956656346745,0.12117220941718809,0.2999016416008167,0.17002091187107005,-0.07550077041602465,335142762.0,5.5485895815066264e-11,0.0,0.9278921756147881,0.676635823487404,0.5228571428571428,medium
2025-07-31,HYDR,0.30562197298007937,0.5784717846475032,0.11590624237241738,1.0,0.0011486331265793126,-0.033274179236912116,0.0900433206812282,0.12201311864681344,-0.08396464646464641,92032424.4,4.9163614227944126e-11,0.0,0.6428934880617493,0.6382517256059518,0.37880408163265306,medium
2025-07-31,IRAO,0.12104746351953485,0.6793952996631211,0.1995572368173441,1.0,0.010122448979591914,-0.12178850248403117,0.12579441942713757,0.2799504933291503,-0.17445314609775853,359985251.5,1.3981355795099169e-11,0.0,0.6940207749136276,0.5462693619455583,0.5624897959183673,medium
2025-07-31,LKOH,0.23722101017849678,0.6428888391501945,0.11989015067130872,1.0,0.0321568627450981,-0.11353940573310384,0.1923759539498858,0.16167342298033485,-0.16044776119402981,2881004348.25,3.636194792326233e-12,0.0,0.6593167313004901,0.6013348901765213,0.4146979591836735,medium
2025-07-31,MAGN,0.1873421626631008,0.691437958193125,0.12121987914377429,1.0,0.04912280701754379,0.082441994405134,0.2876835781593244,0.15619941474909801,-0.08680454413049798,590979217.5,1.793854794724525e-11,0.0,1.161639281114552,0.7659411678945556,0.4455836734693877,medium
2025-07-31,MGNT,0.28603659622882843,0.5967068080259195,0.11725659574525216,1.0,0.03843888070692203,-0.06111850865512647,0.163366293218882,0.12235341659279024,-0.1400709219858156,706017291.75,1.6035345507187717e-11,0.0,0.7136840097375806,0.771950762200914,0.38853061224489793,medium
2025-07-31,MOEX,0.12023157980177934,0.7495528716285903,0.1302155485696303,1.0,0.029959227087396068,-0.058550286269849705,0.16423792220349995,0.3081312752273418,-0.15889662027833007,903248264.85,1.0743936848552853e-11,0.0,0.660852429963285,0.4784658742448314,0.5099714285714285,medium
2025-07-31,MTLR,0.11777787480435324,0.6044252367665099,0.27779688842913686,1.0,0.020705429156133492,0.02267518996502238,0.391622131059071,0.20939893955498912,-0.11224934612031401,733929453.6999999,1.4672871896335118e-11,0.0,1.5169787875660643,0.8358996666199772,0.6072612244897959,medium
2025-07-31,MTSS,0.11927393652145542,0.6299466164933917,0.25077944698515303,1.0,0.08313968499870894,-0.01985981308411211,0.18847940649717546,0.3408288027980732,-0.1933585540142917,610975385.0,2.2220052608711785e-11,0.0,0.9371085953389986,0.5927435136364319,0.5928938775510203,medium
2025-07-31,NLMK,0.19528610118940312,0.6835936267089945,0.1211202721016024,1.0,0.044095382286146734,-0.04830084526479206,0.23473795522205385,0.13927576723927543,-0.12079866888519131,613626697.6,1.7030738446212227e-11,0.0,1.0027291973486783,0.8673618512560689,0.44028979591836737,medium
2025-07-31,NVTK,0.11990210317274334,0.7559487343095637,0.12414916251769295,1.0,0.022997780915876564,-0.05935818957521799,0.27724437861290224,0.17250338266673268,-0.12720848056537104,1960143402.8000002,6.776952671454335e-12,0.0,1.346045918470442,0.8627343775143896,0.5043510204081632,medium
2025-07-31,OZON,0.12007034515498556,0.7528066281523178,0.1271230266926967,0.7,0.0991844251512759,0.1362523796573294,0.28996298288557204,0.18308587631659484,-0.08599999999999997,605031726.25,2.3232810648412058e-11,0.3,0.8209098152481155,0.6541837249231366,0.507134693877551,medium
2025-07-31,PHOR,0.20041848452223385,0.6785503087218079,0.12103120675595834,1.0,0.10046367851622873,0.018274273001747998,0.22322876228849614,0.14316360391830688,-0.11396835057821064,318025853.0,3.093231374488332e-11,0.0,0.662475721533158,0.6105103060374453,0.43695510204081633,medium
2025-07-31,PIKK,0.12627974882801798,0.7536962765415259,0.12002397463045593,1.0,-0.0009721322099806029,0.18463016330451487,0.30857555604735365,0.2696117332724021,-0.10971524288107204,2110617638.5,6.708057568429631e-12,0.0,1.6453865666076042,0.7528047149863851,0.49364897959183673,medium
2025-07-31,PLZL,0.3914257612677067,0.5001653422213311,0.10840889651096226,1.0,0.09899441340782134,0.17039504997620192,0.2611388021142401,0.18562580888149877,-0.06708595387840666,1379561848.0,1.2050522355480087e-11,0.0,0.8937579460037018,0.6552819412666494,0.33951428571428577,medium
2025-07-31,POSI,0.23575764737343255,0.6442915224245941,0.1199508302019734,1.0,0.04704463208685161,0.25162220620043274,0.324731760804875,0.12515898245237142,-0.0698970116495019,523036394.0,2.392435721147713e-11,0.0,1.044258933224899,0.670155433891115,0.41553469387755104,medium
2025-07-31,RAGR,0.12061054645455088,0.6620561716754757,0.2173332818699734,1.0,0.06941608819926515,-0.040659340659340626,0.2622060883699739,0.16768796393474433,-0.13506815365551428,283859482.09,3.037841817189035e-11,0.0,0.8591549859848202,0.6038292961788293,0.5736081632653061,medium
2025-07-31,RNFT,0.12121156179964228,0.6906008068367201,0.18818763136363756,1.0,0.02516268980477232,-0.012536564981195153,0.3085338834964529,0.12975417910709486,-0.16430700447093882,611534469.15,1.9271244232399814e-11,0.0,1.1174814640262893,0.6510316758406276,0.5549877551020407,medium
2025-07-31,ROSN,0.2725594038746378,0.6093465774072115,0.11809401871815076,1.0,0.043256681168427624,-0.012472055535945437,0.22490430942497505,0.14475583837299547,-0.12095716783216792,1183999755.8,7.340380815239551e-12,0.0,0.9849826495820176,0.6591882898689191,0.39545306122448975,medium
2025-07-31,RTKM,0.11622416533876488,0.5825735712284236,0.30120226343281165,1.0,0.07469167969428514,0.12042738138355658,0.29861198561614616,0.20348300009533885,-0.11801966994499091,327204141.0,4.821577980813545e-11,0.0,1.2712586303604827,0.8190340602039521,0.6190326530612246,medium
2025-07-31,RUAL,0.11793672266253592,0.6068730710728543,0.27519020626460977,1.0,0.12080778939776415,0.005174644243208126,0.30895399652777455,0.17973186358119303,-0.13640610401744002,566163502.8,2.1928649542669344e-11,0.0,1.0793946782564008,0.799140957716352,0.6059142857142857,medium
2025-07-31,SBER,0.48842374582704734,0.4141398707616445,0.0974363834113081,1.0,-0.015909384277784988,-0.005543779553236594,0.24633608575709698,0.17189783774867617,-0.07261886561687814,9012321286.55,6.164560530519573e-13,0.0,0.3897104351391206,0.4330343429006177,0.29850204081632653,low
2025-07-31,SGZH,0.060828997694423265,0.2077501173907277,0.7314208849148489,1.0,0.08167770419426046,-0.05405405405405406,0.3657861475636718,0.2197193487543827,-0.17032967032967028,147656110.14999998,7.953784085686602e-11,0.0,1.311898217001948,0.7851396354627506,0.8108653061224489,high
2025-07-31,SIBN,0.23552977812849457,0.6445100482932089,0.11996017357829648,1.0,0.021734735139506745,-0.02975904771047322,0.13233315583082417,0.1369274430775429,-0.11099128246607348,238153037.75,2.8373389753261038e-11,0.0,0.7303493051010643,0.6834742927139099,0.41566530612244895,medium
2025-07-31,SMLT,0.1166950881313474,0.5888530686887359,0.29445184317991674,1.0,0.02480752780153983,0.016115351993214677,0.39538146006316116,0.2400271834248058,-0.14749608763693267,3101691833.75,6.77453103580817e-12,0.0,1.671942509457553,0.8519821875009237,0.6156938775510206,medium
2025-07-31,SNGS,0.1470640826062191,0.7320494158830244,0.12088650151075644,1.0,0.02594995366079722,0.01489800595920232,0.26549226681697574,0.19209671114924623,-0.06701253782965844,310726584.0,2.735845371681656e-11,0.0,0.9186565750245193,0.735757058805724,0.47549795918367344,medium
2025-07-31,SPBE,0.06087489167710994,0.20796457251455816,0.7311605358083318,1.0,0.0351999999999999,-0.1985962014863749,0.5895893554153424,0.24294319865084193,-0.2787926926131852,647707210.5999999,2.6926234477520774e-11,0.0,1.6896590187184437,0.7111376386254132,0.8107265306122449,high
2025-07-31,SVCB,0.12100740811770634,0.7272573030005577,0.1517352888817361,1.0,0.11645403990840708,0.11864962307440186,0.3335505760225998,0.1939354141337776,-0.0714285714285714,626820306.0,2.3707182214739877e-11,0.0,1.1530061434971435,0.7999091145248867,0.5282857142857144,medium
2025-07-31,T,0.4581778941144622,0.44071586949281377,0.10110623639272402,1.0,0.011925370263512036,-0.005732644576036394,0.24395296663126265,0.12351085628816358,-0.0642644431209054,634452669.34,1.9715882215694226e-11,0.0,0.8511728263485675,0.8649022954542948,0.3111142857142857,low
2025-07-31,TATN,0.13904731947370638,0.7403329499340927,0.12061973059220109,1.0,0.06396974181877968,-0.059319569642337866,0.19714621169871085,0.20718436781649474,-0.1372020431328036,800282950.9,1.0008072635348187e-11,0.0,0.5701543502903971,0.4160543461142206,0.48222857142857145,medium
2025-07-31,UGLD,0.03647905388497365,0.10534280716900345,0.8581781389460228,0.9,,-0.07821960399279981,0.36806253600674343,0.6438655805661286,-0.29184613099658396,266736246.15,4.127023160616783e-11,0.1,1.021324096652236,0.40273032156328126,0.8947591836734694,high
2025-07-31,VKCO,0.36869278900517777,0.5206861289748561,0.11062108201996616,1.0,0.0065257924176505,0.2598210812913262,0.24852728706015295,0.1797754605707931,-0.1102528089887641,1981379573.0,6.505671040948046e-12,0.0,0.9072067233605465,0.5053426782232803,0.3495183673469388,medium
2025-07-31,VTBR,0.0995932621541653,0.4295452823748391,0.47086145547099567,1.0,0.06841599120758324,-0.17415312732292665,0.3237169467410794,0.6191086866916691,-0.322757722366952,5647047068.0,1.90801897976643e-12,0.0,1.4565931982358848,0.5474064508345504,0.6941836734693876,high
2025-07-31,WUSH,0.051819958988055935,0.16726911042830683,0.7809109305836371,1.0,-0.015224416517055639,-0.1397653848566589,0.35803681858822073,0.31068117356438807,-0.28689547581903285,445033776.32,3.3631610304428654e-11,0.0,1.7805674204382265,0.7546734689472857,0.8390857142857143,high
2025-07-31,X5,0.12127574562607832,0.7036600906414245,0.17506416373249714,1.0,0.023970170454545414,-0.10269176909911315,0.1916225509575318,0.49713582138416307,-0.20142045454545454,1572546743.25,6.8451944809852204e-12,0.0,0.5640887144429945,0.2970255578768411,0.5458857142857143,medium
2025-07-31,YDEX,0.5259820075241479,0.38142722300860377,0.09259076946724833,1.0,0.04708239418983218,0.015545299975710414,0.24028211318024428,0.15187673104325813,-0.07076132648295186,2562976186.25,4.9630516411624424e-12,0.0,0.9592823872788302,0.8488165668476234,0.2828653061224489,low
2025-08-31,AFKS,0.18074716622602272,0.6979875206432686,0.12126531313070857,1.0,-0.00965600482800244,0.12582327113062575,0.19811345259402102,0.1723929681077078,-0.08769507803121246,786899798.9,1.356344449484954e-11,0.0,1.1159779087737076,0.8191750521005637,0.45011020408163266,medium
2025-08-31,AFLT,0.11467371200897777,0.5634430811933038,0.32188320679771837,1.0,-0.048404336539929704,-0.06059692493216762,0.2801959156861063,0.20163170799532068,-0.1485163428227143,2193361638.7,5.922698647112753e-12,0.0,1.126097092281549,0.6952413113265327,0.629012244897959,medium
2025-08-31,ALRS,0.11976826475132289,0.6401520251581467,0.2400797100905303,1.0,-0.022850020772746227,0.011177987962166736,0.29759336342802417,0.15289551540729557,-0.08594075928243627,507170353.75,2.4633779481501008e-11,0.0,1.0917492841808532,0.7769619298315213,0.586926530612245,medium
2025-08-31,ASTR,0.15665760974013682,0.7222333661492666,0.12110902411059651,1.0,-0.01320987654320993,0.020296145008935396,0.17093804787596453,0.11317312976973465,-0.08506146777598411,153143794.8,5.201963556613122e-11,0.0,0.5826879371291397,0.4912678522106591,0.4678285714285715,medium
2025-08-31,BSPB,0.10663664776553977,0.48472134483729723,0.40864200739716305,1.0,-0.09719132709183798,-0.0260284810126582,0.24598023898687352,0.1935556369863168,-0.12091217855409986,215761555.0,1.776962118928073e-11,0.0,0.160833566413369,0.1724838608950508,0.6679265306122449,medium
2025-08-31,CBOM,0.12118748469270717,0.688437488971983,0.1903750263353098,1.0,-0.004222553402881135,0.21191051995163268,0.2941908595780776,0.13850285925549274,-0.07171717171717173,66418751.300000004,2.986831861249649e-10,0.0,1.0652268154513393,0.6534054169660978,0.5564571428571429,medium
2025-08-31,CHMF,0.1444272463107827,0.7347655033352962,0.1208072503539211,1.0,-0.05810451727192201,0.032427184466019554,0.25224177320217483,0.14684512835671254,-0.07469426152398873,764755721.0999999,1.6608335786355388e-11,0.0,1.070851096510163,0.7715319117905245,0.47767755102040815,medium
2025-08-31,CNRU,0.11169021760558305,0.5312101450165144,0.3570996373779025,1.0,0.024496644295302072,0.09230769230769242,0.3501095978972153,0.16522701673882573,-0.08461770927772738,76792394.9,1.4247564418790623e-10,0.0,0.6533909032135146,0.4166990506872409,0.6452857142857144,medium
2025-08-31,ENPG,0.07850957658494875,0.29735743432524214,0.6241329890898092,1.0,-0.10678367185959381,0.16905407149309593,0.30080244591998273,0.22746717386620244,-0.13130520117762512,197173657.25,7.506295608889705e-11,0.0,1.5800684153888613,0.7913954321943127,0.7591428571428571,high
2025-08-31,FEES,0.1246637557525568,0.755404080438781,0.11993216380866217,1.0,-0.026469031233456897,0.11623672230652504,0.241462426443947,0.14003576248418106,-0.06484912652196928,186319698.4,8.48442518800897e-11,0.0,0.8843013318177559,0.6955972761976864,0.4951632653061225,medium
2025-08-31,FLOT,0.18218262128973503,0.6965589692982519,0.12125840941201299,1.0,0.011605193611398334,0.16887944768985674,0.26570175005746405,0.1305474678806592,-0.061697868833156866,338676316.4,3.4172477259182206e-11,0.0,1.0932129253574976,0.7422303683803643,0.44911428571428574,medium
2025-08-31,GAZP,0.2395248312338223,0.6406829020756125,0.1197922666905652,1.0,-0.025928571428571412,0.06973642924380297,0.22483689904462387,0.156032833800045,-0.10508892139502646,9404901701.349998,1.4329682217433216e-12,0.0,1.3933008569467624,0.898698898222269,0.41338775510204084,medium
2025-08-31,GMKN,0.12153969970928145,0.758716895486488,0.11974340480423057,1.0,-0.020452771272443382,0.126391382405745,0.2663204959841747,0.16863574454445496,-0.09391180146402422,1583079265.1999998,1.0321051312419025e-11,0.0,1.3101974821900728,0.761565154966861,0.4981387755102041,medium
2025-08-31,HEAD,0.43801181637376163,0.45855609220909876,0.10343209141713963,1.0,0.01745987045902564,0.12835727670206132,0.10786254109453926,0.14031139715638513,-0.059659882910510165,317060814.0,1.999121449691715e-11,0.0,0.7889054457497257,0.6568446223298894,0.3195836734693878,medium
2025-08-31,HYDR,0.13448983221640662,0.7450777678296919,0.12043239995390145,1.0,0.023830155979202683,0.01047680136839868,0.20958101668660212,0.10733529667720995,-0.08183927441468042,69492062.6,1.288423379015103e-10,0.0,0.49052027508317314,0.5495124455021214,0.48619999999999997,medium
2025-08-31,IRAO,0.5272726320737885,0.3803086079500958,0.09241875997611579,1.0,-0.030593607305936188,-0.008870214752567773,0.0897750405851948,0.07640324160277522,-0.06812985825331508,364171808.7,1.3626818949176695e-11,0.0,0.5561766441465148,0.779425184274439,0.2823265306122449,low
2025-08-31,LKOH,0.49559614731993273,0.4078685941741283,0.09653525850593911,1.0,0.01712301743864919,0.027582908163265252,0.14882482102993533,0.108687252829573,-0.09036860879904873,2119336793.25,3.655051659424872e-12,0.0,0.8424085854781248,0.8425802993633132,0.2955183673469387,low
2025-08-31,MAGN,0.11995550622528954,0.644400799872865,0.23564369390184547,1.0,-0.09240523404829348,0.01846805933999396,0.24219822929977203,0.166375767820734,-0.09550789154188588,513170924.75,2.0020548032735885e-11,0.0,1.1817896912283137,0.7562785779930734,0.5843999999999999,medium
2025-08-31,MGNT,0.39278617207258776,0.4989420028161822,0.10827182511123007,1.0,-0.040285299167877375,0.0035911602209943716,0.152758713361181,0.10290610812744375,-0.08724290899314424,796392302.5,1.2345095049923717e-11,0.0,0.7348689237098686,0.7738305914644815,0.33892244897959184,medium
2025-08-31,MOEX,0.118888014871159,0.622737359263748,0.2583746258650931,1.0,-0.021200065398659373,-0.09956883585681342,0.146952685107703,0.3080268843758153,-0.15889662027833007,588511403.2,1.2424351464809293e-11,0.0,0.6665524019570974,0.470224071283589,0.5970285714285714,medium
2025-08-31,MTLR,0.09587962844726447,0.40336279451879736,0.5007575770339382,1.0,-0.09465157567687532,-0.0004900159255174508,0.2807629618973652,0.2184400305970441,-0.12704213241616513,452632899.66,1.6152375296751993e-11,0.0,1.3450397695254128,0.7529830014414217,0.7066285714285714,high
2025-08-31,MTSS,0.11470958687677467,0.5638632548122429,0.32142715831098245,1.0,-0.005445881552076148,-0.0725772323317817,0.13840501939185948,0.3454492995697764,-0.1933585540142917,459562163.75,1.619900396797305e-11,0.0,0.8389873089284882,0.5269198661847733,0.6287959183673468,medium
2025-08-31,NLMK,0.11995112270747747,0.6442983531154266,0.23575052417709588,1.0,-0.06852950359038401,0.08254716981132093,0.271336341553972,0.17800153176176653,-0.10096881622767184,685527012.1,1.4700247263161094e-11,0.0,1.3231095947397644,0.8548945391435405,0.5844612244897959,medium
2025-08-31,NVTK,0.1211644876635917,0.7187754675699136,0.16006004476649474,1.0,0.016366612111292866,0.13653001464128844,0.3166451275673562,0.1794529730794623,-0.11071107110711076,6154385701.200001,2.8921722119208934e-12,0.0,1.4887088938589021,0.8490142893706059,0.5348,medium
2025-08-31,OZON,0.33970203782568376,0.5470824302869504,0.1132155318873659,0.7,-0.007120253164557,0.12613767465709524,0.12980760463129773,0.16066811883813045,-0.051291038672742095,335857936.5,1.4533168569210424e-11,0.3,0.7590860243965785,0.6735305068039299,0.3626530612244898,medium
2025-08-31,PHOR,0.46409428959244314,0.43550048291886767,0.10040522748868913,1.0,0.003148254149971441,0.10220125786163514,0.09376577987041679,0.11846423624765606,-0.08414595784837997,371057867.0,1.3889631765905506e-11,0.0,0.5702752926065047,0.567503157441743,0.30864081632653056,low
2025-08-31,PIKK,0.1922494248465881,0.6865866191015245,0.1211639560518874,1.0,0.02066306861989209,0.1727498228206945,0.21578697365901042,0.16461437259476322,-0.09594594594594597,1116362043.6000001,1.3162046604857155e-11,0.0,1.076447791086851,0.672957759810607,0.44229387755102045,medium
2025-08-31,PLZL,0.509556863703252,0.3956949136004285,0.0947482226963194,1.0,0.012995636501612617,0.18906580558957797,0.18326225138737046,0.1641720280568026,-0.06708595387840666,1597958422.0,5.10863074668184e-12,0.0,0.6822251055313877,0.5089790531612688,0.2897102040816326,low
2025-08-31,POSI,0.12027735278952066,0.7485783387326708,0.13114430847780872,1.0,-0.004886461626904204,0.1478779840848805,0.23112122038140445,0.1376314609666794,-0.09257460097154757,242050425.3,4.9575677256567254e-11,0.0,0.9051931909771591,0.5466333591940059,0.5108122448979592,medium
2025-08-31,RAGR,0.12064576204741616,0.6631962240983373,0.2161580138542464,1.0,0.18205439113112765,0.26253469010175756,0.38180123588079895,0.18216570628205017,-0.12562634216177526,1295243712.02,9.417075052843427e-12,0.0,0.7363720517732377,0.43391525809467524,0.5728938775510205,medium
2025-08-31,RNFT,0.11814020085232957,0.610082693429393,0.2717771057182773,1.0,-0.06150870406189557,-0.024919614147909996,0.23199004651572516,0.15108198148443744,-0.10885975367500988,430340580.975,2.8213185088811948e-11,0.0,1.1455212213774364,0.8060953256564446,0.6041387755102041,medium
2025-08-31,ROSN,0.25858665172672074,0.6225365093169677,0.11887683895631164,1.0,0.0031415881269634127,0.05418943533697629,0.24147132258759355,0.12841103526450776,-0.09054940085914542,1625261181.7999997,6.292426357293224e-12,0.0,0.895102554356839,0.7166998351676039,0.40285714285714286,medium
2025-08-31,RTKM,0.12075322216892487,0.6668718885960794,0.2123748892349957,1.0,0.029386712095400336,0.2759106105929967,0.29221079496721464,0.20778144244711463,-0.06894977168949779,367872213.8,3.5627958605415017e-11,0.0,1.1088416145486162,0.6839746106741179,0.5705755102040817,medium
2025-08-31,RUAL,0.10427418339154185,0.4652385753894287,0.4304872412190293,1.0,-0.007518796992481147,0.11284046692607008,0.38160747296100866,0.23335181645635145,-0.10792986971207974,762317324.3500001,1.6039054946067463e-11,0.0,1.43372304840932,0.8142170778154904,0.6772367346938775,medium
2025-08-31,SBER,0.5327334833992222,0.3755795304405753,0.09168698616020249,1.0,-0.021490151658171253,-0.013700802384954414,0.09238113700639335,0.1684472204246201,-0.07261886561687814,4799922515.130001,9.815040206032892e-13,0.0,0.37071023265936176,0.40629620714862763,0.28004489795918375,low
2025-08-31,SGZH,0.08401406204949101,0.32858797107578125,0.5873979668747279,1.0,-0.022602321319486807,0.07238605898123329,0.35516280407825646,0.2226972653668214,-0.10650887573964496,346999646.7,4.054736379712609e-11,0.0,1.5045426293778743,0.8234558376429701,0.7430897959183673,high
2025-08-31,SIBN,0.1475422929866226,0.7315576962818258,0.12090001073155164,1.0,-0.022496773003872317,-0.022676991150442416,0.16585479064420938,0.11647224338346406,-0.08821089501336532,244620641.75,3.2281266750590924e-11,0.0,0.6008284702510357,0.6951556075537425,0.4751061224489796,medium
2025-08-31,SMLT,0.10623682876707824,0.4813414810468851,0.4124216901860365,1.0,-0.03059581320450888,0.029940119760478945,0.3416604483139361,0.26003109016576753,-0.14594001463057793,1484675470.5,6.9368500256892926e-12,0.0,1.4781551393325374,0.7645383528470819,0.6695469387755102,medium
2025-08-31,SNGS,0.18141673896938362,0.6973209579149678,0.12126230311564849,1.0,-0.011891891891891881,0.006607929515418665,0.2091798009624459,0.16058013033143395,-0.06403094112591312,404568670.25,2.338100085376592e-11,0.0,0.7649466624182139,0.6659679722242133,0.4496448979591838,medium
2025-08-31,SPBE,0.10842115237223178,0.5002749745884054,0.3913038730393627,1.0,-0.06969376979936648,0.19054054054054048,0.474495763854746,0.2518694729278498,-0.1885612153708669,2773170754.25,1.237855928779325e-11,0.0,2.6468652738030247,0.8169204993836731,0.6604326530612246,medium
2025-08-31,SVCB,0.12008845164706358,0.647584298919861,0.23232724943307534,1.0,-0.1146775605485848,-0.05688529686042898,0.16766089595178416,0.17745636516676633,-0.13135958608795628,610103751.0,1.6132561148734162e-11,0.0,0.9852161303605269,0.6855193689853745,0.5824897959183674,medium
2025-08-31,T,0.4911708006742929,0.4117365762883499,0.0970926230373572,1.0,0.0021024809274943213,0.02024341018897924,0.14145979696644442,0.10253230297005463,-0.0642644431209054,506043406.48,1.4348277280664198e-11,0.0,0.8533188835676615,0.8335472294593363,0.29735918367346936,low
2025-08-31,TATN,0.2741438790668832,0.6078564723820781,0.11799964855103878,1.0,-0.08846367165834734,-0.01748617545957265,0.14139126823623147,0.1180235622724658,-0.11115685467270486,951066170.2,9.213904679011476e-12,0.0,0.8378415050783604,0.7211884746686554,0.39462857142857144,medium
2025-08-31,UGLD,0.09866502970171005,0.4228443075541494,0.47849066274414054,0.9,-0.06282894736842104,-0.09555555555555562,0.11684733991226959,0.6288233341260029,-0.29184613099658396,188508154.5,2.524431729772824e-11,0.0,0.9640150682644032,0.3670884535118133,0.6973632653061225,high
2025-08-31,VKCO,0.2594586456436711,0.6217107045042382,0.11883064985209071,1.0,-0.005581668625146863,0.2597692593970973,0.2770929633007569,0.1092003106413321,-0.0744264129826524,680951109.0,2.187785880437319e-11,0.0,0.570779548955955,0.36441766381825585,0.40238775510204083,medium
2025-08-31,VTBR,0.11919612767228738,0.6284471282508933,0.25235674407681924,1.0,-0.05508048289738421,-0.29860916643330526,0.14322116687363173,0.5831486506330495,-0.32149515287099173,2517436442.51,3.788874006627195e-12,0.0,1.6214334220557711,0.5941886740233284,0.5937591836734694,medium
2025-08-31,WUSH,0.07415290410940004,0.27387172652279257,0.6519753693678073,1.0,-0.11822898650985825,-0.22275748521251304,0.238217854337077,0.1951056174588497,-0.2288542109417694,240658686.19,4.974241524115823e-11,0.0,1.2860295743500076,0.7972212494464511,0.771734693877551,high
2025-08-31,X5,0.120738263937293,0.7369341681613567,0.14232756790135037,1.0,-0.04630686450350563,-0.16430918702671815,0.08751525160662837,0.4535545290621749,-0.20142045454545454,1255545784.25,4.7906797259416815e-12,0.0,0.6790166535255514,0.3353843101060504,0.5205632653061224,medium
2025-08-31,YDEX,0.4685034761387659,0.43161911511840906,0.09987740874282518,1.0,-0.024744608399545953,0.02947519769949669,0.19753412065545436,0.13261397540539646,-0.06665912177455857,1707742033.75,6.288186670287243e-12,0.0,0.9292452103782984,0.792779262156797,0.3068,low
2025-09-30,AFKS,0.11916231190066644,0.6278031521627597,0.2530345359365739,1.0,-0.18630880579010856,-0.14418929205785336,0.25693379744856126,0.1697920316531639,-0.20813523507659792,925963372.35,2.0173185870544622e-11,0.0,1.1834199334990947,0.8353255029356462,0.5941299319727892,medium
2025-09-30,AFLT,0.11997902147527488,0.6449530030658985,0.2350679754588265,1.0,-0.13855421686746983,-0.07679238871899419,0.23784671712160257,0.19987077075594734,-0.21553341995091657,1298201093.9,1.248908735089798e-11,0.0,1.4583998733609913,0.8671574199855472,0.5840697278911564,medium
2025-09-30,ALRS,0.1586793000555165,0.7201772984117764,0.1211434015327071,1.0,-0.09347963705423079,-0.0566534914361001,0.20959955157574686,0.15858802947326042,-0.1326468806783767,454864994.55,2.4930835182067502e-11,0.0,1.0837006965069094,0.7846845742360831,0.46626122448979584,medium
2025-09-30,ASTR,0.04070526468278929,0.12154277774321942,0.8377519575739913,1.0,-0.20608628659476114,-0.22751124437781112,0.3679189631478045,0.25837804607029613,-0.2707267753062924,144464578.39999998,7.219638609271621e-11,0.0,0.9219453841763071,0.5716926493435674,0.8780455782312924,high
2025-09-30,BSPB,0.1182899754935682,0.6125026782726956,0.26920734623373627,1.0,-0.07743290421121529,-0.15172413793103445,0.2091928943134699,0.2065169451699211,-0.19691897137311987,300035854.95,2.8557764351581598e-11,0.0,-0.013109074248122195,-0.01143853519134114,0.6027928571428572,medium
2025-09-30,CBOM,0.09881666360586637,0.4239314182283238,0.4772519181658098,1.0,-0.08398113928890028,-0.004432132963988922,0.3310870703701362,0.1827335403790687,-0.1606229936987279,54965593.75,2.0887693544181826e-10,0.0,1.2014818237040907,0.6683212745681482,0.6968472789115646,high
2025-09-30,CHMF,0.1729332090257219,0.7057942837924125,0.12127250718186561,1.0,-0.12682836511757078,-0.06835242986961665,0.21725544569905064,0.15500330248810193,-0.1645704162976085,890060337.0,1.777076350642205e-11,0.0,1.0964249768491179,0.7565919504149796,0.4556418367346939,medium
2025-09-30,CNRU,0.12109113529825762,0.6818196738837063,0.19708919081803605,1.0,0.07926829268292668,0.1427115188583079,0.2665946566309541,0.18158751024916142,-0.10154125113327284,115258701.0,1.4930001565454735e-10,0.0,0.5448914122936349,0.30261653393901283,0.5608891156462585,medium
2025-09-30,ENPG,0.06343967546197198,0.2200878702002826,0.7164724543377454,1.0,-0.13193997856377282,-0.038580246913580196,0.32423558588384227,0.2417635512338658,-0.2281648675171737,202937039.89999998,1.0684374815560493e-10,0.0,1.5534416121596857,0.7810150726954362,0.8030312925170068,high
2025-09-30,FEES,0.11298698649003322,0.5446314802763996,0.3423815332335671,1.0,-0.1345327604726101,-0.042483660130719025,0.30026208833606677,0.1713293391787318,-0.1492853361566966,225097752.2,6.655803689699456e-11,0.0,1.2250917613467849,0.7446629685910808,0.6385816326530611,medium
2025-09-30,FLOT,0.12018195836220845,0.7505826496740758,0.1292353919637156,1.0,-0.09475002847056158,-0.036484848484848564,0.23540674324583105,0.14726881471878325,-0.146186895810956,267193874.65,5.0908762862191676e-11,0.0,1.1509508650849323,0.7902584838553768,0.5090785714285715,medium
2025-09-30,GAZP,0.24013440427044486,0.6400997057487453,0.11976588998080977,1.0,-0.11454899610428526,-0.06524833913318573,0.2374771123233784,0.14392794644477871,-0.17876938188451552,7132762477.299999,2.2751826533298526e-12,0.0,1.3702807861468491,0.8832115473218581,0.4130425170068027,medium
2025-09-30,GMKN,0.23062443409179365,0.6492212412276196,0.12015432468058683,1.0,-0.04102802291376384,0.08229949327275898,0.31732758717369347,0.18269968179971588,-0.0926517571884985,2468726605.8,9.147733492409867e-12,0.0,1.1630426188106175,0.6941415848005402,0.41849829931972793,medium
2025-09-30,HEAD,0.2129440426418436,0.666318321011836,0.1207376363463204,1.0,-0.08088642659279777,-0.0402082730691351,0.24687730710824318,0.18681871724783256,-0.08946212952799126,569949843.0,1.2832677823595326e-11,0.0,0.5473256145256311,0.4652322238848176,0.4290738095238095,medium
2025-09-30,HYDR,0.12005889427111088,0.6468631703670024,0.23307793536188676,1.0,-0.13529536311666313,-0.08142150247413404,0.2222868234956832,0.16649065546509892,-0.16242821985233802,93449178.44999999,9.827822374443458e-11,0.0,0.7563196475722113,0.5981620742994733,0.5829238095238095,medium
2025-09-30,IRAO,0.5337883880962103,0.37466672535026024,0.09154488655352937,1.0,-0.06302260761845768,-0.04573411133890559,0.1417180217835808,0.10714590824960095,-0.08780414084932753,315182269.975,2.034873423353489e-11,0.0,0.612282080199551,0.8185667760538077,0.2796037414965986,low
2025-09-30,LKOH,0.7544308792500384,0.1888571432740276,0.05671197747593416,1.0,-0.05916473317865434,-0.0025418169891767706,0.18549765327850404,0.10403966031953378,-0.08209462008601831,3339651763.25,3.2333261944034516e-12,0.0,0.7980471654510183,0.7914810431151924,0.1765027210884354,low
2025-09-30,MAGN,0.11061016612237552,0.5205809170074799,0.3688089168701446,1.0,-0.18211430263547534,-0.1584399756246191,0.22969769208404822,0.17714364433482843,-0.25482260893025754,579691752.75,2.4105808150011755e-11,0.0,1.1844798490269688,0.7882280072397871,0.6505333333333334,medium
2025-09-30,MGNT,0.11936897625666895,0.6318134438453635,0.2488175798979676,1.0,-0.11913254387216432,-0.1625067824199674,0.3760170437667936,0.1595587171323072,-0.1879521241615152,1102191423.75,9.737190850709636e-12,0.0,1.0452116975643035,0.678463831528734,0.5918125850340136,medium
2025-09-30,MOEX,0.5044221170582035,0.4001673518098716,0.09541053113192496,1.0,-0.07474270288510199,-0.0786290322580645,0.10645059415191016,0.09397070761348335,-0.12330811041244794,550774395.85,1.4541374337310396e-11,0.0,0.6789870772944244,0.87642625545527,0.2918469387755102,low
2025-09-30,MTLR,0.08990866895496144,0.3642807923968765,0.5458105386481621,1.0,-0.1226540743431409,-0.17433910665451247,0.3279456622872427,0.2196240556316787,-0.20859366436479232,795504652.3199999,2.3546169265404484e-11,0.0,1.3076110778198857,0.7873268129990497,0.7254346938775511,high
2025-09-30,MTSS,0.5042169147137225,0.4003462073228753,0.0954368779634021,1.0,-0.08521079634173545,-0.022174535050071387,0.15882742040497963,0.10810662071215303,-0.09370165745856351,516880210.5,1.9440858946074433e-11,0.0,0.6798563618094784,0.7211172673375602,0.2919323129251701,low
2025-09-30,NLMK,0.12084113901352282,0.733636883618324,0.14552197736815306,1.0,-0.13535957482145822,-0.07531083481349898,0.22273981424503858,0.165692095555334,-0.2119285498032092,802415470.0999999,1.39332196732048e-11,0.0,1.340382380050477,0.8271089775136569,0.5232312925170067,medium
2025-09-30,NVTK,0.3694088921765686,0.5200374031171286,0.11055370470630291,1.0,-0.10958461289801202,0.042581377744133286,0.20882016234523532,0.1756760727431572,-0.14028776978417257,3143715194.2,3.305648821173501e-12,0.0,1.4274060512825337,0.8206729432360392,0.3491996598639456,medium
2025-09-30,PHOR,0.7429105292067325,0.1983010843073197,0.05878838648594777,1.0,0.021476319158014512,0.12183692596063733,0.17196197014036266,0.08216699575342794,-0.04085035431429762,684516987.0,9.855458221407416e-12,0.0,0.4813322511624874,0.49396588227996213,0.18292108843537414,low
2025-09-30,PIKK,0.09830366361593951,0.4202651350345282,0.4814312013495323,1.0,-0.1797701149425287,-0.1289062499999999,0.387635765966555,0.18934005722741876,-0.21117550899093485,1190992622.5500002,1.9094506590582968e-11,0.0,1.2168351209391142,0.7165085100745037,0.6985877551020409,high
2025-09-30,PLZL,0.8229050510742707,0.1333993988970876,0.04369555002864179,1.0,0.0357769203788143,0.22620159867123446,0.1520134556012359,0.12391698634803018,-0.03766597416674178,2593413478.0,2.9704718383167353e-12,0.0,0.25501180224232184,0.2154727432729483,0.1330506802721088,low
2025-09-30,POSI,0.04707211291669516,0.14718028946599193,0.805747597617313,1.0,-0.17876184834123232,-0.2086484943627801,0.38631467657609586,0.25181573102474386,-0.23226703755215572,258006719.60000002,5.728611388233539e-11,0.0,1.03363182612735,0.582004216231618,0.8550112244897959,high
2025-09-30,RAGR,0.12096411140707791,0.6753166262135868,0.20371926237933535,1.0,-0.08619650391802292,0.13942127019917328,0.25485720346401747,0.17036322633491072,-0.16698126905764488,263854814.95000002,5.835969212706326e-11,0.0,0.9364291635061135,0.5276189150091262,0.5651561224489795,medium
2025-09-30,RNFT,0.09631332933003524,0.40633812590854457,0.4973485447614203,1.0,-0.1253081347576006,-0.10282343025705865,0.27285002486534843,0.1969106007244439,-0.18960244648318048,256798104.175,4.7830869021125264e-11,0.0,1.143294551278676,0.7918335270146909,0.7052105442176869,high
2025-09-30,ROSN,0.3784055265954727,0.5119002119683091,0.10969426143621812,1.0,-0.1017467248908297,-0.018957911052819965,0.22004709141311593,0.1322230750625391,-0.15584282343285127,1613585595.85,9.19133163259093e-12,0.0,1.107232978614596,0.8086114282322471,0.34521632653061224,medium
2025-09-30,RTKM,0.08662041191178528,0.3440570890027832,0.5693224990854314,1.0,-0.16272401433691763,-0.09005920847616089,0.2990688268021753,0.22577456885203198,-0.21070414920935254,368679912.75,4.263094670743637e-11,0.0,1.197931050445847,0.6708691727350556,0.7353639455782311,high
2025-09-30,RUAL,0.11153272901428885,0.5296314285994093,0.3588358423863019,1.0,-0.11661134362822922,-0.002119334854907118,0.2951771202819452,0.22580164382154466,-0.16755065959472326,623309739.125,3.466299281856406e-11,0.0,1.6439239769507026,0.8510157730488541,0.6460683673469388,medium
2025-09-30,SBER,0.7612124867228026,0.18331233577256467,0.05547517750463279,1.0,-0.07822139820349705,-0.06652423035835686,0.14491233886048988,0.09495346795130907,-0.0996556042579837,8093344947.360001,1.049971969911339e-12,0.0,0.6368072002411159,0.8824302456105523,0.17262789115646257,low
2025-09-30,SGZH,0.07557201942929677,0.28141056059306646,0.6430174199776367,1.0,-0.14634146341463417,-0.08266129032258063,0.2480755466531992,0.2227869742240936,-0.21280276816609,144033619.2,1.1713379673982086e-10,0.0,1.543755167043294,0.818389979894636,0.7676357142857142,high
2025-09-30,SIBN,0.3836070340147186,0.5072063888803447,0.10918657710493657,1.0,-0.06701560893541458,-0.029649071643822245,0.14695453662065922,0.10471127213818404,-0.10566893424036283,246434933.75,2.7720718746595708e-11,0.0,0.7205281826723324,0.7728568361265952,0.3429299319727891,medium
2025-09-30,SMLT,0.08425464224755497,0.329996406106136,0.585748951646309,1.0,-0.1722706517227065,-0.20621019108280259,0.36855030090933244,0.25951509870812184,-0.21711817824892032,1486549536.25,1.4486707482123708e-11,0.0,1.3790465030571342,0.7264671131096457,0.7423809523809524,high
2025-09-30,SNGS,0.15728626657871017,0.7215935692272515,0.12112016419403829,1.0,-0.08401727861771058,-0.052925413130862076,0.24684349008272982,0.13788185302123204,-0.11408274132887586,544035093.0,2.434408742143582e-11,0.0,0.9198253566311579,0.7449184626742467,0.4673394557823129,medium
2025-09-30,SPBE,0.10302771366019328,0.45539136876907305,0.44158091757073364,1.0,-0.16679477325134506,0.06640432857845546,0.3224539366978385,0.28110664620607023,-0.26630249231819725,935039725.5500001,1.4728543055530505e-11,0.0,2.463172231868882,0.8016075499757711,0.6819204081632653,medium
2025-09-30,SVCB,0.10143764147208115,0.4432063205095181,0.4553560380184008,1.0,-0.16874999999999996,-0.2534711964549483,0.26603190267882043,0.17167274932175908,-0.26753623188405795,782252660.75,2.380109314007531e-11,0.0,0.969617826192005,0.6807396349590162,0.6877044217687075,high
2025-09-30,T,0.4410979157084184,0.45581946172979376,0.10308262256178789,1.0,-0.08637577916295625,-0.05193125115505437,0.1628312578259328,0.10899101467811602,-0.10010555946516553,620178248.15,1.645370263163499e-11,0.0,0.7615236399180703,0.8072817869047147,0.31828299319727893,medium
2025-09-30,TATN,0.4469548772921237,0.4506322160848032,0.10241290662307306,1.0,-0.043570669500531456,-0.05234657039711188,0.20508228594836778,0.09079950517859092,-0.1624811307808427,911461114.8499999,9.505069163166954e-12,0.0,0.8262307200725738,0.7075570568063144,0.31581938775510204,medium
2025-09-30,UGLD,0.2463775697843052,0.63413797461784,0.1194844555978547,1.0,-0.025917199596095508,0.01206504633677219,0.27392807129950564,0.12243728519910657,-0.09970446414683476,580898046.4,1.9469417869933024e-11,0.0,0.662759019313197,0.47199781169144484,0.4095401360544218,medium
2025-09-30,VKCO,0.11966676207757079,0.7599947895469249,0.12033844837550421,1.0,-0.16711671167116704,-0.1440024668516805,0.2137059637386619,0.13638966126228358,-0.22327923894795731,843234001.8,1.512653688627469e-11,0.0,0.8141325921592051,0.5702372054980834,0.5006996598639455,medium
2025-09-30,VTBR,0.2010794756788363,0.6779021475548817,0.12101837676628191,1.0,-0.09397846603748516,-0.18332135154565055,0.24749973976786724,0.13791562725308126,-0.18175270108043218,7554838902.15,1.3521718730207252e-12,0.0,0.6891611128519315,0.5624712320808585,0.43653027210884354,medium
2025-09-30,WUSH,0.041418024984497946,0.12433930152446249,0.8342426734910396,1.0,-0.14196856350340425,-0.282390158172232,0.43783074100953623,0.20959128019173268,-0.2941501866961693,316793269.475,6.350940062866216e-11,0.0,1.2835224517208594,0.6865774367967827,0.8753510204081633,high
2025-09-30,X5,0.6838318825917116,0.24719682727257752,0.06897129013571088,1.0,-0.0363544132566791,-0.05645695364238412,0.16273513834220987,0.09994322114794349,-0.0960378281428339,1750541557.0,5.019341432368465e-12,0.0,0.5180985565558566,0.5774363490309974,0.21324727891156461,low
2025-09-30,YDEX,0.3526264320376017,0.5352819321816337,0.11209163578076459,0.9,-0.10862656072644727,-0.08022956195830411,0.19407186406489832,0.12417076941777168,-0.12860630270750106,2010920148.75,5.704429387692257e-12,0.1,0.8995942708700332,0.806761248579995,0.3567384353741497,medium
2025-10-31,AFKS,0.10173204760973395,0.445432523861285,0.452835428528981,1.0,-0.03554687499999998,-0.24876772348323495,0.5015697889463603,0.22648328975513254,-0.26546546546546534,871491335.7,1.6026767651361855e-11,0.0,1.2414307868051435,0.8603592024238417,0.6866482993197278,high
2025-10-31,AFLT,0.12020152727068348,0.6504211448488373,0.22937732788047924,1.0,-0.03702996755105936,-0.19098781270044896,0.54388540676263,0.19527554102143374,-0.2057704502219404,1049288795.8,1.8853264731666954e-11,0.0,1.3881688796881975,0.9305128661069173,0.5807748299319728,medium
2025-10-31,ALRS,0.2060037052268227,0.6730829963255885,0.12091329844758873,1.0,-0.05019398642095052,-0.17882599580712788,0.29117308467954345,0.16808848360416762,-0.19168060200668902,272759010.5,5.346407777001837e-11,0.0,0.8884402035166419,0.8995749583974432,0.43339744897959187,medium
2025-10-31,ASTR,0.08707793417688231,0.34682199862573726,0.5661000671973805,1.0,0.06011131725417429,-0.28583927009123866,0.42211809313065074,0.33702015562776627,-0.33792068059552094,345965066.4,2.5416621626768666e-11,0.0,0.9704090133513622,0.6668931023544461,0.7339959183673468,high
2025-10-31,BSPB,0.479655711731767,0.42182219460112524,0.09852209366710776,1.0,0.0018139492698854287,-0.10525178884838671,0.22266358344366097,0.16595033880909627,-0.11472125199685923,171545126.55,4.625473601672629e-11,0.0,0.292275152224365,0.3573825437559302,0.302151530612245,low
2025-10-31,CBOM,0.09426435552206223,0.3924556495748544,0.5132799949030833,1.0,-0.06270627062706269,-0.18847061746800842,0.4361883853699803,0.2519209438169245,-0.21544163063619526,44814119.599999994,5.143332073311051e-10,0.0,1.0736599467353767,0.7088032660815415,0.7118397959183672,high
2025-10-31,CHMF,0.1901757479230511,0.6886344222858162,0.12118982979113273,1.0,-0.07939590075512404,-0.20287689146273113,0.3471826540212509,0.15938640566229742,-0.23046309696092615,817253965.0999999,2.3584674486628443e-11,0.0,0.94030035059483,0.8703036168281706,0.4436761904761905,medium
2025-10-31,CNRU,0.15932886597417353,0.7195175729239603,0.12115356110186609,1.0,0.013140604467805517,0.008172605426610025,0.3704713251094314,0.22566268540712406,-0.1427312775330397,167671193.9,8.067684752715434e-11,0.0,0.5193112658988077,0.4369854817741881,0.46576105442176874,medium
2025-10-31,ENPG,0.10566757462740245,0.47658983730979376,0.4177425880628038,1.0,-0.08587022437841108,-0.15495010651418317,0.4536864807428883,0.21238406358294967,-0.20972579263067703,210216175.425,1.0294821704372716e-10,0.0,1.2615595905903199,0.8701614289863212,0.6718209183673469,medium
2025-10-31,FEES,0.24982964429621077,0.6308501653114552,0.11932019039233407,1.0,-0.00539169045353638,-0.13394090030378347,0.24353396523486237,0.1612172626347978,-0.185254691689008,92294041.8645,1.1189178908028409e-10,0.0,0.7287762173741276,0.7492793094748255,0.40762891156462583,medium
2025-10-31,FLOT,0.12102777822986333,0.6783755504296977,0.20059667134043913,1.0,-0.044427123928293066,-0.16730812768847636,0.39152306318924734,0.17127504594134937,-0.19370786516853922,149261000.0,1.0105459035048279e-10,0.0,0.9991799754822125,0.8687145175616237,0.5631595238095237,medium
2025-10-31,GAZP,0.6383033142892367,0.2853845000896992,0.07631218562106408,1.0,-0.006162800650517886,-0.12863039399624765,0.34523130027151466,0.15897795074260465,-0.1630123927550048,5720036537.450001,1.7509585270505925e-12,0.0,0.9880116556011039,0.899695639576086,0.23450238095238093,low
2025-10-31,GMKN,0.3093620708717814,0.5750065252231965,0.11563140390502206,1.0,-0.03683556108175323,-0.0030566280566279858,0.43717431479186647,0.22308599134434196,-0.11790978115230011,2749904474.1,6.541746202807198e-12,0.0,1.1776068393577728,0.8493470201331194,0.3769869047619048,medium
2025-10-31,HEAD,0.11936800216621928,0.6317941047458797,0.24883789308790102,1.0,-0.0729854689564069,-0.2220066518847007,0.3637330440631137,0.21397432920546056,-0.22969264544456636,398342780.5,6.026587952212123e-11,0.0,0.7731718033371918,0.7166050839269996,0.5918238095238095,medium
2025-10-31,HYDR,0.12076932357431243,0.6674519104062281,0.21177876601945964,1.0,-0.006772597030476835,-0.1965865992414666,0.2946313720424794,0.172426621706546,-0.24220672682526656,70775381.5,1.8878359434957406e-10,0.0,0.7631861722069242,0.7577202712971829,0.5702074829931973,medium
2025-10-31,IRAO,0.22138092678565394,0.658136317443004,0.12048275577134189,1.0,-0.04929699704912338,-0.13598359362675505,0.39119410413657396,0.16349049717476175,-0.1883990719257541,404699950.21075,2.7073212732803792e-11,0.0,0.6775101575959694,0.682919753474787,0.4239527210884354,medium
2025-10-31,LKOH,0.13531894146323065,0.744212563965202,0.12046849457156728,1.0,-0.10711942257217844,-0.13238224276719535,0.45632456048391684,0.22935244693684095,-0.20968837244397498,5494127366.5,2.8296043541573953e-12,0.0,0.9960705142764907,0.8206397176985366,0.4854692176870748,medium
2025-10-31,MAGN,0.10214555040987154,0.44858174940540696,0.44927270018472154,1.0,-0.07595648912228048,-0.2696412689000889,0.43826727975943897,0.18829196629460004,-0.2903795233892321,577078945.7,3.094638303524144e-11,0.0,1.196978430107163,0.9324028591974198,0.6851539115646257,high
2025-10-31,MGNT,0.15122413845336624,0.7277804997618058,0.12099536178482807,1.0,-0.055902663597500846,-0.21920043513734022,0.32173550477136004,0.17247946985135756,-0.2343324250681199,648865837.25,1.981497204077061e-11,0.0,0.9169849133207519,0.761580426540309,0.47212363945578234,medium
2025-10-31,MOEX,0.6569130344255429,0.2697233705119974,0.07336359506245976,1.0,0.016689759415543515,-0.10361485923704816,0.32800349655072386,0.11306402235310013,-0.13485523385300668,815233851.65,1.0500706871775149e-11,0.0,0.7825659446078397,0.8830483369538713,0.2259845238095238,low
2025-10-31,MTLR,0.07850117862172665,0.29731116537644847,0.6241876560018249,1.0,-0.05535163705770074,-0.20783058360009843,0.5741054098172764,0.2811384117016103,-0.25931621909381286,837111755.6500001,3.1018809561972456e-11,0.0,1.6558643206566583,0.9094495431043733,0.7591671768707484,high
2025-10-31,MTSS,0.6936007435039254,0.23905958343727976,0.0673396730587948,1.0,-0.0129142300194931,-0.0788994997726239,0.23746312735196543,0.11236283753341832,-0.1167332445628052,398311507.5,2.336469645276766e-11,0.0,0.6146869413070568,0.8357045170025899,0.20848163265306124,low
2025-10-31,NLMK,0.12036054840919863,0.7467409506955799,0.13289850089522146,1.0,-0.05941165160546047,-0.17974513749161636,0.3860834368183738,0.164869671369067,-0.23144104803493437,659368652.2,3.032032192954357e-11,0.0,1.0569694765930095,0.8886723314570585,0.5123867346938776,medium
2025-10-31,NVTK,0.266010598765022,0.6155172823088587,0.11847211892611924,1.0,-0.011167897028203644,-0.1414954806902219,0.3971703399729133,0.19227339896814977,-0.18276303165973773,2296803119.6,6.6537876729833845e-12,0.0,0.9500169604097428,0.8213059829057027,0.39889268707482994,medium
2025-10-31,PHOR,0.6165409283140197,0.3037891551698187,0.07966991651616155,1.0,-0.022383720930232553,-0.04023972602739723,0.19571519933829606,0.16885170255954163,-0.0986320109439125,365543460.5,2.595852092835472e-11,0.0,0.3945566220564868,0.48656861468511586,0.24422091836734697,low
2025-10-31,PIKK,0.07031574968466361,0.2539941195037815,0.6756901308115549,1.0,-0.16782608695652168,-0.4153047197189552,0.6859279744156591,0.39562677506718114,-0.44494449444944495,2354050550.0,1.7649708312188088e-11,0.0,1.626184493175285,0.7941322933351406,0.7828423469387755,high
2025-10-31,PLZL,0.13539769396452092,0.7441304303303061,0.120471875705173,0.9,-0.11631510977184667,-0.051824480369514925,0.47472110476425944,0.25553359969662776,-0.17413894242855943,3662934611.6000004,8.196517487022038e-12,0.1,0.606967443110029,0.5041101441663897,0.48540000000000005,medium
2025-10-31,POSI,0.08697288410897457,0.34618580682609396,0.5668413090649315,1.0,0.11692739671079022,-0.2026059564719359,0.4453348687571386,0.30541250556822125,-0.2965049104563835,492997426.5,2.6337200785054558e-11,0.0,1.0921237859050243,0.7024721199702265,0.7343103741496597,high
2025-10-31,RAGR,0.1211817895383903,0.687969518262869,0.19084869219874082,1.0,-0.05105052960583445,-0.20020488804331915,0.3217952924978273,0.1756686289451736,-0.2294841735052755,150782492.61,9.258387279132172e-11,0.0,0.835775703961518,0.7415759525437968,0.5567736394557824,medium
2025-10-31,RNFT,0.09407485597542803,0.391193385588684,0.514731758435888,1.0,-0.08192651439920551,-0.2337339411520929,0.4368617727735066,0.20086882544163157,-0.2609400324149108,224733317.7,8.164796021930544e-11,0.0,1.1708421289999282,0.9124774858630998,0.7124443877551021,high
2025-10-31,ROSN,0.3035178014006591,0.5804236626295963,0.11605853596974468,1.0,-0.08417145593869735,-0.16156965910336507,0.35098396744831056,0.17040299830103342,-0.2085738721402609,1476427308.225,1.0459096739109662e-11,0.0,0.8963948214018902,0.8593765274223089,0.3798318027210885,medium
2025-10-31,RTKM,0.1055452756707329,0.4755779638904169,0.41887676043885025,1.0,0.016379310344827536,-0.18723286915758997,0.4327579304237846,0.24055404398168667,-0.2312784443525031,333937481.25,5.725295740508461e-11,0.0,1.11316253934476,0.8355898003805019,0.6723045918367346,medium
2025-10-31,RUAL,0.1212428497504926,0.6941367771624354,0.18462037308707205,1.0,-0.05900420303912057,-0.13313477289650044,0.4380631454792908,0.19189542197382922,-0.19519476826841065,455230876.05,4.297166450964588e-11,0.0,1.1900746654447736,0.8890978988830098,0.5525632653061225,medium
2025-10-31,SBER,0.8106742326696852,0.14321483983271835,0.04611092749759655,1.0,0.008708573798251296,-0.06090341676854771,0.312829031870771,0.13662290530951476,-0.10432504951127586,9609492232.71,1.4088467399484438e-12,0.0,0.8577837316675141,0.9332200166386376,0.14164795918367346,low
2025-10-31,SGZH,0.051583580437355496,0.16624907020017654,0.782167349362468,1.0,-0.056650246305418706,-0.29896278218425865,0.49825190614294174,0.2215545063665581,-0.2942643391521198,141458660.476,1.448565106317705e-10,0.0,1.3307869328396698,0.9068258048315041,0.839858163265306,high
2025-10-31,SIBN,0.27932998779821666,0.602986938461569,0.11768307374021428,0.9,-0.05553339980059824,-0.10268068580089051,0.346289142645446,0.16179458338651212,-0.1444994859332649,355626150.85,5.002524690862478e-11,0.1,0.6579636236940289,0.7274456019519893,0.39195017006802724,medium
2025-10-31,SMLT,0.09492102711061061,0.396857480520032,0.5082214923693574,1.0,-0.09292502639915523,-0.2651839178785287,0.4865572800981477,0.2766799524793894,-0.29190751445086704,1421845931.75,1.5331805232926734e-11,0.0,1.4277400034203291,0.8545633997979633,0.7097340136054422,high
2025-10-31,SNGS,0.5147742246731255,0.3911564694458982,0.0940693058809763,1.0,-0.04051431344007772,-0.13589687568276176,0.2798631020761989,0.13631349744814517,-0.1513583441138422,438651845.44,2.6224379240520217e-11,0.0,0.800961587249936,0.8643949708523904,0.287537925170068,low
2025-10-31,SPBE,0.1024115092012274,0.45062146901646655,0.4469670217823061,1.0,0.027598896044158217,-0.1327639751552796,0.8357075921209902,0.3177523567729371,-0.28187665531592887,1984728145.35,1.3435640566602177e-11,0.0,2.156060159580339,0.8920724155446283,0.6841857142857143,medium
2025-10-31,SVCB,0.12371867054907586,0.7564046835394225,0.11987664591150168,1.0,-0.01573215006050832,-0.19338842975206616,0.37443309267604674,0.1827166864929953,-0.22112860892388453,676156510.25,2.2556104170129892e-11,0.0,0.9796864365040265,0.8290604490168125,0.4960566326530612,medium
2025-10-31,T,0.31588353246866785,0.5689767453200825,0.11513972221124971,1.0,-0.006421088205474712,-0.12914691943127965,0.37674395415288386,0.1672592310725201,-0.15939447907390913,611331461.65,2.237369611154949e-11,0.0,0.9382866566385633,0.9198464788503351,0.37384659863945585,medium
2025-10-31,TATN,0.11102314579083701,0.5245919241438907,0.3643849300652724,1.0,-0.12473259832154038,-0.17878647522000934,0.5458498440186127,0.2567906769053762,-0.22158663254553657,1224176811.3000002,2.3512503231095427e-11,0.0,1.2214152077976286,0.8301265275634768,0.6485590136054422,medium
2025-10-31,UGLD,0.12124052956005618,0.6938291438463278,0.18493032659361605,1.0,-0.07545001914975102,-0.15535339398180548,0.24094275599408424,0.2695411922458838,-0.24902784258827193,199306348.95,4.327772365406116e-11,0.0,0.4635814539645361,0.3636057368468246,0.5527753401360546,medium
2025-10-31,VKCO,0.10259615366820396,0.4520442328160314,0.44535961351576475,1.0,-0.02588147036759203,-0.23595175051485728,0.46490358961851486,0.21192369924916596,-0.26203840472673556,761849046.4000001,2.996732010095106e-11,0.0,1.1556195208406685,0.8294841864318382,0.6835102040816327,medium
2025-10-31,VTBR,0.7279796671997417,0.2105859464434015,0.061434386356856836,1.0,0.003244837758112018,-0.10382081686429523,0.3052297757892808,0.14046560806675437,-0.15245312098638586,4174844997.615,3.583617142865352e-12,0.0,0.7897801679788321,0.7842249364460633,0.19096207482993197,low
2025-10-31,WUSH,0.03741811106522011,0.10888581215912972,0.8536960767756503,1.0,0.13784705309303447,-0.2742524271844661,0.7397768997162075,0.33314876243798514,-0.3880433077043778,222268221.0,7.597674207794781e-11,0.0,1.5897904712479136,0.7047236756444886,0.8909275510204081,high
2025-10-31,X5,0.21269769758973914,0.666557894628196,0.1207444077820649,1.0,-0.011503371677905605,-0.14788852795349627,0.4258936841854695,0.18230039651452276,-0.19631383158606697,1870362408.0,1.0459084739556708e-11,0.0,0.9381247365983552,0.8186559349311185,0.4292255102040817,medium
2025-10-31,YDEX,0.5024803660706376,0.4018601673605994,0.09565946656876291,1.0,0.011697393515575305,-0.07669993037827805,0.37257577091960686,0.16798548987841164,-0.1564131668558456,2465113543.5,7.037848768820321e-12,0.0,1.0079136651134122,0.9012394612398134,0.2926547619047619,low
2025-11-30,AFKS,0.12112104658183302,0.721541885953879,0.15733706746428794,1.0,0.036462373933281444,-0.03746397694524506,0.21554243167799306,0.23989105490825652,-0.13052751315228206,689897861.6,1.915138516010478e-11,0.0,1.1927643798276673,0.8743832725494811,0.5327,medium
2025-11-30,AFLT,0.12127594510832701,0.7029378543070904,0.17578620058458264,1.0,0.1058891233454824,0.03241404011461313,0.31062385098896705,0.18564783470601753,-0.14358974358974352,873871495.8,1.5056784404287205e-11,0.0,1.4009388572317019,0.9212432418051949,0.5464,medium
2025-11-30,ALRS,0.12051053238765189,0.7598115850609539,0.11967788255139412,1.0,0.0015045135406217547,-0.09227272727272728,0.1857539684365395,0.15281960239059517,-0.14685314685314677,332412194.95,3.107717328740605e-11,0.0,0.8588975510687241,0.9247211032224566,0.4991333333333334,medium
2025-11-30,ASTR,0.08612756316300829,0.3410956113549692,0.5727768254820225,1.0,-0.08716586418728212,-0.18415195132809026,0.19158998065971844,0.32581449395502626,-0.2094412907080967,161291807.3,5.82989599736558e-11,0.0,0.8710348056510159,0.6310256293711947,0.7368333333333332,high
2025-11-30,BSPB,0.4283547392139104,0.4671350251201739,0.10451023566591579,1.0,-0.017396151138230453,-0.0056404928009500255,0.13897206320458752,0.14801478709865323,-0.062142857142857166,111663587.0,4.9518082450115104e-11,0.0,0.38387841864406835,0.526849631712699,0.32366666666666666,medium
2025-11-30,CBOM,0.09064816320349281,0.36894675607603905,0.5404050807204681,1.0,0.22013702710753646,0.15951875442321306,0.42619795428217633,0.22907999139571658,-0.13931427022631793,52426510.35,3.272872339172881e-10,0.0,1.2533376370914406,0.7400269013316199,0.7231666666666668,high
2025-11-30,CHMF,0.1349431231851179,0.7446046302976289,0.1204522465172532,1.0,0.08818788855629744,-0.02254395036194412,0.2771601883846724,0.14795896465526934,-0.12988341174064222,658787632.8,2.1704269354504387e-11,0.0,1.0209206922936371,0.8996755120441811,0.4858,medium
2025-11-30,CNRU,0.12629653850187444,0.7536785534038932,0.12002490809423223,1.0,0.01445001474491292,0.03645676408556797,0.1421960342678998,0.23030460169105552,-0.1427312775330397,159020720.89999998,5.673597379416176e-11,0.0,0.5455296040312086,0.521704593467506,0.4936333333333333,medium
2025-11-30,ENPG,0.11595032614506154,0.5790343930032831,0.30501528085165536,1.0,0.08362279686092888,0.05300662582822846,0.2550351329323633,0.1684389560026689,-0.14338790200859164,75586080.55000001,1.225941178788829e-10,0.0,1.232618851758386,0.9010553195838171,0.6208999999999999,medium
2025-11-30,FEES,0.38813242904380896,0.5031289974372575,0.10873857351893355,1.0,0.02993068683049782,-0.008492569002123251,0.1453799753759539,0.10667962157731271,-0.07035790761700811,94364309.4,5.881982984884085e-11,0.0,0.5963096934457982,0.8099838248994847,0.34095000000000003,medium
2025-11-30,FLOT,0.11077846561753299,0.5222078742400591,0.367013660142408,1.0,0.043150231634679015,-0.03395440058837951,0.337512455961929,0.16326566437753548,-0.13325183374083116,173322713.5,8.215171627775151e-11,0.0,1.0829996330159652,0.8699051766806745,0.6497333333333334,medium
2025-11-30,GAZP,0.48902953255086634,0.41360974379521637,0.09736072365391722,1.0,0.06550580431177444,0.09212986571477133,0.24624472189482813,0.1523544681075863,-0.08885196613656143,4890536616.200001,2.186252809768489e-12,0.0,1.00555207166292,0.9175926226926621,0.29824999999999996,low
2025-11-30,GMKN,0.19309517799870637,0.6857523460331088,0.1211524759681849,1.0,0.040683868925122546,0.09057730590577306,0.25020130247472927,0.20970894826531924,-0.11790978115230011,1366192910.8000002,1.0728361296922596e-11,0.0,1.1103980842809626,0.8518328635317756,0.44173333333333337,medium
2025-11-30,HEAD,0.11990371685165938,0.6432000064009504,0.2368962767473901,1.0,0.044244604316546754,-0.19762299613045886,0.169289736062191,0.21621601188306852,-0.19325513196480937,286226001.0,2.7808826139894e-11,0.0,0.8079884985767858,0.7405530144328192,0.5851166666666667,medium
2025-11-30,HYDR,0.12125906017114349,0.7091940965635516,0.16954684326530498,1.0,0.0018139414356050931,-0.09757236227824462,0.1703616060999024,0.15437195483893187,-0.13849382140359057,51768926.45,1.580069338711734e-10,0.0,0.7517000404240893,0.8264541373431041,0.5419,medium
2025-11-30,IRAO,0.13383107290074203,0.7457658582494756,0.12040306884978232,1.0,0.030303030303030276,-0.05324865657059108,0.1790324194463751,0.15767321263883483,-0.14973262032085566,245286259.27499998,3.5187658759237944e-11,0.0,0.7371265747698238,0.7180138048400844,0.4867833333333333,medium
2025-11-30,LKOH,0.10809968842004118,0.4974129214298421,0.39448739015011675,1.0,0.045116322878402615,-0.09390821492732315,0.36137805045374527,0.24623237325237798,-0.23888153282965963,10228903215.0,2.0093299414781303e-12,0.0,1.095132917488888,0.7897847586949167,0.6618166666666667,medium
2025-11-30,MAGN,0.10341415811183968,0.45841514866509553,0.4381706932230647,1.0,0.07458508298340338,-0.08605442176870737,0.2779435158598628,0.19390066646566773,-0.18181818181818177,578984133.725,3.04518703730149e-11,0.0,1.2155579422421252,0.9184618421741617,0.6804833333333333,medium
2025-11-30,MGNT,0.2935275477782239,0.5897142874688149,0.11675816475296125,1.0,0.02976501305483037,-0.09026603106258646,0.18676850047129126,0.13912045632309566,-0.12610791478774686,493781799.5,1.6617952920263725e-11,0.0,0.8397300097565837,0.893945204251068,0.3847666666666667,medium
2025-11-30,MOEX,0.3832572214301905,0.5075218141390999,0.1092209644307096,1.0,0.06778929188255622,0.029926225606853984,0.23485143099290143,0.13429222550045003,-0.07961142044781422,572778869.35,1.8850567355018858e-11,0.0,0.8639588715641856,0.876636829286223,0.34308333333333335,medium
2025-11-30,MTLR,0.10165740673787661,0.4448668701441152,0.4534757231180082,1.0,0.08481144730958401,-0.01847606203641272,0.2499124749494454,0.2931793148031607,-0.1660895045285029,390121279.84,3.2345967447110393e-11,0.0,1.5648251592821247,0.914172657267839,0.6869166666666667,high
2025-11-30,MTSS,0.7095365548348231,0.22582913734827048,0.06463430781690627,1.0,0.0359485061938305,0.03544549647972817,0.13841706791400651,0.09305648813873796,-0.06594696080732232,342294925.5,1.6499981210076853e-11,0.0,0.593783192000524,0.8575928635374024,0.20051666666666668,low
2025-11-30,NLMK,0.15852104270177605,0.7203380958511078,0.12114086144711625,1.0,0.061802232854864414,-0.002061083005433728,0.2652410279244201,0.15181171395205664,-0.11672862453531585,685831834.4000001,2.5184698439412825e-11,0.0,1.0990465001634786,0.9197114130275766,0.46638333333333337,medium
2025-11-30,NVTK,0.19138808979886318,0.6874368130274263,0.12117509717371057,1.0,0.09092596028947852,0.0503841343576914,0.2972048902926765,0.18079393933510912,-0.1242108855144175,1494550593.6,8.496328826633943e-12,0.0,1.0581087937763247,0.8604736693434278,0.4428666666666666,medium
2025-11-30,PHOR,0.2952347695300581,0.5881238385003655,0.11664139196957635,1.0,-0.024527186761229336,-0.07934737135685399,0.13746222097317196,0.17719553921628903,-0.10738714090287282,256202072.0,1.9682912171234572e-11,0.0,0.3695744905858392,0.4817578587557103,0.38391666666666674,medium
2025-11-30,PIKK,0.06739716928921076,0.23934428020683587,0.6932585505039534,1.0,0.10623501199040764,-0.1673285198555956,0.4002500572468004,0.42702420851309675,-0.33381346777097587,872040778.8000001,1.4400153877702516e-11,0.0,1.518375924449732,0.7246362412270758,0.7913500000000001,high
2025-11-30,PLZL,0.1319823862425022,0.7476999861327452,0.12031762762475266,1.0,0.03091397849462374,-0.07150886294855174,0.1857005586943967,0.2622295491126107,-0.17413894242855943,1436408203.4,5.649143965444318e-12,0.0,0.6928715530779531,0.5824600655921146,0.4884333333333334,medium
2025-11-30,POSI,0.08117595679635811,0.312254669967575,0.606569373236067,1.0,-0.04028925619834711,-0.07959048877146635,0.24138749685144437,0.31419803709247657,-0.1981893004115226,231658034.7,5.2603000007191164e-11,0.0,1.0544770559067702,0.7178298442369211,0.7514,high
2025-11-30,RAGR,0.12092212384389744,0.7307319724789471,0.14834590367715536,1.0,0.09856828193832601,0.04322816803207252,0.22443243662709067,0.17606487991785427,-0.1329155672823219,128253604.47999999,5.691127008187329e-11,0.0,0.7118350867272089,0.6496179114272723,0.52555,medium
2025-11-30,RNFT,0.11159694501558785,0.5302739051184486,0.3581291498659635,1.0,0.045218295218295124,-0.06941230911614993,0.21271891159485198,0.18141850148113736,-0.16977696859353653,137457343.3,6.75540645030786e-11,0.0,1.1954252366746474,0.9258960473794001,0.6457499999999999,medium
2025-11-30,ROSN,0.24912670510547763,0.6315191649030684,0.11935412999145398,1.0,0.03061353573687553,-0.03517290383704397,0.2186320761868364,0.170941875567099,-0.12875132399670486,1032290763.3,9.498982505257361e-12,0.0,0.8986737333528462,0.8753295947651387,0.4080166666666667,medium
2025-11-30,RTKM,0.120699312983492,0.6649880714457038,0.21431261557080414,1.0,-0.05446658097686374,-0.03286770747740342,0.20381619677207857,0.2287239083528592,-0.1439097744360902,372735957.20000005,3.482259173139312e-11,0.0,1.0606865189146364,0.8302817128255642,0.5717666666666666,medium
2025-11-30,RUAL,0.1212654538374718,0.7078852299943763,0.17084931616815177,1.0,0.045136575616255836,0.01356808270069454,0.2493813273082848,0.1744036310082454,-0.13028114917806122,362838368.70000005,3.842178995186814e-11,0.0,1.1318091416934901,0.9041665426462281,0.5428500000000002,medium
2025-11-30,SBER,0.8475333922002667,0.11376826002475475,0.03869834777497872,1.0,0.024502399892592175,0.05288030355294948,0.1373547882873396,0.13574025092704023,-0.06907094483529486,6873703577.849999,9.556615977243974e-13,0.0,0.8391849085483044,0.935827190448504,0.11418333333333335,low
2025-11-30,SGZH,0.06772749953148822,0.24098281591615534,0.6912896845523564,1.0,0.04778156996587035,-0.11335740072202172,0.25841917411306087,0.22219122621281118,-0.19659332860184542,112333732.0,7.37123005572379e-11,0.0,1.3056956972538514,0.9107545587842448,0.7903833333333333,high
2025-11-30,SIBN,0.13021030445617765,0.7495583776220763,0.12023131792174602,1.0,0.027604166666666652,-0.009140216954600211,0.22866852445587257,0.1647496149240063,-0.09813774756133609,218880484.75,5.828854302987764e-11,0.0,0.7203382672338504,0.7459337798761474,0.4900333333333334,medium
2025-11-30,SMLT,0.12003642908013201,0.6463203459161084,0.23364322500375956,1.0,0.07401032702237531,-0.09126213592233012,0.1877009548962681,0.28024967744620805,-0.17167798254122213,641484774.5,1.2378222346912556e-11,0.0,1.3404739363032492,0.9050149446195573,0.58325,medium
2025-11-30,SNGS,0.3318466252641791,0.5542816161986651,0.11387175853715585,1.0,0.06641791044776113,0.0009339248190520788,0.2369375938194731,0.12590949278757121,-0.08571428571428563,540533005.75,2.159418047122914e-11,0.0,0.7683498991145525,0.8567557925394279,0.36629999999999996,medium
2025-11-30,SPBE,0.11401483932541016,0.5558852804177362,0.33009988025685366,1.0,0.16083916083916083,0.20837124658780715,0.3649648266125116,0.3133748839245997,-0.19123351435221103,950482459.7,1.059423040168352e-11,0.0,2.1669770504227595,0.9114361880083398,0.6328833333333332,medium
2025-11-30,SVCB,0.18552774192456417,0.6932364160313649,0.12123584204407101,1.0,0.0662576687116565,0.0019215987701768356,0.24296053922450045,0.18676648190143455,-0.1034743202416919,727415615.0,1.6597659368468727e-11,0.0,0.9153382536466554,0.8245319993636449,0.44681666666666675,medium
2025-11-30,T,0.3491195248083533,0.5384785564242945,0.11240191876735224,1.0,0.05365919342893699,0.0065603293028042575,0.179074713103285,0.16518964111241968,-0.10197869101978696,405446754.05999994,1.852596852712887e-11,0.0,0.9523645758833378,0.9420487661346456,0.3583333333333334,medium
2025-11-30,TATN,0.08983822581987841,0.3638386725149387,0.5463231016651828,1.0,0.08095577746077054,-0.03363621871512823,0.39523870605231026,0.26644481780805374,-0.1994116736336894,654535247.6,1.826828014624242e-11,0.0,1.4454820101414079,0.858166106541293,0.72565,high
2025-11-30,UGLD,0.1061241701408674,0.48039554899770964,0.4134802808614231,1.0,-0.003140703517587995,-0.23271555197421434,0.16544312858068103,0.27374266248893053,-0.23470394736842104,131569926.55000001,4.5925135780915114e-11,0.0,0.4453473060244123,0.3887295683281315,0.6699999999999999,medium
2025-11-30,VKCO,0.11953390077645777,0.6351534900589357,0.24531260916460643,1.0,0.023507462686567226,-0.06827445652173902,0.2065315045108462,0.22451560803610898,-0.15948855989232835,425841175.6,3.35759474420901e-11,0.0,1.1716245377986967,0.8471902849594481,0.5898666666666667,medium
2025-11-30,VTBR,0.703792219340337,0.23059198181859253,0.0656157988410704,1.0,0.05917667238421953,0.05902529655566657,0.1931539615981156,0.14019279322925537,-0.07476897227667323,3182707607.7699995,1.8962754369741598e-12,0.0,0.8075020010809871,0.8834553893707354,0.2034166666666667,low
2025-11-30,WUSH,0.05305936476354283,0.17265200610595344,0.7742886291305037,1.0,-0.112770137524558,-0.14920874152223063,0.3121742190420716,0.35259881335405463,-0.27252378287632906,410677454.23,3.9861175570266604e-11,0.0,1.4257345139761142,0.6538170694600342,0.8350666666666667,high
2025-11-30,X5,0.28141210212723416,0.6010351892209757,0.11755270865179013,1.0,0.013821441912588828,-0.032786885245901676,0.14910764367724447,0.18781643036666004,-0.16599403404105983,1833474738.0,3.0148853768317677e-12,0.0,0.9491308515034711,0.8117530655661812,0.39088333333333336,medium
2025-11-30,YDEX,0.38946933709451864,0.5019255516040735,0.10860511130140782,1.0,0.028641370869032956,0.028893241919686563,0.21755791638133604,0.1739912763857153,-0.09299487429826703,1432535658.5,6.7511700256468845e-12,0.0,1.0289693781572329,0.9016309896864851,0.34036666666666665,medium
2025-12-30,AFKS,0.09279300673567552,0.3827458831489783,0.5244611101153461,1.0,-0.042610142516096405,-0.03514144065325164,0.25257132664276205,0.23508744864324801,-0.09111743871102151,701360046.05,1.474904624522466e-11,0.0,1.2560700810136256,0.8157564115225192,0.7165,high
2025-12-30,AFLT,0.12033867494101441,0.7472327568624814,0.1324285681965043,1.0,0.009933774834437026,0.10824249378466244,0.2537454246452721,0.13900917775492186,-0.056071665560716744,1144393858.25,9.352436365350722e-12,0.0,1.2671650612238032,0.8344249921402174,0.5119666666666666,medium
2025-12-30,ALRS,0.11935848367335405,0.6316053582124266,0.24903615811421928,1.0,0.009022189709827044,0.036573146292585124,0.2535559243618113,0.13971920140902463,-0.05449999999999999,498977851.5,2.0500426665766475e-11,0.0,0.9716431706745341,0.7747554039737299,0.5919333333333334,medium
2025-12-30,ASTR,0.08747680346837737,0.3492449906949374,0.5632782058366852,1.0,-0.051200300075018856,-0.18139158576051784,0.1744654547565727,0.21046598723062326,-0.17511821294635577,154887382.825,5.322843880811747e-11,0.0,0.8075737596607323,0.614182469798241,0.7328,high
2025-12-30,BSPB,0.11131299644446734,0.5274457523719142,0.3612412511836184,1.0,-0.0381546134663342,-0.09126785451332653,0.18144629307368457,0.1402257065510045,-0.12431905499168516,198935445.0,5.167877719761267e-11,0.0,0.47485816562410804,0.5065613578638477,0.64715,medium
2025-12-30,CBOM,0.04741396137095053,0.1485988008135628,0.8039872378154868,1.0,-0.199551273591131,-0.09907902554961379,0.24146442910143004,0.1938483725239497,-0.2666263603385731,135670937.1,1.4233668275788292e-10,0.0,1.3074452908044765,0.620496853800779,0.8538333333333334,high
2025-12-30,CHMF,0.4970827822386745,0.4065701871043919,0.09634703065693367,1.0,0.013695743784239323,0.07484361036639853,0.14883968946922116,0.11346648339055458,-0.04638135783105535,632415787.4000001,1.3625480013437514e-11,0.0,1.150848939455456,0.8862842029086838,0.2949,low
2025-12-30,CNRU,0.045702961630621014,0.14154199182260438,0.8127550465467746,1.0,-0.17647058823529416,-0.03939008894536222,0.5010076938012189,0.4539009980868264,-0.21940928270042193,196889898.3,4.6588258538174156e-11,0.0,0.7659260473696822,0.3661199500635321,0.8597833333333335,high
2025-12-30,DOMRF,0.5955332217144038,0.32164780549110167,0.08281897279449446,0.6166666666666667,0.07235706890601645,,0.1204030393179134,0.06231432296289846,-0.029146188135786955,287793197.5,1.0557830007966449e-11,0.1,0.20598549715477033,0.36132936706640706,0.25339999999999996,low
2025-12-30,ENPG,0.11993995919878722,0.6440381376000476,0.23602190320116534,1.0,0.03626764604613797,0.16263198557816105,0.26357932282249213,0.12553113443059166,-0.04817059969690407,177058858.85000002,1.1158380760250741e-10,0.0,1.4085304571815453,0.8975460480246735,0.5846166666666666,medium
2025-12-30,FEES,0.2586308378704923,0.622494654944403,0.11887450718510463,1.0,-0.007567264573991261,0.12270133164235886,0.16942506348915082,0.11393285197107803,-0.04246686502569652,114186826.8,7.194144884736729e-11,0.0,0.5851432827776517,0.5075226790385431,0.4028333333333333,medium
2025-12-30,FLOT,0.12050076299003139,0.6586700665844054,0.2208291704255632,1.0,-0.046433041301627176,0.020356234096692072,0.15255302691148379,0.13849845588400334,-0.06599920959030414,162553680.5,6.917705979245193e-11,0.0,1.1844213711004734,0.8170780550182418,0.5757166666666667,medium
2025-12-30,GAZP,0.509741546012979,0.39553416115347007,0.0947242928335508,1.0,-0.023067331670822866,0.06417657045840408,0.18583863044605478,0.10069355886769568,-0.0483487855336755,6449871934.049999,1.5584207516676454e-12,0.0,1.061234464183837,0.8843164480356395,0.2896333333333333,low
2025-12-30,GMKN,0.13786302129201497,0.7415633500097909,0.12057362869819419,1.0,0.09174579985390796,0.1735238693467338,0.21895222571423334,0.1919798428315697,-0.060865430337612936,2482981092.8999996,3.992420499212999e-12,0.0,1.2899401486499567,0.819029315118319,0.48325,medium
2025-12-30,HEAD,0.12095406829671877,0.7294889394391569,0.14955699226412433,1.0,-0.0020562028786840214,-0.01120543293718168,0.18348382028632274,0.131926891267219,-0.053012048192771055,375260371.0,3.070157315893926e-11,0.0,0.8105457141421427,0.7741029407101855,0.5265333333333334,medium
2025-12-30,HYDR,0.11723122697484589,0.5963423709793246,0.2864264020458294,1.0,0.03990963855421703,0.07359419538740597,0.3226542440048791,0.11242746878137215,-0.06054421768707485,104963176.55,5.2754051391193504e-11,0.0,0.6476726618572871,0.4920863255107505,0.6116666666666667,medium
2025-12-30,IRAO,0.4979242257186411,0.4058355012875823,0.09624027299377662,1.0,-0.003541532517707613,0.13349203442592938,0.15523182376736824,0.09788945269782182,-0.0361464968152867,415165843.925,2.6422405954763044e-11,0.0,0.8512118559555693,0.7890112043936811,0.29455,low
2025-12-30,LKOH,0.12093258561287877,0.673912252525709,0.2051551618614122,1.0,0.06459459459459449,0.025603193889949694,0.18270529035061478,0.23488727260694606,-0.13307310149041873,4306060579.5,2.509052521438465e-12,0.0,1.3467666978314006,0.7654569556376916,0.5660666666666667,medium
2025-12-30,MAGN,0.1209518155455401,0.6747612430637888,0.20428694139067102,1.0,0.05917269523279556,0.1220279033208882,0.24254110423739564,0.13585895747323512,-0.0626441199077632,556835615.05,2.7517538054488807e-11,0.0,1.2363988395537895,0.8610819696698394,0.5655166666666667,medium
2025-12-30,MGNT,0.13319373167900472,0.7464321317179705,0.12037413660302483,1.0,-0.04365772344816643,0.022750424448217288,0.20215329195087586,0.13619851061552948,-0.06540018685767679,796953812.0,8.233162901305821e-12,0.0,0.821547142846564,0.5985867750381481,0.48734999999999995,medium
2025-12-30,MOEX,0.28232580490224424,0.6001792779987597,0.11749491709899607,1.0,-0.021898634157354047,0.033762825101407934,0.18173814169938382,0.11633523473162474,-0.044072429108302114,603189436.2,1.699793841587327e-11,0.0,0.8762941929485554,0.7826115140601548,0.39041666666666663,medium
2025-12-30,MTLR,0.11819875870709828,0.6110227973118288,0.2707784439810728,1.0,-0.016838166510757757,0.08000587199060472,0.22084574268761656,0.20792001300210008,-0.06637055837563455,617700738.13,1.2555684627798461e-11,0.0,1.4011058590889751,0.8256098040125459,0.6036166666666667,medium
2025-12-30,MTSS,0.629527893224973,0.2927942554792324,0.07767785129579459,1.0,-0.0007007708479327412,0.04112922852275491,0.1263073926584222,0.09298994698428031,-0.03528064146620846,551450940.0,1.3411196326133936e-11,0.0,0.6306924824771535,0.7755347139871099,0.23845,low
2025-12-30,NLMK,0.20444459817464286,0.6746070401039825,0.12094836172137456,1.0,-0.007440476190476164,0.07385791909841011,0.1835029030076277,0.11578594525172876,-0.05355191256830594,668703534.8,2.1566227212309187e-11,0.0,1.1603277097404685,0.8780528735952828,0.43438333333333334,medium
2025-12-30,NVTK,0.12878532033910556,0.7510559637675133,0.1201587158933813,1.0,-0.005691329092735176,0.10285926476049001,0.25194477803815735,0.15135613192231376,-0.057660895132309764,2482484138.7,4.5415357160543034e-12,0.0,1.425427940064406,0.9147327343468489,0.4913333333333333,medium
2025-12-30,OZON,0.12121152874806977,0.7150390744599994,0.16374939679193087,0.7666666666666667,0.10071854828888083,,0.20188046012122152,0.18280814856342184,-0.08199576956575838,1448666407.5,4.922191202958425e-12,0.1,0.5563709207953477,0.4622556001830369,0.5376,medium
2025-12-30,PHOR,0.12540494246016734,0.7546202991009613,0.11997475843887141,1.0,-0.004221388367729784,-0.08438757906843009,0.16818201132033025,0.10624258136472896,-0.11958851264466352,334367113.0,2.0148635400698525e-11,0.0,0.412930772960575,0.49777253091170814,0.49446666666666667,medium
2025-12-30,PIKK,0.12025797180545139,0.6518878472577608,0.22785418093678778,1.0,-0.011789038262667972,0.18619662363455802,0.29277897843599293,0.18801136757006726,-0.07976878612716753,1488186279.1999998,1.2970880897419482e-11,0.0,1.2296795909557794,0.6257971425022009,0.5798833333333334,medium
2025-12-30,PLZL,0.27929786504450743,0.6030170644844686,0.11768507047102397,0.9,0.09826907225936443,0.17730217946200666,0.2094295232604852,0.1551759620364378,-0.03533672670321064,1783798533.1,5.9398344719483545e-12,0.1,0.8084025757045609,0.6768305032579804,0.3919666666666667,medium
2025-12-30,POSI,0.08414073470075156,0.329329074289004,0.5865301910102445,1.0,-0.07518656716417915,-0.12590372068418276,0.20333674550685116,0.18051241684286135,-0.15864313859859525,183898927.89999998,4.170442374871069e-11,0.0,1.1354706904743623,0.8146304414849204,0.7427166666666667,high
2025-12-30,RAGR,0.10485169358746325,0.46989702566212427,0.42525128075041246,1.0,-0.07312982220731301,-0.015324305060584464,0.18591505558286125,0.1532322031658132,-0.08947108255066727,139263890.22000003,6.761234488863242e-11,0.0,0.7472316972829686,0.5877321225783904,0.6750166666666667,medium
2025-12-30,RNFT,0.1456251636398082,0.7335305756872901,0.1208442606729018,1.0,-0.046168958742632604,0.008307372793354029,0.12725452142354166,0.12465963695262099,-0.05222059541239632,111694257.125,5.0803675853617463e-11,0.0,1.1007566495949073,0.857330334079146,0.47668333333333335,medium
2025-12-30,ROSN,0.33042036772956956,0.5555909666863196,0.11398866558411083,1.0,0.0034347399411187585,0.04912145697062975,0.1325651246394518,0.15957933516469916,-0.05041046690610573,1126862879.75,8.023395289518053e-12,0.0,1.0892763386632058,0.900815307139598,0.36696666666666666,medium
2025-12-30,RTKM,0.09607219277436885,0.4046813296107395,0.49924647761489166,1.0,0.06024096385542155,0.0121317157712304,0.21850956100289726,0.17302930361663033,-0.09057507987220448,310129029.1,6.59925175875026e-11,0.0,1.0183444627903167,0.7357201700995606,0.7059999999999998,high
2025-12-30,RUAL,0.12113629674815692,0.7206231552350343,0.1582405480168088,1.0,0.052199504337050895,0.11690233475830336,0.21344325361236055,0.1561316949182716,-0.053704624564893,537066509.5500001,1.9812404929223984e-11,0.0,1.3232592657868882,0.9106646926720908,0.5334,medium
2025-12-30,SBER,0.8189225457528447,0.13659078807681824,0.04448666617033704,1.0,-0.022267140481857184,0.027758738862234233,0.08381860274304795,0.0738363648740846,-0.03303127740426759,6628304956.389999,7.268653038033537e-13,0.0,0.6688243768778058,0.8651025828528743,0.1359,low
2025-12-30,SGZH,0.11817266054722786,0.6106028696257655,0.2712244698270066,1.0,-0.03802588996763745,0.0,0.1806464055142826,0.12655291016593886,-0.05976095617529875,100330849.55000001,1.2553944890409032e-10,0.0,1.1512838033106583,0.873175629924447,0.60385,medium
2025-12-30,SIBN,0.1539333493717146,0.7250106751632555,0.1210559754650299,1.0,-0.001838423041568893,0.006384512408608822,0.16975475079027838,0.12377296688076093,-0.04760964045831684,170057725.07500002,2.8544387541640784e-11,0.0,0.9077907123860726,0.7850767707046443,0.46996666666666664,medium
2025-12-30,SMLT,0.10413943417439417,0.46416064705348736,0.43169991877211855,1.0,0.026576341844710694,0.06544077879935095,0.3344558602058738,0.1921200118877757,-0.10612435717625057,1267141699.5,1.655791167104402e-11,0.0,1.1663241803245656,0.7726455798757498,0.6777499999999997,medium
2025-12-30,SNGS,0.11994220174491318,0.7552206623986242,0.12483713585646272,1.0,-0.013402998636983243,0.06185819070904652,0.20737516114344354,0.12004746424787553,-0.06025985663082434,501067317.75,2.0474142408787077e-11,0.0,0.9122717625888117,0.7462692231202128,0.505,medium
2025-12-30,SPBE,0.11953390077645777,0.6351534900589355,0.24531260916460684,1.0,-0.026295731707317027,0.13606047132058685,0.2630245037785469,0.19151753674805141,-0.07223476297968401,763574837.5,7.692369627329323e-12,0.0,1.7887223103364722,0.8774930544867992,0.5898666666666669,medium
2025-12-30,SVCB,0.21333497146107383,0.6659382174949726,0.12072681104395358,1.0,-0.019440124416796323,0.02063941723998375,0.14988965626525624,0.1202602652204507,-0.06716981132075472,624862230.75,1.5618854967203143e-11,0.0,0.8514438376456208,0.762847718419998,0.42883333333333334,medium
2025-12-30,T,0.3859967835574258,0.5050524927993515,0.1089507236432227,1.0,0.01391035548686248,0.11035883547731906,0.17691436683903675,0.11052521330745928,-0.03695771890105848,513901991.77,2.1633342002399416e-11,0.0,0.9676047947069062,0.9153346564083626,0.3418833333333334,medium
2025-12-30,TATN,0.11287444541378648,0.5434346345877874,0.34369091999842605,1.0,-0.02779172944918784,0.026878868258178645,0.20226254073144898,0.21968698828110422,-0.09541984732824427,810194270.4,1.3810485959602865e-11,0.0,1.671056788034305,0.8633383381044065,0.6391833333333334,medium
2025-12-30,UGLD,0.08523519558192168,0.33577717675521895,0.5789876276628594,1.0,0.15069944891903364,0.052743843319759565,0.514918640125945,0.20158228088809776,-0.11082606464853761,399721544.85,2.3532533772050993e-11,0.0,0.04259892224703404,0.022551642187745784,0.7394833333333334,high
2025-12-30,VKCO,0.1347352060783008,0.744821616805203,0.12044317711649626,1.0,0.03174061433447095,0.1459438968915845,0.2760399967357688,0.11551310418078561,-0.051403449442002036,513462674.25,2.0226894057430718e-11,0.0,1.105739453271886,0.6965320930439459,0.4859833333333333,medium
2025-12-30,VTBR,0.667335056969841,0.2609839524958693,0.07168099053428974,1.0,-0.006329113924050778,0.06237128567225647,0.16432909115007144,0.10802693612489217,-0.039271255060728705,3927112154.0999994,1.5394492649085264e-12,0.0,0.8628628277932014,0.831003168769289,0.22111666666666663,low
2025-12-30,WUSH,0.07916283734206557,0.30096890784597613,0.6198682548119583,1.0,-0.05750336125762745,0.10755955274671836,0.2461200168709355,0.2596709275494574,-0.1442178179719068,209692773.01,4.4618675945071454e-11,0.0,1.3080421900059835,0.4719228585125134,0.75725,high
2025-12-30,X5,0.7659078846943038,0.17947966373256882,0.05461245157312747,1.0,0.042966042966043005,0.16126543209876543,0.11099799833100345,0.1263268283589701,-0.03268567278009804,2230796107.75,3.073003388852921e-12,0.0,0.6421301763491463,0.6989029693042413,0.1699,low
2025-12-30,YDEX,0.6672996506823141,0.26101360431160114,0.0716867450060849,1.0,0.057910586055130775,0.16683699540112418,0.15702503733791173,0.08454829469038078,-0.05223334146936787,1662995948.25,4.9279021332721075e-12,0.0,0.8340144020811803,0.7618334570251978,0.22113333333333332,low
2026-01-31,AFKS,0.12055999188441276,0.6604672156016544,0.21897279251393287,1.0,0.04040794251719082,0.028724216959510995,0.14965695846033825,0.1545397409508048,-0.11368845058684618,684094949.3,1.9424334501473565e-11,0.0,1.229721394224899,0.7731232581842903,0.5746000000000001,medium
2026-01-31,AFLT,0.12122527567825406,0.713691357941656,0.16508336638009005,1.0,0.0017467248908296096,0.035946531791907654,0.22569288950777366,0.13167357886313158,-0.08360982083609825,1053439299.2,1.1339641399042478e-11,0.0,1.4421564611142748,0.8118586026715028,0.5386,medium
2026-01-31,ALRS,0.11883186067240999,0.6217322653113135,0.2594358740162765,1.0,0.014393754574286266,0.04551169223032425,0.20030516368500345,0.1557819864380913,-0.06734084118593431,418729195.4,3.1446022906037456e-11,0.0,1.2043041519085431,0.7381910425880428,0.5976000000000001,medium
2026-01-31,ASTR,0.10005001245525638,0.43288416960057235,0.46706581794417124,1.0,0.04987735077677846,-0.13912168957425408,0.1938341975285426,0.13051797799650397,-0.16746085772634456,185349282.25,3.9991149046521445e-11,0.0,0.5490066304380469,0.40360092081577614,0.6925999999999999,high
2026-01-31,BSPB,0.11327917204622481,0.5477699069820735,0.3389509209717017,1.0,0.06389713800868058,-0.06528470669189745,0.17000391222276154,0.13282790877134468,-0.11336234782097276,198315537.6,4.8284509326443235e-11,0.0,0.29968373779058344,0.2448294729750016,0.637,medium
2026-01-31,CBOM,0.07883506887960069,0.2991538335036438,0.6220110976167555,1.0,0.00327225130890052,-0.22848515349773535,0.14627041090266774,0.1974274254600094,-0.26868198307134217,78137864.25,1.1015819751740478e-10,0.0,1.0652824122989464,0.49804177149368944,0.7581999999999999,high
2026-01-31,CHMF,0.14718351569178184,0.7319265842817316,0.12088990002648638,1.0,0.07090831191088243,0.061133517299936324,0.2313013531308112,0.0879258014055561,-0.06779320056326699,456456764.1,1.8132373773955604e-11,0.0,1.085403771593921,0.769497856484983,0.47540000000000004,medium
2026-01-31,CNRU,0.09307903820286441,0.38461737362434945,0.5223035881727861,1.0,-0.02039428959891232,-0.15085444902769596,0.11060984992463513,0.3776074325594218,-0.245253164556962,63041818.9,9.00903247465298e-11,0.0,0.7161451583234867,0.3020970817450099,0.7155999999999999,high
2026-01-31,DOMRF,0.4384473450226126,0.45816973909631564,0.10338291588107164,1.0,0.11967204498870032,0.2175105726368729,0.18451324395549457,0.08876352244684965,-0.02793934358122141,381784942.70000005,2.978360173853017e-11,0.0,0.48495641761374014,0.41902080813029413,0.31939999999999996,medium
2026-01-31,ENPG,0.10977843260013424,0.5126862632002522,0.37753530419961356,1.0,0.09223090277777768,0.214087564829333,0.2766970946447897,0.17693336721016176,-0.0557589411433399,203237750.4,5.136649312411209e-11,0.0,1.5835864889106908,0.7810146856378744,0.6543999999999999,medium
2026-01-31,FEES,0.1182228890445974,0.6114124259187887,0.2703646850366138,1.0,0.006858348720654162,0.18063717909062804,0.2615911802750553,0.12424056969952957,-0.07382039573820387,271176855.0,6.478887137076256e-11,0.0,0.7496172563733055,0.41066933458333627,0.6034000000000002,medium
2026-01-31,FLOT,0.11716222575663773,0.5953559841687531,0.2874817900746091,1.0,0.06410774410774422,0.00842373962986609,0.14954686388308622,0.12225288734664938,-0.09691738594327992,133436059.94999999,6.71638768465267e-11,0.0,1.1952913337669144,0.7677430043922014,0.6122000000000001,medium
2026-01-31,GAZP,0.25316276597524484,0.6276813452358385,0.11915588878891653,1.0,0.036111336525196824,-0.0033564905159628733,0.19141412715492948,0.09722398736642257,-0.07846142058079841,5327276841.299999,2.1153036300888444e-12,0.0,1.2986542216175005,0.901279870745151,0.4058,medium
2026-01-31,GMKN,0.1207558053579903,0.7363977315357818,0.1428464631062278,1.0,0.06871247498332211,0.20107962213225372,0.3081347918545708,0.20642275398850873,-0.06169364297443125,3380998899.2000003,2.4294519079278717e-12,0.0,1.2954280898442638,0.6590485292246974,0.521,medium
2026-01-31,HEAD,0.3671631280876302,0.522072381422977,0.11076449048939284,1.0,0.02282947077135944,0.00373387644263401,0.13025999405015606,0.08746768725933841,-0.04773109243697482,310204652.0,2.272239560653759e-11,0.0,0.7582320305621567,0.7280840085283207,0.35019999999999996,medium
2026-01-31,HYDR,0.1211003158407697,0.7227181113531217,0.15618157280610848,1.0,0.010182334833056972,0.09216589861751157,0.19416504725919212,0.10911811715063208,-0.06780045351473918,146065555.85,4.5080715778563945e-11,0.0,0.8874404099161481,0.4952282963158706,0.5318,medium
2026-01-31,IRAO,0.3118183228307203,0.5727336185846537,0.11544805858462615,1.0,0.10966426106055871,0.207408671901673,0.2306368397023832,0.10940628293048288,-0.0361464968152867,819847469.5250001,1.5269486169409982e-11,0.0,0.9949705751556367,0.6837647353901378,0.3758,medium
2026-01-31,LKOH,0.11093159297285825,0.5236972403831139,0.36537116664402775,1.0,-0.09722694794147668,-0.029890310786106045,0.32149081393897294,0.22714583054771878,-0.11661166116611665,3762911653.5,2.6090863590656617e-12,0.0,0.7054293235594015,0.41511798191925703,0.6489999999999998,medium
2026-01-31,MAGN,0.1289308628615682,0.75090287353119,0.12016626360724168,1.0,0.09567402620714405,0.1671128107074571,0.2631728654164074,0.10834155472263182,-0.05872193436960271,666851982.4749999,1.821415760960392e-11,0.0,1.4259407684851566,0.8136383059834666,0.4912,medium
2026-01-31,MGNT,0.12014785956481193,0.6490586921314245,0.23079344830376355,1.0,0.09994917838387263,0.10331350892098556,0.2846843211824178,0.11941881693367327,-0.08361881033945806,808942144.25,2.103584294090586e-11,0.0,0.9126661711621441,0.47806903390106165,0.5815999999999999,medium
2026-01-31,MOEX,0.2696018555576793,0.6121309692421459,0.11826717520017473,1.0,0.04708662324938051,0.055481322256434096,0.1705396159778044,0.1137646559712517,-0.051515487953813555,567460641.8,1.4713364044164695e-11,0.0,1.1104415116400042,0.8325902237150454,0.39699999999999996,medium
2026-01-31,MTLR,0.11848351145999299,0.6157086045778956,0.26580788396211147,1.0,0.049102132435465684,0.059356849412097956,0.18787409305021163,0.13331251770374525,-0.10723350253807107,400747327.035,2.793177169337757e-11,0.0,1.2156769585828064,0.7109789378244976,0.601,medium
2026-01-31,MTSS,0.6354288540605995,0.28780988241909333,0.07676126352030724,1.0,0.06074766355140193,0.06373008434864103,0.1297367462904878,0.08198004167910515,-0.03528064146620846,566833536.25,1.2659169271913777e-11,0.0,0.657641878667572,0.6716329559168791,0.23580000000000004,low
2026-01-31,NLMK,0.1235675739591077,0.7565647824489782,0.11986764359191411,1.0,0.08446657728404516,0.07499525346497049,0.25838208290926645,0.10516646718535604,-0.059016393442622994,613006639.8,1.880609085986382e-11,0.0,1.2141591316485896,0.7730241963795517,0.4962000000000001,medium
2026-01-31,NVTK,0.12096248263479199,0.7291507032573983,0.1498868141078096,1.0,0.010140941904434708,0.011531841652323571,0.22841374143371446,0.14875812610206532,-0.06746161385168259,2699204077.8,6.102929402443411e-12,0.0,1.6110670120524901,0.8796188430644902,0.5268,medium
2026-01-31,OZON,0.3380859140978088,0.5485618562912492,0.11335222961094198,1.0,0.07017343678685539,0.2087897924990334,0.17856906722339416,0.1476257064238968,-0.05395287381634006,1772314282.0,6.3219095928644616e-12,0.0,0.7957299038351945,0.49871647534688646,0.36340000000000006,medium
2026-01-31,PHOR,0.2003487223188565,0.678618734685138,0.12103254299600547,1.0,0.012554927809165006,-0.040737436812369854,0.1019689710178161,0.09067847421625864,-0.07630040473692101,210124519.0,2.7810985376809354e-11,0.0,0.47967265995462843,0.48605502051905486,0.43700000000000006,medium
2026-01-31,PIKK,0.11808798898888533,0.6092508063333942,0.27266120467772054,1.0,0.028465884398087837,0.013490364025696033,0.20719051188133328,0.12963095869685948,-0.13121387283236996,709686190.5,1.547640353580065e-11,0.0,1.370331841381157,0.7714474472366021,0.6045999999999999,medium
2026-01-31,PLZL,0.21897279251393267,0.6604672156016546,0.12055999188441276,1.0,0.07581526237377911,0.19786194820753855,0.2675972433444101,0.1409148631607381,-0.05283101362675802,3444560678.0,3.2924443601937673e-12,0.0,0.740734425259167,0.4734165851592704,0.4254,medium
2026-01-31,POSI,0.0908970564806175,0.37052748247570083,0.5385754610436817,1.0,0.10749646393210766,-0.02002503128911126,0.27859893115343093,0.11767396030757107,-0.11894510226049504,224631140.4,4.438826594947367e-11,0.0,1.0017975194593114,0.6309407942633194,0.7224,high
2026-01-31,RAGR,0.11637237876671347,0.5845224630048086,0.29910515822847783,1.0,0.1357651245551601,0.15091958168049047,0.23687609388263942,0.13059080125833844,-0.08947108255066727,202529580.76999998,3.544174640171879e-11,0.0,0.56780847909751,0.33926553157335254,0.6180000000000001,medium
2026-01-31,RNFT,0.12126908214991478,0.6989728470035947,0.17975807084649034,1.0,0.27210884353741505,0.2016806722689075,0.39959536240299176,0.08941477312263049,-0.06783796974133727,469375072.95000005,3.305260456350372e-11,0.0,1.1938597096629813,0.578612731183307,0.5491999999999999,medium
2026-01-31,ROSN,0.3118183228307203,0.5727336185846537,0.11544805858462615,1.0,0.011260982551664522,-0.01053396294950959,0.1683417830121191,0.11175300538464171,-0.05447941888619856,933662860.575,8.570134024454621e-12,0.0,0.8474579562690714,0.7410563008569956,0.3758,medium
2026-01-31,RTKM,0.25758052642648216,0.6234897934397204,0.11892968013379734,1.0,0.048964520789853916,0.1052097428958052,0.18400589057975003,0.08711684813181497,-0.0438691675709193,202817686.35000002,4.935548543542017e-11,0.0,1.043347241306652,0.7187338348917724,0.40340000000000004,medium
2026-01-31,RUAL,0.1212497872372081,0.7107016880840269,0.1680485246787651,1.0,0.11980648833238483,0.2632423756019262,0.32380117631143757,0.1751147108337879,-0.07007575757575757,3442739520.5,4.034169310488853e-12,0.0,1.208015286030764,0.6351090639479215,0.5408,medium
2026-01-31,SBER,0.8075118722445037,0.14575946417950789,0.04672866357598835,1.0,0.022271268057784788,-0.007112929942511892,0.09800761177180423,0.06268737465960528,-0.03251741423084442,5226897875.424999,1.070105144985032e-12,0.0,0.6135361313924449,0.824189545706601,0.1438,low
2026-01-31,SGZH,0.11631524023251598,0.583768262535606,0.29991649723187813,1.0,0.05977796754910347,0.004045307443365731,0.20274629310836798,0.10356910931708277,-0.07410358565737052,96292215.8,1.071895740933939e-10,0.0,1.1806235053740586,0.8457923942146012,0.6184,medium
2026-01-31,SIBN,0.26960185555767924,0.6121309692421459,0.11826717520017474,1.0,0.05564238824632706,0.00805970149253743,0.11063517490600079,0.09439957686341258,-0.06193204267088104,219486180.325,2.645066716162413e-11,0.0,0.8459761097676508,0.755226935587305,0.397,medium
2026-01-31,SMLT,0.10129887917011511,0.44216156489878433,0.4565395559311006,1.0,0.011671087533156488,0.04665203073545565,0.2674545513267308,0.16636159692690494,-0.13651238896680695,861473387.5,1.655660752027286e-11,0.0,1.4075968257931146,0.7115005249169973,0.6882000000000001,high
2026-01-31,SNGS,0.25832163689294546,0.6227875585464155,0.11889080456063894,1.0,0.030310095593378383,-0.01008064516129037,0.14329721608087623,0.11270598190249637,-0.06707317073170727,754423819.5,1.412136358729378e-11,0.0,1.0772467820785125,0.7712096705974052,0.403,medium
2026-01-31,SPBE,0.11839799498526736,0.6142805760738811,0.2673214289408515,1.0,0.05655737704918029,0.02261007536691806,0.2555767602691555,0.14557603606278818,-0.09443190368698273,891582776.75,1.1987610365072193e-11,0.0,1.6763907150766484,0.8229010455789479,0.6018000000000001,medium
2026-01-31,SVCB,0.14963939202196666,0.7294044261287295,0.1209561818493039,1.0,0.023011707710940632,-0.04377358490566041,0.14471027071366568,0.10718108298466114,-0.07396226415094342,350159088.25,1.6941726276418257e-11,0.0,1.0249542043482358,0.8409174778740854,0.47340000000000004,medium
2026-01-31,T,0.48146061241166555,0.4202393483770292,0.0983000392113052,1.0,0.029195728658724773,0.07331831348567763,0.1185180146426008,0.10410780294535231,-0.03695771890105848,410956844.37,1.5335629417686006e-11,0.0,0.9680201087263401,0.8554721879477954,0.3014,low
2026-01-31,TATN,0.11865048059455308,0.6185524767334186,0.26279704267202836,1.0,0.027382645803698313,-0.08110687022900764,0.1675143405705902,0.14262294410418935,-0.12651757188498414,682479779.4000001,1.5370732425320012e-11,0.0,1.2953322487166592,0.7682901497636337,0.5993999999999999,medium
2026-01-31,UGLD,0.11021240994889407,0.5167759956504332,0.3730115944006728,1.0,0.3672558139534885,0.5586426299045599,0.9562993756723891,0.4124201315223926,-0.16697395713298002,1020893354.2,1.2280141430454848e-11,0.0,0.5017777456756847,0.10687898794301307,0.6524000000000001,medium
2026-01-31,VKCO,0.25133671110035066,0.6294167007278068,0.11924658817184253,1.0,0.04156647200274799,0.08790814495873689,0.19763564856618496,0.08779894497684046,-0.057283142389525366,615266877.5,2.117188534905507e-11,0.0,1.2033736288379715,0.6553639423848886,0.40680000000000005,medium
2026-01-31,VTBR,0.4446218262908291,0.45269748202413634,0.10268069168503459,1.0,0.08986239820275221,0.08015585861397168,0.2229706330434348,0.10360292898184448,-0.04304993252361666,2504860846.445,2.093451263028382e-12,0.0,1.046459294793242,0.7264247596065022,0.31679999999999997,medium
2026-01-31,WUSH,0.06251253150611,0.21567379131306866,0.7218136771808215,1.0,0.040917825251497675,-0.05953839869281041,0.4065429782134754,0.14617384518674528,-0.11525041050903129,219457930.35,5.0657640605550153e-11,0.0,1.0297000447958367,0.429054757233039,0.8058000000000001,high
2026-01-31,X5,0.1212332327514854,0.6929211649787534,0.18584560226976113,1.0,-0.060216256524981304,-0.07487612405946042,0.14706787209433758,0.27773105513652113,-0.1696118909991743,2348226544.5,3.0139231752154963e-12,0.0,0.4913569707131558,0.27536531361309663,0.5533999999999999,medium
2026-01-31,YDEX,0.7884966748358616,0.1611165779036625,0.050386747260475914,1.0,0.0739400791407574,0.1384228187919463,0.12109706974740783,0.07779275840778076,-0.03497650016395237,1920029392.75,3.0497952680060775e-12,0.0,0.6959973644027891,0.6333147868378011,0.1562,low
2026-02-28,AFKS,0.11316895162804876,0.5465806374476931,0.3402504109242581,1.0,0.03165033911077608,-0.007971014492753725,0.1939041392813505,0.14902475961101153,-0.07454677302393031,536717788.5,1.3621108733328684e-11,0.0,1.2645996603862406,0.7261856097945867,0.6376,medium
2026-02-28,AFLT,0.15237946018293252,0.7265983569266307,0.12102218289043695,1.0,-0.023317435082141014,-0.07464435146443515,0.10645946641429321,0.12272836015879199,-0.07439678284182305,525123976.54999995,8.089229372600047e-12,0.0,1.3752601132265165,0.8089876858763094,0.47120000000000006,medium
2026-02-28,ALRS,0.1132425164158283,0.5473736626795291,0.3393838209046425,1.0,-0.016021690904609254,-0.07549791570171371,0.1477853945050134,0.13808570652036803,-0.08306264501160088,312478593.65,2.8579820524232934e-11,0.0,1.1904374196692438,0.7541817038601129,0.6372,medium
2026-02-28,ASTR,0.11962098336773887,0.6369736394305052,0.24340537720175578,1.0,0.02017629774730656,-0.040530582166543816,0.1262584455079877,0.11120057868639394,-0.09924507457190213,83621403.525,6.285597487905053e-11,0.0,0.6154925248238046,0.39363550294848637,0.5888,medium
2026-02-28,BSPB,0.16696543594672475,0.7117927735159719,0.1212417905373032,1.0,0.0560309825723031,0.09647501378214485,0.22005102551409605,0.08365095514011095,-0.03800012762427418,154618383.5,3.314131669299985e-11,0.0,0.4213789360059336,0.26395088631776653,0.46,medium
2026-02-28,CBOM,0.10464891748339095,0.4682541034574495,0.4270969790591595,1.0,-0.010634816753926746,-0.11073529411764704,0.13292780866798976,0.13416494119914993,-0.11391099322133802,42849476.5,1.0222516206166187e-10,0.0,0.5291369323960752,0.37092106280183923,0.6758000000000001,medium
2026-02-28,CHMF,0.1203715630461436,0.746490818609953,0.13313761834390334,1.0,-0.009710743801652821,-0.03308452693161179,0.164257893182767,0.09095704803740662,-0.06956521739130428,466334245.20000005,1.947480516591591e-11,0.0,1.220820587732984,0.7318032936376562,0.5126000000000001,medium
2026-02-28,CNRU,0.12083262855936441,0.7339246399659616,0.1452427314746741,1.0,0.052483268756604584,-0.029555050341019684,0.1515134688565333,0.07602292151236897,-0.07289964040536112,66059080.2,1.0177997170585894e-10,0.0,0.47496157156248164,0.4144471043364589,0.523,medium
2026-02-28,DOMRF,0.27690261065900157,0.6052646850439929,0.11783270429700554,1.0,0.1076638786228361,0.2662886368690238,0.16501658430397723,0.10319739933576194,-0.052179193721679784,484154291.70000005,2.2211544512326965e-11,0.0,0.7414522730552966,0.46784827604184526,0.39320000000000005,medium
2026-02-28,ENPG,0.0710885776694103,0.2579399155353326,0.6709715067952571,1.0,0.02574029507167519,0.09116206589492437,0.2066849841332312,0.17692238082299813,-0.11790106073406548,139748538.35,9.175187325336592e-11,0.0,1.46637003324708,0.6722058912134878,0.7806,high
2026-02-28,FEES,0.11142502988438607,0.5285577056913306,0.3600172644242833,1.0,-0.024800000000000044,-0.0010925976509149615,0.1816615944773047,0.12237685505553145,-0.07382039573820387,183038065.10000002,5.7757074104765805e-11,0.0,1.0388235579807492,0.5187978384528362,0.6466000000000001,medium
2026-02-28,FLOT,0.10284375126071924,0.4539608034959581,0.44319544524332266,1.0,0.029969899227849872,0.0078114995517992725,0.1886379530493362,0.11757100969126805,-0.07467129744480294,88491446.55,9.194782007334071e-11,0.0,1.0576075826960756,0.652032332661182,0.6826000000000001,medium
2026-02-28,GAZP,0.5285335283265845,0.3792161062778542,0.09225036539556135,1.0,0.025093603122759545,0.008859270874167047,0.12982341733589228,0.08877864140717148,-0.05914104670265197,3208301136.0,1.6423607272905539e-12,0.0,1.1859621437425893,0.808334855255953,0.2818,low
2026-02-28,GMKN,0.11751767654209913,0.6005156849078891,0.28196663855001164,1.0,0.04830486872291617,0.1561709305594603,0.23218637759215674,0.22564010266925702,-0.10250996950504354,1977384311.4,4.681776738220249e-12,0.0,1.3777586091043719,0.558101386218798,0.6094,medium
2026-02-28,HEAD,0.12116826225305419,0.7185103976508087,0.160321340096137,1.0,0.03103448275862064,0.027491408934707806,0.19278621460121906,0.09872717022302463,-0.06214309707759491,387413307.0,3.189796929343746e-11,0.0,0.9212524228873833,0.6325372949875759,0.535,medium
2026-02-28,HYDR,0.12083659585524076,0.6699741874463789,0.20918921669838036,1.0,-0.007633587786259555,0.013994035329203847,0.15396781288049427,0.12050401353187902,-0.06780045351473918,112001846.55,6.693096495312807e-11,0.0,0.8994918060898399,0.48212758214077023,0.5686000000000001,medium
2026-02-28,IRAO,0.1201740459609495,0.6497197233163016,0.23010623072274888,1.0,-0.06590049461739877,0.03397745571658617,0.15842780343004784,0.1293878190913864,-0.11103419631731959,340175032.0,1.2951446403308596e-11,0.0,0.9611484919045352,0.5516682368007108,0.5811999999999999,medium
2026-02-28,LKOH,0.12096262812806628,0.6752490862332019,0.203788285638732,1.0,0.05225560230942361,-0.08687160326086951,0.15563943972868977,0.2213200708024444,-0.1371752559871372,1985074576.75,3.938193388260272e-12,0.0,0.5949051930525276,0.294834313454127,0.5652,medium
2026-02-28,MAGN,0.1212747804125294,0.7046201642249286,0.17410505536254198,1.0,-0.020472440944881876,0.09122807017543866,0.2593798381289715,0.13420112044033095,-0.0541362530413626,1091540615.025,1.0176845277391094e-11,0.0,1.6757926968510186,0.7404776305474078,0.5452,medium
2026-02-28,MGNT,0.15849945197834267,0.7203600350885332,0.12114051293312404,1.0,0.014274750575594686,0.04556962025316458,0.17544473668568458,0.11023347534914155,-0.06882911392405067,623365013.25,9.153263625463311e-12,0.0,1.1768910426905108,0.5846858701575119,0.46640000000000004,medium
2026-02-28,MOEX,0.5054963191955676,0.39923122364482677,0.09527245715960556,1.0,0.023943740581570783,0.03410179809480862,0.08822486680882295,0.08999315235746484,-0.04901594751720095,419961729.4,1.0785471175620475e-11,0.0,1.0815952522672743,0.7545713864056942,0.29140000000000005,low
2026-02-28,MTLR,0.12127514431577706,0.7043404859947262,0.17438436968949686,1.0,-0.0035436827041025465,-0.050272798129384344,0.11830162609127981,0.11426083332805324,-0.08469945355191266,178993172.25,2.3851203913860627e-11,0.0,1.045524503854779,0.7025420536294511,0.5454,medium
2026-02-28,MTSS,0.5792604751891344,0.3355437154087502,0.08519580940211541,1.0,0.03691275167785224,0.0764050162563863,0.14007331141019003,0.053234393951897406,-0.039476553980370865,638215953.75,1.5132133897486312e-11,0.0,0.650067749310013,0.5827173289661869,0.2604,low
2026-02-28,NLMK,0.1235675739591078,0.7565647824489781,0.11986764359191411,1.0,0.012579762989972654,0.026807173229802084,0.15935522099545815,0.09741307180166467,-0.06731605496608117,440613596.8,2.2912881743964583e-11,0.0,1.3051653117696829,0.7203546848195722,0.4962,medium
2026-02-28,NVTK,0.12040682725327172,0.655944535632217,0.22364863711451122,1.0,0.05708136030994404,0.01672739317654859,0.2013124837932942,0.1387562038243933,-0.07811745776347534,1630802583.5,5.145173156694866e-12,0.0,1.5153523188152251,0.7649919478446315,0.5774,medium
2026-02-28,OZON,0.20663470494648467,0.6724666531995585,0.12089864185395689,1.0,0.03889502762430941,0.12128801431127023,0.2020067231013336,0.1099212881497676,-0.06785034876347495,1465844131.25,4.3715460398117505e-12,0.0,1.208273996187428,0.6272180856672828,0.433,medium
2026-02-28,PHOR,0.3716586573494472,0.5180003123551292,0.1103410302954236,1.0,0.07681476846057578,0.0781641604010026,0.15838634455946243,0.07387699499015761,-0.036434714620797504,236908905.0,2.545766533103508e-11,0.0,0.6119572313996894,0.4572599936903033,0.34819999999999995,medium
2026-02-28,PIKK,0.12091040715448277,0.7311728104374537,0.1479167824080634,1.0,0.0019255455712452463,-0.039975399753997554,0.14583395206102426,0.10305728163328529,-0.08835422563687834,464549830.05,1.4227979564214521e-11,0.0,1.2434085725362338,0.7165942586029366,0.5252000000000001,medium
2026-02-28,PLZL,0.11625775749707586,0.5830131683978121,0.3007290741051119,1.0,-0.019986321149023656,0.11905588337382844,0.2586529149959924,0.1843473366387637,-0.11768563725132986,1767301893.0,8.04621016571391e-12,0.0,0.6673052992753603,0.29344823075174065,0.6188,medium
2026-02-28,POSI,0.1201346455309019,0.6487277647145616,0.23113758975453638,1.0,0.08328921828127744,0.18719783407464696,0.20946980158544734,0.14590044853341896,-0.051197836166924304,258166861.4,3.198754233753549e-11,0.0,1.175775004257247,0.5295387027029996,0.5818,medium
2026-02-28,RAGR,0.10897712185392174,0.5052927523585394,0.38573012578753874,1.0,-0.03357429718875504,0.021218808351723073,0.16574038260218188,0.16217927268682814,-0.08647654093836243,140768099.64,2.6095465216005898e-11,0.0,0.27115056271289534,0.13138756562681805,0.658,medium
2026-02-28,RNFT,0.12070702134597741,0.6652522541597224,0.21404072449430023,1.0,0.05381944444444442,0.2097658196312906,0.18668929560241737,0.1302493044818868,-0.07299270072992703,267233457.4,2.018796761624511e-11,0.0,1.2854175847128013,0.4856345039053606,0.5716,medium
2026-02-28,ROSN,0.37753530419961384,0.512686263200252,0.1097784326001342,1.0,0.02798885511651461,-0.010483969279531768,0.13719379965864267,0.10450730921371845,-0.058410082404265706,1078846479.975,4.933290654950803e-12,0.0,0.6678964859822503,0.5145854437768422,0.3456,medium
2026-02-28,RTKM,0.11881204442981522,0.6213799843572101,0.2598079712129748,1.0,0.007378335949764558,0.015830299192654662,0.17689789171992223,0.12110910734815389,-0.0601956358164033,161732144.4,3.412158252039643e-11,0.0,1.2147470819525124,0.6547678285017612,0.5978000000000001,medium
2026-02-28,RUAL,0.11025536429270567,0.5171842369988326,0.3725603987084617,1.0,0.06977971243899206,0.23968205441760926,0.22653898724119986,0.18582743824182993,-0.11470170454545447,753557797.5,1.3691906165916713e-11,0.0,1.2043073724363904,0.4975469531908102,0.6522000000000001,medium
2026-02-28,SBER,0.8589163157099133,0.10475994521108282,0.03632373907900382,1.0,0.04470909151392166,0.04592686338506624,0.07218627344739184,0.05267859533936517,-0.025638532347983856,6171492838.53,6.957384693215406e-13,0.0,0.5466517198764842,0.7069508383413518,0.10460000000000001,low
2026-02-28,SGZH,0.11654172929092875,0.5867796700442702,0.296678600664801,1.0,0.02200880352140855,0.038211382113821024,0.24976532153293574,0.10359519365970786,-0.05374592833876224,91217885.25,5.346685240867073e-11,0.0,1.306762158269176,0.6820643239766359,0.6168,medium
2026-02-28,SIBN,0.1204418136882688,0.7598847388364974,0.11967344747523384,1.0,0.04986929418861852,0.032022138762601404,0.1590554468207622,0.09431813029745711,-0.06193204267088104,164942107.9,4.44134874936047e-11,0.0,0.7443914871055294,0.5707307076670751,0.49920000000000003,medium
2026-02-28,SMLT,0.08193014645831005,0.3165455065302362,0.6015243470114539,1.0,0.006139315230224485,-0.1583209876543209,0.23022116204249143,0.2523252424953392,-0.17820703318474485,1374895047.1,7.966125456632748e-12,0.0,1.6636549246512962,0.5949867167400856,0.7492,high
2026-02-28,SNGS,0.2661857635753284,0.6153519769564039,0.11846225946826767,1.0,0.04108331420702327,0.012274045971881309,0.15785315627958502,0.09139838723807131,-0.04636647347302714,482036621.5,1.7663122319624827e-11,0.0,0.9257258734878739,0.683286018407746,0.39880000000000004,medium
2026-02-28,SPBE,0.1202441150306117,0.7492884091407195,0.13046747582866886,1.0,0.005189620758483171,-0.01679031628270211,0.12188336847612263,0.120551624250847,-0.08269817073170727,321897497.04999995,1.241819162201735e-11,0.0,1.7237159858964841,0.8172008155761681,0.5102000000000001,medium
2026-02-28,SVCB,0.7132961068481088,0.22271582496975265,0.06398806818213858,1.0,0.048220436280137724,0.07243539545810496,0.1262537419030999,0.07240605449103764,-0.03840125391849536,920599859.5,6.1865114290523466e-12,0.0,0.762351948100196,0.580570954499103,0.1986,low
2026-02-28,T,0.4992464776148919,0.4046813296107392,0.0960721927743688,1.0,0.046459234001096084,0.07546933667083833,0.14524307824055904,0.07521102945912747,-0.031193216232586307,366213812.15999997,1.6549141681151057e-11,0.0,0.8188512958415097,0.6550236954246788,0.29400000000000004,low
2026-02-28,TATN,0.28432250505490186,0.5983100961941772,0.11736739875092098,1.0,0.0035874439461882623,-0.04407995899538686,0.13483590422479796,0.08264354268886999,-0.07949505288297509,620838919.35,5.7452216286964405e-12,0.0,0.884370823942495,0.6205016777745891,0.3894,medium
2026-02-28,UGLD,0.10146682976332673,0.4434264485024544,0.45510672173421884,1.0,0.007378734728438419,0.5642374154770848,0.3491126773955622,0.40145506951965826,-0.16697395713298002,1215706227.0500002,1.2557206702900702e-11,0.0,1.119935556545183,0.1830627450651823,0.6876,high
2026-02-28,VKCO,0.2616735831343949,0.6196147172752137,0.11871169959039148,1.0,-0.008337341670675125,0.09314245316366221,0.1989180633209531,0.08567118965362884,-0.057283142389525366,651636580.4749999,1.1419520654647339e-11,0.0,1.0372368618818744,0.5041995784336182,0.4012,medium
2026-02-28,VTBR,0.22737157827167237,0.6523528443700334,0.12027557735829418,1.0,0.03671874999999991,0.17963621444201294,0.2830349447509369,0.12513120525644122,-0.0435123042505593,8185077272.02,1.5572266333198617e-12,0.0,1.0789992058265625,0.4869592084866587,0.4204,medium
2026-02-28,WUSH,0.1120644533470163,0.5350039778407638,0.3529315688122198,1.0,0.1290393013100437,0.08281855303109609,0.4055686151295836,0.11207011244201992,-0.09652064556696716,472018869.96000004,2.1766993746366268e-11,0.0,0.8702375455711324,0.2779247447930997,0.6434000000000002,medium
2026-02-28,X5,0.1177851792146472,0.6045367427046185,0.27767807808073425,1.0,-0.014101778050275904,-0.19425421747118754,0.15073844718299792,0.2608582699023872,-0.20974401321222136,1351951407.0,7.569074544012125e-12,0.0,0.4244994424702529,0.19584449854346547,0.6072000000000001,medium
2026-02-28,YDEX,0.45033571429672425,0.4476417898660046,0.10202249583727112,1.0,0.03149093278314696,0.06814348363881706,0.1860212130065411,0.08334092705260775,-0.05251595355162675,1745062170.5,2.6814595202152916e-12,0.0,0.755127243958905,0.5649781521852484,0.3144,low
2026-03-31,AFKS,0.12314684147439235,0.7570107668936265,0.11984239163198118,1.0,-0.11625191563891124,-0.09049943672549754,0.1380252625652575,0.1115028289588694,-0.14832266685420914,635812564.25,1.248025228603214e-11,0.0,1.1811227648934899,0.6351120420002803,0.4966,medium
2026-03-31,AFLT,0.12094340099875579,0.729911048845826,0.14914555015541828,1.0,-0.09739395092257941,-0.18048359240069078,0.14345593970180454,0.10051742169754897,-0.19123913414010563,606501012.5,1.182747085081766e-11,0.0,0.8609930077759546,0.5890653354265204,0.5262,medium
2026-03-31,ALRS,0.11877215931988439,0.6206746491966357,0.2605531914834799,1.0,-0.12439335887611747,-0.1812753761643181,0.15749412660826145,0.10457613762184151,-0.18709983400521701,535707356.54999995,1.9429170745270607e-11,0.0,1.1584437247312442,0.7377562830500431,0.5982,medium
2026-03-31,ASTR,0.26922094400826135,0.6124898651979893,0.11828919079374922,1.0,-0.0036007201440286796,-0.04833779136415739,0.07900312352758487,0.09090818615585461,-0.06826324721855537,44768139.925,6.78418832741906e-11,0.0,0.5644908991194054,0.41814580929077494,0.39720000000000005,medium
2026-03-31,BSPB,0.37436647328804623,0.5155504644015041,0.11008306231044965,1.0,-0.004669540229885083,0.03880037488284893,0.13820022417443634,0.08189996955109545,-0.040158420454876276,134302134.65,5.957068736135143e-11,0.0,0.5010530270938304,0.2920085672724084,0.34700000000000003,medium
2026-03-31,CBOM,0.10218793189343446,0.44890603405328316,0.44890603405328233,1.0,-0.03994344291269003,-0.12892880051314937,0.1589678306523237,0.15018671526939312,-0.13626967721418337,31705882.6,1.4560500682031455e-10,0.0,0.6108659676060555,0.35089474297516715,0.6849999999999998,medium
2026-03-31,CHMF,0.11962098336773887,0.6369736394305052,0.24340537720175578,1.0,-0.09903743315508029,-0.13759213759213762,0.16790006365385254,0.10103518046809075,-0.16758893280632414,523615682.2,1.782398700779714e-11,0.0,1.1814703212728384,0.6284826173529535,0.5888,medium
2026-03-31,CNRU,0.20631700321208538,0.6727769420978154,0.12090605469009941,1.0,0.04230118443316422,0.05263157894736836,0.1899368323682538,0.0814338302166519,-0.03690280065897855,64460778.5,9.947628910473837e-11,0.0,0.5096458631439287,0.33109505001639217,0.43320000000000003,medium
2026-03-31,DOMRF,0.37527079549307235,0.5147327771511513,0.1099964273557764,1.0,0.005134552789620717,0.05820744244413345,0.10825343602440136,0.1011210970463376,-0.06554103910760012,298904846.25,1.7587976508936568e-11,0.0,0.8498183394533122,0.5425036978365648,0.3466,medium
2026-03-31,ENPG,0.03880411076993801,0.11417429549959887,0.847021593730463,1.0,-0.12042682926829273,-0.1521355799373041,0.2887447585639978,0.20613605970428608,-0.19111987233643102,157993624.9,9.403389362204203e-11,0.0,1.9084820359908254,0.6714957996345463,0.8854000000000001,high
2026-03-31,FEES,0.09011608460905089,0.3655849480551204,0.5442989673358287,1.0,0.01172856743926265,-0.02081081081081082,0.29896406462103753,0.13178143413337015,-0.12561512561512567,128282014.0,7.414688500799756e-11,0.0,1.1382779537478485,0.45666350008934864,0.7248000000000001,high
2026-03-31,FLOT,0.12118493647597242,0.6882263489610799,0.19058871456294765,1.0,0.012350077187982533,0.09971620227038192,0.25920064468003334,0.12412146551186624,-0.09845120762482407,964441224.3,1.9140708068862495e-11,0.0,1.037457622106756,0.38930277410794,0.5566000000000001,medium
2026-03-31,GAZP,0.6974101682275959,0.23589191535393864,0.06669791641846541,1.0,0.023421901397634892,0.05268562401263832,0.16332383355204186,0.08527720961380118,-0.04947816003092376,9895803321.0,1.030167067452211e-12,0.0,0.7789672467144682,0.48559356752071653,0.20659999999999998,low
2026-03-31,GMKN,0.11708386960247118,0.5942442987712675,0.2886718316262614,1.0,-0.11343472750316863,-0.15743194410985295,0.16489723624487254,0.1940393689858431,-0.17956837907576828,1781025746.0,4.676435677410808e-12,0.0,1.6626140359542154,0.6538655032262907,0.6127999999999999,medium
2026-03-31,HEAD,0.2757418858658715,0.6063547628418472,0.11790335129228138,1.0,-0.004041764904008094,0.002712783994574419,0.1327890041276151,0.10903463948479895,-0.06214309707759491,275487246.0,1.7455906294412753e-11,0.0,0.8804995833404673,0.5570293810061908,0.39380000000000004,medium
2026-03-31,HYDR,0.11982969118579115,0.7572333745172893,0.12293693429691957,1.0,-0.014250169644876687,0.03368121442125238,0.19130301233808236,0.09575079668270214,-0.05111891180342254,93463104.05,1.0365459980911124e-10,0.0,0.9007454995897658,0.49508264020639114,0.5032,medium
2026-03-31,IRAO,0.1168441620907768,0.5908966322772359,0.29225920563198726,1.0,0.0007839448102853197,-0.09358136892928148,0.1673267240175231,0.13255451969771243,-0.15062993216115184,394111793.5,1.5175723814912854e-11,0.0,0.8244046676676318,0.5149295310684118,0.6145999999999999,medium
2026-03-31,LKOH,0.4939574371448678,0.4093003971652,0.09674216568993231,1.0,-0.01830341429074267,0.04086583317783177,0.17562115545301799,0.10382631773757003,-0.052152087013107695,3490391622.0,2.149240453709891e-12,0.0,0.8533009092994435,0.43769185397575805,0.2962,low
2026-03-31,MAGN,0.08377275624932636,0.3271791401854384,0.5890481035652352,1.0,-0.14045698924731198,-0.1002462187829758,0.2530970940636858,0.17531265537613747,-0.2226277372262775,676116058.8,1.4124466372651031e-11,0.0,2.043087479767459,0.7407539362376243,0.7438000000000001,high
2026-03-31,MGNT,0.12027557735829418,0.6523528443700334,0.22737157827167237,1.0,-0.07737542556484056,-0.07894330295071839,0.187389316483101,0.11859123626734389,-0.12169783318492133,424557723.75,2.0104923506670296e-11,0.0,0.9678649831148147,0.4847322031922578,0.5796,medium
2026-03-31,MOEX,0.3962930943347044,0.495790805521739,0.10791610014355656,1.0,-0.03970139124533412,-0.05823627287853572,0.09516232595431412,0.09229395601452985,-0.09461837964691455,519918118.5,7.797375305884752e-12,0.0,0.8832169745521319,0.6207397724991327,0.33740000000000003,medium
2026-03-31,MTLR,0.11084820517395673,0.522885099263188,0.36626669556285524,1.0,-0.09543850122183006,-0.09531568228105924,0.1827265465584257,0.12749553704689465,-0.13234906406538371,283645168.82,3.093296913771717e-11,0.0,1.0065534394597708,0.5951754204306273,0.6494,medium
2026-03-31,MTSS,0.6495062747059496,0.27594801509979633,0.07454571019425395,1.0,-0.010778706555213402,-0.008160564622849531,0.08340726882307142,0.06682905810131502,-0.05955649419218578,529777451.75,8.055487962605519e-12,0.0,0.6333045586387821,0.5427562408575606,0.22940000000000002,low
2026-03-31,NLMK,0.12127566862394268,0.7037802815710674,0.17494404980498993,1.0,-0.10600706713780927,-0.10931999258847502,0.15083880317580528,0.09826514732415223,-0.16385458340580972,536393839.0,1.9292237119764706e-11,0.0,1.3847409248312448,0.6812328698894268,0.5458000000000001,medium
2026-03-31,NVTK,0.12112767624169263,0.7211485611715934,0.15772376258671392,1.0,-0.03937363547391404,0.056291390728476776,0.3435335465449405,0.147466851121632,-0.10694288913773797,6472826057.65,2.2856766912055903e-12,0.0,1.303907357684115,0.47617718495899125,0.533,medium
2026-03-31,OZON,0.12095618184930391,0.7294044261287294,0.1496393920219668,1.0,-0.0430247718383312,-0.03484549638395795,0.22185492847906937,0.12107378685154292,-0.09713574097135746,1241944537.25,1.1143560887009744e-11,0.0,1.2355024508019607,0.6020078760161164,0.5266000000000001,medium
2026-03-31,PHOR,0.3101616001029529,0.5742664299524225,0.11557196994462453,1.0,0.06076955842680687,0.1527542045980559,0.23464971815507338,0.0960332666410597,-0.07378315735256247,1734589187.5,7.559309002605502e-12,0.0,0.5620420107490866,0.31615894521999394,0.37660000000000005,medium
2026-03-31,PIKK,0.4139478323934959,0.4799778500817573,0.10607431752474658,1.0,0.0149381135296629,0.022136256178809433,0.16668499271456233,0.08830695852092445,-0.04859813084112141,345639362.85,1.3809829722071713e-11,0.0,0.42650122501544757,0.28146326508783853,0.3298,medium
2026-03-31,PLZL,0.10879556735090326,0.5036444648882703,0.3875599677608264,1.0,-0.11939055865456649,-0.2222222222222222,0.20330056122058934,0.16060970861712448,-0.2292501639583181,2322446808.2,7.168146037311972e-12,0.0,0.8483817104699539,0.36311837473033404,0.6587999999999998,medium
2026-03-31,POSI,0.10536869513937525,0.4741224311593625,0.4205088737012624,1.0,-0.085857740585774,0.03761398176291797,0.21682612187425881,0.14766771081331379,-0.13098682095789138,222248863.0,5.0308825846516954e-11,0.0,1.2249601475620326,0.46637269781859036,0.673,medium
2026-03-31,RAGR,0.11881204442981523,0.6213799843572102,0.2598079712129746,1.0,-0.0579273396952954,-0.05492106147127973,0.12210793806558808,0.18960518661669087,-0.13722784421956447,129748858.25999999,3.5262522860498464e-11,0.0,0.3230069806210462,0.13507862062460377,0.5978,medium
2026-03-31,RNFT,0.10676551052484277,0.4858184231690939,0.40741606630606314,1.0,-0.12879834254143652,0.1632088520055326,0.31062607610848214,0.18648804080396433,-0.12879834254143652,612050865.6,2.064454954134643e-11,0.0,1.3662423063131006,0.33791210326433024,0.6674000000000001,medium
2026-03-31,ROSN,0.3320608262621545,0.5540850327947562,0.11385414094308924,1.0,0.0,0.206184276414622,0.22769256696989684,0.12177461032664302,-0.060733086371612344,7663790748.675,9.126898499784743e-13,0.0,0.8483073406937071,0.33721708205100576,0.36619999999999997,medium
2026-03-31,RTKM,0.12040682725327172,0.655944535632217,0.22364863711451122,1.0,-0.06105610561056107,-0.11577311577311566,0.0909318082788806,0.1262950220685117,-0.143717080511663,205958417.1,2.8440133186781266e-11,0.0,1.0160201542941227,0.55864582984648,0.5774,medium
2026-03-31,RUAL,0.10990947045237408,0.5139145626213008,0.37617596692632516,1.0,-0.087299744601811,-0.03213098608888343,0.2565009145284196,0.17864897204640237,-0.14131643317767395,1285076186.4,1.1455385678937576e-11,0.0,1.3683286462573956,0.48316386032494574,0.6538000000000002,medium
2026-03-31,SBER,0.8589163157099133,0.10475994521108282,0.03632373907900382,1.0,-0.006576035409421421,0.025890495935224855,0.06615488172919971,0.050240044961398535,-0.025638532347983856,5270733872.575,5.510093627650022e-13,0.0,0.5666804064244653,0.6641340272626775,0.1046,low
2026-03-31,SGZH,0.11716222575663773,0.5953559841687531,0.2874817900746091,1.0,-0.07405924739791836,-0.03302675585284265,0.15169514107905546,0.11244855078335525,-0.14259190493872997,64941351.5,9.087728172109656e-11,0.0,1.2487491647045816,0.5740827360015874,0.6122000000000001,medium
2026-03-31,SIBN,0.17410505536254198,0.7046201642249286,0.1212747804125294,1.0,-0.038612505705157396,0.052147852147852225,0.18618816983362968,0.11230564015741314,-0.05711727842435088,420543406.5,1.9109766504881687e-11,0.0,0.9766417030362313,0.5303133861791758,0.4548,medium
2026-03-31,SMLT,0.07627674858201747,0.28519357352011904,0.6385296778978635,1.0,-0.21131447587354402,-0.31868583162217656,0.25474839356570467,0.26645448714839615,-0.3416666666666667,787601516.8,1.1072000963065092e-11,0.0,1.2035240357412953,0.40384558537318793,0.7655999999999998,high
2026-03-31,SNGS,0.14380102135836048,0.735411751069391,0.12078722757224847,1.0,-0.07034513079797766,-0.03755120619025942,0.18536586008261205,0.11937160533468025,-0.09014629948364883,685879955.0,1.0708525556636135e-11,0.0,1.15263928290128,0.6246197008591559,0.47819999999999996,medium
2026-03-31,SPBE,0.11356937037801275,0.5509333516682798,0.3354972779537074,1.0,-0.02528548123980423,-0.0814757878554957,0.1975707831398585,0.12155508167391181,-0.11583744777819982,332902868.75,2.7074668586122504e-11,0.0,1.268291831248505,0.6057240686240045,0.6354000000000001,medium
2026-03-31,SVCB,0.4756983154115169,0.4252953471962607,0.0990063373922224,1.0,-0.08405797101449275,-0.0011853022520741385,0.1076520850121944,0.08188531810762913,-0.10449876018420112,733891043.75,1.2050975154719778e-11,0.0,0.7750436799030374,0.5128157441919208,0.30380000000000007,low
2026-03-31,T,0.42191840827933813,0.47286595260680764,0.10521563911385415,1.0,-0.05897435897435899,-0.029567307692307754,0.09671826806033536,0.0668431747050007,-0.08773520743595564,323981334.15999997,1.4320046338510267e-11,0.0,0.7656100881203883,0.5872616271789681,0.32639999999999997,medium
2026-03-31,TATN,0.40230591757787654,0.4903957843393411,0.10729829808278234,1.0,0.028301886792452713,0.17681415929203537,0.19412344595491807,0.09910901916136441,-0.06724286949006042,1708460102.75,5.686048767077055e-12,0.0,0.4013022786550975,0.16715673098290076,0.33480000000000004,medium
2026-03-31,UGLD,0.07240068056042838,0.2647049208505966,0.662894398588975,1.0,-0.08333333333333337,0.15422157149829174,0.43564578942020793,0.415277498535551,-0.24199124222170998,662233598.2,2.426501998464169e-11,0.0,2.6412517655740944,0.3947564593519725,0.7768000000000002,high
2026-03-31,VKCO,0.09770523642538753,0.41602907705981107,0.48626568651480145,1.0,-0.0749163879598661,-0.08863261943986811,0.2506350908536287,0.13189632595959588,-0.16332201296696502,492170687.82500005,2.3656566872205527e-11,0.0,0.6391497217526133,0.29128754460865536,0.7006,high
2026-03-31,VTBR,0.3193319397577504,0.565794605920698,0.11487345432155158,1.0,-0.00029046125246878773,0.17966822045516873,0.17679978455094186,0.12662564647839294,-0.0724832214765101,3064083371.7075,2.5457493948760553e-12,0.0,1.1188254066392647,0.4328367591369752,0.37220000000000003,medium
2026-03-31,WUSH,0.10495910877361304,0.47077055646188143,0.42427033476450554,1.0,-0.027619047619047654,-0.002496743378202382,0.1853580084965831,0.16664632348152397,-0.14982286033936232,207062192.79000002,3.700398734982168e-11,0.0,0.9037238422325755,0.2628671437310571,0.6746000000000001,medium
2026-03-31,X5,0.5088605964247531,0.39630103096978003,0.09483837260546683,1.0,-0.004161464835622186,-0.07158098933074686,0.12503463275403237,0.09164905946419252,-0.07511645962732916,1459276197.25,4.215012072240047e-12,0.0,0.5403778262847805,0.42111259980839866,0.29000000000000004,low
2026-03-31,YDEX,0.2430488806755733,0.637314069084842,0.11963705023958462,1.0,-0.08626266982963127,-0.10555203715431705,0.13989804912338424,0.10483244263983611,-0.1319109652272028,2557011283.25,3.641492768092148e-12,0.0,0.9535668064541425,0.5855025470244324,0.41140000000000004,medium
2026-04-30,AFKS,0.11721403389523952,0.5960959315609472,0.2866900345438132,1.0,-0.07105691056910568,-0.18257261410788383,0.2646258586609282,0.1295830137335173,-0.18210450966356484,659399285.9,2.2764591639354722e-11,0.0,1.428914668106918,0.6404764295975925,0.6118,medium
2026-04-30,AFLT,0.2270313476811485,0.6526807442095868,0.12028790810926467,1.0,-0.03368034292712796,-0.1508520179372197,0.1827603648081706,0.09365737202917543,-0.15267585466260958,689651468.75,1.857149733988985e-11,0.0,0.7062594128101053,0.3758012970641997,0.4206,medium
2026-04-30,ALRS,0.09710493046574828,0.4118223846606347,0.49107268487361694,1.0,-0.15218045112781953,-0.29840716774514675,0.26675440698370173,0.15002267245455814,-0.31004475385380403,817619869.5,1.7276919357283582e-11,0.0,1.3430230034612622,0.6246084249169003,0.7026000000000001,high
2026-04-30,ASTR,0.18672800496262343,0.6920464233259306,0.12122557171144589,1.0,0.07686496694995282,0.08053818457456896,0.2324752229091452,0.07790089838342641,-0.05543873064423632,56413375.775,9.274447797292671e-11,0.0,-0.22733283187082945,-0.13263261545357438,0.446,medium
2026-04-30,BSPB,0.5500098916388755,0.36066020795070897,0.08932990041041564,1.0,0.007731192387748997,0.00014755791648202177,0.06528091850668774,0.07077389981993983,-0.03769233015094442,109637971.55,4.217797741973502e-11,0.0,0.32873992258855894,0.2999448544014276,0.2728,low
2026-04-30,CBOM,0.07724560120314637,0.29043795452263804,0.6323164442742156,1.0,0.24995125755507908,0.05357436318816755,1.9776668624369655,0.3422018927088643,-0.188093730208993,120251450.8,9.270915749485908e-11,0.0,0.9846613587120567,0.08145681615779224,0.7628,high
2026-04-30,CHMF,0.11754242293354875,0.6008824439569321,0.28157513310951904,1.0,-0.06469864698646988,-0.20626304801670148,0.22795996591716786,0.11853630343268581,-0.2133388566694283,658758486.4,2.347861515953607e-11,0.0,1.4448098020773579,0.7114171104378761,0.6092,medium
2026-04-30,CNRU,0.2342508245607221,0.6457370910308433,0.12001208440843444,1.0,-0.0075907590759076715,-0.005621693121693139,0.174168716240418,0.08360617206283054,-0.06363636363636371,44060767.5,1.8327623454875534e-10,0.0,0.6734103732260763,0.36729863042794425,0.4164,medium
2026-04-30,DOMRF,0.5059769864869152,0.398812422380503,0.09521059113258162,1.0,-0.002182725288431553,-0.012780960775672146,0.12542404169664903,0.07419259425660181,-0.06554103910760012,246395125.25,2.3332431445740703e-11,0.0,0.36968422014998475,0.2804530895677191,0.2912,low
2026-04-30,ENPG,0.0685434616701281,0.24505140895661778,0.6864051293732542,1.0,-0.027909176915799416,-0.1488921101677365,0.27033831184436286,0.19348229425203006,-0.2062015503875969,123665313.825,7.914948893611673e-11,0.0,2.1890552106448404,0.7104892037981905,0.788,high
2026-04-30,FEES,0.11937006810759912,0.6318351260854111,0.2487948058069897,1.0,-0.04101675332177923,-0.10246012435793461,0.2032903087789592,0.15629092479343296,-0.10367170626349886,127371246.4,1.2064387917129931e-10,0.0,1.1265570140588563,0.44322033803178634,0.5918000000000001,medium
2026-04-30,FLOT,0.13381229107702128,0.7457854848540619,0.12040222406891675,1.0,-0.03393309986716586,0.05124835742444156,0.1961635390758772,0.12286988730283603,-0.13949962092494306,168417850.60000002,4.5702823044115367e-11,0.0,0.9528292989280522,0.32899287503759883,0.48679999999999995,medium
2026-04-30,GAZP,0.3962930943347045,0.4957908055217389,0.10791610014355654,1.0,-0.05248748435544437,-0.04697088906372937,0.19319731286943095,0.1197716119620362,-0.13757878722016947,3635491502.7,2.3614336933895264e-12,0.0,0.7969362865776517,0.42318706936501727,0.3374,medium
2026-04-30,GMKN,0.11839799498526739,0.6142805760738815,0.26732142894085104,1.0,-0.035011918951132426,-0.19490366687383476,0.24000227815790093,0.15739419599652896,-0.2214285714285713,2123936452.0,5.249866764026544e-12,0.0,1.174637902789016,0.5279044615429173,0.6017999999999999,medium
2026-04-30,HEAD,0.5380979807610234,0.37094012593132913,0.09096189330764752,1.0,-0.0006825938566552558,-0.003742769649540678,0.08681878375038594,0.0948408883253935,-0.04551451187335087,268690415.0,1.858252815955462e-11,0.0,0.7246015233690111,0.5362726387370079,0.27780000000000005,low
2026-04-30,HYDR,0.11984239163198118,0.7570107668936265,0.12314684147439231,1.0,-0.07299270072992703,-0.11488309352517978,0.156399270910418,0.10830158705514034,-0.1417288284335234,63384802.85,1.0565559896146748e-10,0.0,0.9428869513750813,0.5381847897235108,0.5034,medium
2026-04-30,IRAO,0.38481637772278604,0.5061161961248963,0.10906742615231761,1.0,-0.016025137470542128,-0.054926814546552016,0.13362913034443413,0.10462568492113956,-0.07031368389149872,279762118.85,2.061276113189591e-11,0.0,0.7972705123564677,0.5537714718819147,0.3424,medium
2026-04-30,LKOH,0.5741070143612591,0.3399558700147439,0.08593711562399706,1.0,0.02336795252225521,0.06896551724137923,0.1625317251710588,0.12314652331087689,-0.09109589041095889,2350015745.25,2.8966923129246478e-12,0.0,0.6001258700760204,0.2842211844455179,0.2626,low
2026-04-30,MAGN,0.11831112143296896,0.6128485102865552,0.2688403682804758,1.0,-0.06659226190476186,-0.21813649111872868,0.21069721718540133,0.17621867397653604,-0.20374484290701367,971464683.05,1.5500849840134555e-11,0.0,1.7056611394669277,0.6483132429718274,0.6026,medium
2026-04-30,MGNT,0.10744201392586168,0.49164223959674536,0.40091574647739286,1.0,-0.12595552466990967,-0.24617920287683548,0.2146214849787669,0.1527794393918315,-0.2512278612888823,565331993.25,2.288134285684781e-11,0.0,1.1353226155794771,0.583659699415323,0.6646,medium
2026-04-30,MOEX,0.487226960726622,0.4151874284000754,0.09758561087330261,1.0,-0.004042325526096846,-0.09192411924119248,0.13967867012098237,0.07368577988687773,-0.089258534464014,489327375.5,1.8263525014249555e-11,0.0,0.5314522003782245,0.45033554680910853,0.29900000000000004,low
2026-04-30,MTLR,0.07613829078728969,0.2844482396060986,0.6394134696066117,1.0,-0.11567107463140303,-0.2161142549178119,0.2756206605152749,0.1789527778209422,-0.21997845988152942,366583416.36,4.773059697199415e-11,0.0,1.4577356903508008,0.610318063223917,0.766,high
2026-04-30,MTSS,0.6296396073229915,0.29269982734667493,0.07766056533033361,1.0,-0.004078857919782464,-0.058886509635974305,0.1306582873987729,0.06083122111701793,-0.06150537634408604,455292936.75,1.363182006295721e-11,0.0,0.7719750278632956,0.6896244335525895,0.2384,low
2026-04-30,NLMK,0.11995445252055874,0.7549957411720214,0.12504980630741977,1.0,-0.0838411430972894,-0.21681336446919341,0.17140257748639456,0.11164550507962087,-0.22371005177646852,585299825.1,1.811418474536924e-11,0.0,1.1492950070611576,0.6677173484770333,0.5052,medium
2026-04-30,NVTK,0.1221003597031258,0.7581212453084692,0.11977839498840492,1.0,-0.07873185761777335,-0.04432668853562116,0.22321075280472402,0.1434685436075204,-0.2052771556550952,2081224822.6,5.8058909712735055e-12,0.0,1.1189875212136013,0.376284058575681,0.49760000000000004,medium
2026-04-30,OZON,0.1656193710124576,0.7131503086896318,0.12123032029791064,1.0,-0.03868427148482745,-0.1294315082861338,0.2230830987336187,0.13321611919080686,-0.13198075716377322,1274787312.0,1.0803165766091737e-11,0.0,1.37012884586518,0.6485980103591377,0.461,medium
2026-04-30,PHOR,0.2894667940294809,0.5935020032305799,0.11703120273993922,1.0,-0.01247248716067495,-0.024496303812146736,0.18069578281684173,0.1229699068059746,-0.1334020087561164,520257561.5,1.551200966925638e-11,0.0,0.6662229438016426,0.3078453681708203,0.3868,medium
2026-04-30,PIKK,0.7758392395239706,0.17139062930326113,0.05277013117276836,1.0,0.015163002274450443,0.15505714901876222,0.031213200190157973,0.06923786437004824,-0.033570701932858604,192278389.6,8.902356125511164e-12,0.0,-0.05468167073566991,-0.0302679443360309,0.164,low
2026-04-30,PLZL,0.11584574105126663,0.5777027641868756,0.30645149476185773,1.0,-0.02976795784413422,-0.16421119694194475,0.28933370949813086,0.16447386661378519,-0.19835735316906866,1497323122.0,6.245816461872777e-12,0.0,1.2348626231910769,0.4556373739033604,0.6215999999999999,medium
2026-04-30,POSI,0.11544805858462612,0.5727336185846534,0.3118183228307205,1.0,-0.05972117558402401,-0.1974593986171409,0.1821528333237395,0.1341205644789927,-0.1978463516554163,135259484.0,7.404473649750637e-11,0.0,1.2617948256257066,0.5606776405085735,0.6242000000000001,medium
2026-04-30,RAGR,0.08620592184810118,0.3415652994143483,0.5722287787375505,1.0,-0.11694677871148462,-0.1633770111129541,0.2304971601817127,0.19527769088611793,-0.19875080076873797,121784818.69999999,7.949631384789132e-11,0.0,1.0058128078247182,0.49279562218178213,0.7366,high
2026-04-30,RNFT,0.08431601410388179,0.33035631441511676,0.5853276714810014,1.0,-0.04407951598962845,-0.03993055555555558,0.306410724632357,0.21743922830955772,-0.23895027624309395,361770808.0,3.093955759777666e-11,0.0,1.1378701501832311,0.2727235526514058,0.7422000000000002,high
2026-04-30,ROSN,0.17466403445993073,0.7040605251264138,0.12127544041365544,1.0,-0.04033613445378148,0.09414920797138482,0.23371807581343532,0.17741536136810296,-0.16562682784168448,2743689647.8,3.3460336437906368e-12,0.0,0.8505971577100374,0.2750689405394666,0.4544,medium
2026-04-30,RTKM,0.12104436691867411,0.7255697056269339,0.15338592745439186,1.0,-0.04282160625444209,-0.18292128014560916,0.17308770137152596,0.11225095484414295,-0.17072044334975367,170686796.75,4.358380032413617e-11,0.0,1.0941438068406935,0.6887266025217523,0.5296,medium
2026-04-30,RUAL,0.12980704305597116,0.7499818930431245,0.12021106390090436,1.0,-0.05770855970059163,-0.0016628293681250073,0.22844055323978854,0.13785508026563725,-0.14131643317767395,751451479.875,1.5680954159013775e-11,0.0,1.446015952706312,0.5093537861999188,0.4904,medium
2026-04-30,SBER,0.8727804028304214,0.09384870656964191,0.03337089059993668,1.0,0.007942261023038855,0.007180423896954613,0.0804067487770654,0.04186346914212436,-0.02315281468584862,6069781040.065001,7.996574144499965e-13,0.0,0.5536395082374521,0.6737077819787679,0.092,low
2026-04-30,SGZH,0.036227043299962465,0.10439751708051788,0.8593754396195197,1.0,-0.23768736616702357,-0.3169608595548733,0.4312119939484295,0.24669267727803892,-0.32320123124278577,258703659.5,9.144651434376729e-11,0.0,1.898700780090187,0.6007156570962735,0.8958,high
2026-04-30,SIBN,0.19118800846210796,0.6876343862872935,0.1211776052505985,1.0,-0.02382086707956166,0.014155612749950475,0.20690451916322644,0.11712388401929326,-0.08737690241718887,258332631.0,3.392425136348179e-11,0.0,1.0628436041201312,0.496258844669436,0.443,medium
2026-04-30,SMLT,0.06977966267402416,0.2512736543507542,0.6789466829752215,1.0,0.015531238969290317,-0.33938002296211256,0.5745316420377728,0.21836615393916903,-0.3628584643848288,1734950680.6,1.4780585078818837e-11,0.0,1.9867094614459981,0.48486748004903324,0.7844,high
2026-04-30,SNGS,0.1227273328021239,0.7574557259864595,0.11981694121141669,1.0,-0.030399607746996904,-0.10459587955626004,0.18605456247119392,0.13131381410129503,-0.15210843373493976,341435581.5,1.8450661407108314e-11,0.0,1.1555739412310935,0.5550418599825035,0.497,medium
2026-04-30,SPBE,0.057064560757786154,0.1904487770911691,0.7524866621510449,1.0,-0.13376906318082782,-0.22191780821917806,0.3278671549578932,0.1919223162822317,-0.23140172278778381,228795186.3,5.643778104306426e-11,0.0,1.2248736767014146,0.4368283501580364,0.8224,high
2026-04-30,SVCB,0.15618157280610842,0.7227181113531219,0.12110031584076972,1.0,-0.022131147540983553,-0.14110871130309577,0.20014019004181363,0.08939194736972937,-0.14326750448833037,407350461.5,2.4930907822460938e-11,0.0,1.0819992004507921,0.6562033069377072,0.4682,medium
2026-04-30,T,0.440820116142935,0.45606570649758177,0.10311417735948318,0.7,-0.04455569461827291,-0.12853881278538803,0.13446937288683208,0.0861794797492572,-0.12252873563218392,1824400651.4,4.560409495060055e-12,0.3,0.7859630298667244,0.6746884767164255,0.3184,medium
2026-04-30,TATN,0.11977839498840492,0.7581212453084692,0.1221003597031258,1.0,-0.04827360497463595,0.07445039719194546,0.2534916204637449,0.16158281604955416,-0.16849816849816845,1042878990.75,1.451760788235193e-11,0.0,0.5539888140544486,0.17983788588099256,0.5024,medium
2026-04-30,UGLD,0.07842077565292115,0.29686838363108586,0.624710840715993,1.0,0.12138202757993621,-0.07395820297835065,0.39271979588915745,0.27216741573346953,-0.23246878001921234,365816090.0,3.641052353593287e-11,0.0,0.7222589758792058,0.17981433127084448,0.7594000000000001,high
2026-04-30,VKCO,0.09490052996992916,0.39671942393468207,0.5083800460953887,1.0,-0.10440274939624727,-0.22863999999999995,0.23512364298422392,0.1480490054304429,-0.23085513720484996,393239842.7,4.358315422353149e-11,0.0,1.1580399886747927,0.504828112959286,0.7098,high
2026-04-30,VTBR,0.658172948424581,0.26866566790061175,0.0731613836748073,1.0,0.009955752212389202,0.036322360953461974,0.17876695166069156,0.10778768568808228,-0.06931702344546375,4071573919.74,2.20139733785817e-12,0.0,0.6221347697126519,0.33047392165647266,0.22540000000000002,low
2026-04-30,WUSH,0.05591164047122572,0.18526228835804537,0.758826071170729,1.0,-0.09947582993593473,-0.27922804400522094,0.285780688702159,0.1834966399941507,-0.2729922888847094,169274031.01999998,6.760644098990069e-11,0.0,1.0955376968316555,0.38946181916724487,0.8260000000000001,high
2026-04-30,X5,0.7171873725627017,0.21949668612011602,0.06331594131718224,1.0,-0.047443762781186116,-0.0364087712039719,0.09441125797948033,0.07416915485178062,-0.0670939315041057,1054073662.0,4.511563267222049e-12,0.0,0.5809244935629688,0.5230252585693081,0.19660000000000002,low
2026-04-30,YDEX,0.1814814480351273,0.6972565592641788,0.12126199270069386,1.0,-0.02180460185519817,-0.15601288847313166,0.2240253814966106,0.11525471907902711,-0.1658526447053933,2563118237.5,3.548149040665611e-12,0.0,1.199969534359954,0.6256888420555238,0.4496,medium
2026-05-31,AFKS,0.11975245145851324,0.7585636474667905,0.12168390107469623,1.0,0.095408631772268,-0.02381342062193126,0.2946960472245005,0.14297364558648015,-0.14272030651340994,1237335298.4,1.2475127698478626e-11,0.0,1.1505874482841962,0.4783574730877459,0.502,medium
2026-05-31,AFLT,0.39906458701739767,0.4933028452512826,0.10763256773131986,1.0,-0.0063628899835797,0.008962067528136775,0.1934867714409787,0.09107912648736789,-0.07854444223503665,590174056.1,9.868140146879732e-12,0.0,0.8597660139288028,0.48444742966501614,0.3362,medium
2026-05-31,ALRS,0.09607219277436885,0.4046813296107395,0.49924647761489166,1.0,-0.13936430317848403,-0.2923607122343481,0.2230089569323871,0.1789677428272724,-0.2925624636839047,538432178.4,2.6658278921185995e-11,0.0,1.3700662057273922,0.6462462352120446,0.7059999999999998,high
2026-05-31,ASTR,0.37075778724951475,0.5188158404507949,0.11042637229969035,1.0,-0.010737294201861092,0.10892678034102299,0.1597205479057981,0.09659616889945923,-0.04466154919748777,126487430.20000002,3.028612685843003e-11,0.0,0.08213867220839127,0.0481469291825057,0.3486000000000001,medium
2026-05-31,BSPB,0.11723980921044465,0.5964655513073467,0.2862946394822086,1.0,-0.11169934260282732,-0.08283277270542999,0.23441058908308304,0.17830069780082325,-0.11169934260282732,79879918.30000001,5.487982459328096e-11,0.0,0.12097820417617096,0.08624658473072892,0.6115999999999999,medium
2026-05-31,CBOM,0.06991726387173368,0.25197064643155054,0.6781120896967158,1.0,0.21397166585246707,0.3653846153846154,0.510495219749575,0.3487592663319764,-0.22735908803039895,59947126.05,1.5485044965508101e-10,0.0,0.41130379598343286,0.03794811336892865,0.7839999999999999,high
2026-05-31,CHMF,0.1211738310597444,0.6873379790795044,0.19148818986075122,1.0,-0.08392904421498537,-0.19516166550360547,0.17580797102292473,0.13163443151247706,-0.19376026272578006,508271017.1,2.2411074640760724e-11,0.0,1.6455850026997452,0.8522525657458639,0.5572,medium
2026-05-31,CNRU,0.1873180490457494,0.6914618427471521,0.12122010820709872,1.0,0.023450048185030603,0.027410512737826576,0.19703003700841407,0.07471921044785544,-0.06363636363636371,59505421.5,6.605263521021533e-11,0.0,0.580313348109672,0.36216153268593093,0.4456,medium
2026-05-31,DOMRF,0.5155855237354314,0.39045127834364635,0.0939631979209221,1.0,0.06574869388116533,0.10706894172837211,0.16320741405219977,0.051329010251581396,-0.04108874298882559,360760498.55,2.9888004043154456e-11,0.0,0.3329600597991014,0.27268546085098117,0.2872,low
2026-05-31,ENPG,0.10196722012399363,0.44722033395720656,0.4508124459187998,1.0,-0.07400474229377252,-0.1538373816854829,0.17414424879425028,0.16800072768207025,-0.1848841041414918,95267665.4,1.1935732516379064e-10,0.0,1.7319313705928994,0.7903423381311276,0.6857999999999999,high
2026-05-31,FEES,0.06806389938142303,0.24265652370185783,0.6892795769167191,1.0,-0.16027673681176124,-0.14323529411764713,0.3053809356808341,0.2385077415806511,-0.19928236268285948,98653060.6,8.226182366861974e-11,0.0,0.8834533407092575,0.33458500178974676,0.7894,high
2026-05-31,FLOT,0.14356188894735453,0.7356586527246415,0.12077945832800392,1.0,0.059235668789809015,-0.001081210956270895,0.17845917223095706,0.123553287575404,-0.09470752089136492,175176150.8,4.477861508404496e-11,0.0,0.4538238012480954,0.2443130888222879,0.4784,medium
2026-05-31,GAZP,0.18321754820394592,0.6955300625443456,0.12125238925170845,1.0,-0.04018892940006635,-0.15136640046889893,0.20805695402787316,0.1377404735341043,-0.1441274546128195,4156795839.9,2.2497279852227903e-12,0.0,1.2075770963677281,0.6976076682811819,0.4484,medium
2026-05-31,GMKN,0.2572104861371906,0.6238405219424524,0.11894899192035704,1.0,-0.05833833233353336,-0.11037120997449701,0.14913109222925153,0.16647025623052533,-0.11698059764905822,1592887603.5,7.308644870558955e-12,0.0,1.0303581061853313,0.53667874908592,0.4036,medium
2026-05-31,HEAD,0.12121997120358602,0.7142312853647268,0.1645487434316872,1.0,-0.021342512908777977,-0.029692832764505073,0.2878166268114636,0.20334380386747578,-0.0955734406438632,349543567.0,1.8060251519995153e-11,0.0,0.20694421821250486,0.12437077001994955,0.5381999999999999,medium
2026-05-31,HYDR,0.12043239995390145,0.745077767829692,0.1344898322164065,1.0,-0.016570424303288922,-0.1083541998634191,0.14195082514152563,0.11208494743407711,-0.14016783851213432,51313866.0,1.295728072015326e-10,0.0,0.7634119628920139,0.5510225934833651,0.5137999999999999,medium
2026-05-31,IRAO,0.6233619545064295,0.2980100874532874,0.07862795804028308,1.0,0.00753887231035022,0.011510564490696984,0.08868250788835236,0.06868543928571486,-0.0487062404870624,246130009.35,1.371461893739869e-11,0.0,0.6945971341445664,0.7421629634442394,0.24120000000000003,low
2026-05-31,LKOH,0.26242221567752694,0.6189068129791105,0.11867097134336249,1.0,-0.05769230769230771,-0.13876439054398448,0.16354205101997735,0.15653836693995626,-0.12662076365912545,2161343821.5,4.894586449259433e-12,0.0,0.6226618740068446,0.35033243639825146,0.40080000000000005,medium
2026-05-31,MAGN,0.12070702134597741,0.6652522541597224,0.21404072449430023,1.0,-0.10953307392996103,-0.11367157242447712,0.2429848864558918,0.1517165774977043,-0.17704385489983754,726707714.65,2.418533369210104e-11,0.0,1.708787374576744,0.7499513183506948,0.5716,medium
2026-05-31,MGNT,0.11409885100819725,0.5568328954656832,0.32906825352611974,1.0,-0.10068027210884356,-0.21814802298073677,0.19911718434862707,0.1570098782590683,-0.23891462607544678,555078815.0,1.723029592788106e-11,0.0,1.443704863056278,0.7775140981076673,0.6324000000000001,medium
2026-05-31,MOEX,0.6477605208766771,0.2774167980818485,0.07482268104147438,1.0,0.026531568466674482,0.032518409425625894,0.13783654927867192,0.07187380939390255,-0.053040176800589256,621087756.0,1.3267150337762286e-11,0.0,0.787221539654908,0.6700258864752809,0.23020000000000002,low
2026-05-31,MTLR,0.05635867604107167,0.1872671478757791,0.7563741760831492,1.0,-0.15325131810193315,-0.28271549799017426,0.30756199307241344,0.22103357778636634,-0.2944147355912061,314982028.74,4.334897802467365e-11,0.0,1.6817195775469713,0.6835630253557934,0.8246,high
2026-05-31,MTSS,0.7167997134777,0.21981723738459974,0.06338304913770039,1.0,0.04302299112223995,0.023681858802502065,0.11974651024743657,0.056390084067980434,-0.041868664609960304,445641746.0,1.108058907614466e-11,0.0,0.4625704435929985,0.4565485244678113,0.1968,low
2026-05-31,NLMK,0.12047436476874787,0.6578895037484245,0.2216361314828277,1.0,-0.08226818498721822,-0.1884504726674886,0.17630293535629785,0.11609450847156673,-0.1991845056065239,445085907.0,2.8162567504907787e-11,0.0,1.3119283208730181,0.786783197791398,0.5761999999999999,medium
2026-05-31,NVTK,0.1577237625867139,0.7211485611715936,0.12112767624169264,1.0,-0.08085142906188292,-0.18525562994522216,0.17277127466130973,0.15261344205113261,-0.18207846475276634,1563699202.0,5.348111025115875e-12,0.0,1.0314596688079793,0.5329857150813384,0.467,medium
2026-05-31,OZON,0.16481588227708943,0.7139614618425014,0.12122265588040908,1.0,-0.06701631701631705,-0.10348303281442495,0.2072654073253179,0.1462946294130491,-0.11237331551397711,1052539216.0,1.2109461014948171e-11,0.0,1.5026972059531911,0.8068286037647646,0.46159999999999995,medium
2026-05-31,PHOR,0.15112894442579922,0.7278779689033054,0.12099308667089549,1.0,-0.10232489264030797,-0.17478900081677107,0.1386476827573909,0.11435870540814158,-0.18859590416276273,341968730.0,2.4380686978696687e-11,0.0,0.7389297550203616,0.4551008173238218,0.47220000000000006,medium
2026-05-31,PIKK,0.7907115362643423,0.15932294116921777,0.049965522566439775,1.0,0.00742804085422466,0.14210526315789473,0.02026584856399518,0.014106142597021866,-0.004846225535880766,149424054.8,6.2722971220386144e-12,0.0,0.10767843532422706,0.08693931359765673,0.1548,low
2026-05-31,PLZL,0.2914597838462161,0.5916421841483591,0.1168980320054247,1.0,-0.04427942794279427,-0.016973125884017004,0.14532922566458398,0.17913257768913024,-0.10697230181470874,905783283.0999999,9.198305493618737e-12,0.0,0.8618876437960843,0.35350498414020304,0.3858,medium
2026-05-31,POSI,0.10375628705645655,0.4611137484532497,0.4351299644902938,1.0,-0.1785373305327479,-0.21524990879241157,0.17847287092769892,0.14052059669009942,-0.2380103405241576,175835479.89999998,5.3126779133168424e-11,0.0,1.4331735613443484,0.7374963187894891,0.6791999999999999,medium
2026-05-31,RAGR,0.10475259875249657,0.46909315224692916,0.42615424900057425,1.0,-0.055917986952469745,-0.10433244916003537,0.26611070770403294,0.19308971979452894,-0.17112024665981507,193728580.24,3.847346768225968e-11,0.0,1.118616123158776,0.5129888467124954,0.6754,medium
2026-05-31,RNFT,0.056807400241153404,0.18928742047913708,0.7539051792797096,1.0,-0.12382739212007499,-0.27987663839629906,0.2903898326596574,0.2246726736665724,-0.27294117647058824,140837202.0,7.365106933560285e-11,0.0,1.2590423530707997,0.4574879930942356,0.8231999999999999,high
2026-05-31,ROSN,0.16481588227708935,0.7139614618425015,0.12122265588040908,1.0,-0.05183926186718468,-0.21198668146503885,0.1429458515540356,0.16431533501721732,-0.19626362221069027,1563381727.65,5.801860878891584e-12,0.0,0.728239025388303,0.38452791652415336,0.4616,medium
2026-05-31,RTKM,0.22839440551993936,0.6513674897101023,0.12023810476995843,1.0,-0.04883068288119741,-0.11103339744710605,0.07991655887039166,0.09546796018882497,-0.1347736625514403,155865821.6,3.43242666163731e-11,0.0,0.9912910520898818,0.7820185516436043,0.4198,medium
2026-05-31,RUAL,0.11346118122214155,0.5497484240459951,0.33679039473186334,1.0,-0.09581309883186762,-0.12509525019050027,0.265758582564292,0.16581717148745906,-0.22407794015309668,665746361.425,2.4376783398016332e-11,0.0,1.3324843333609677,0.5615831760977513,0.636,medium
2026-05-31,SBER,0.8710874016874809,0.09517738091984032,0.03373521739267871,1.0,-0.00704247104247091,0.02222716865937424,0.06516543918441985,0.03758467827989561,-0.026329454167812072,4775632579.88,9.145717024821121e-13,0.0,0.46906091511909004,0.6860673897826678,0.09360000000000002,low
2026-05-31,SGZH,0.06649360051358025,0.23488727310756102,0.6986191263788587,1.0,-0.06351883080382237,-0.28282393456736976,0.17251782505948757,0.25157844261438955,-0.3234932349323494,92796557.0,9.603265178944099e-11,0.0,1.7380116521210056,0.6127885129952649,0.794,high
2026-05-31,SIBN,0.41301287950794113,0.48081317145747227,0.10617394903458653,1.0,-0.027965284474445462,-0.06232558139534883,0.1075158190717311,0.1005904909388311,-0.07141535615171146,229681088.65,2.7370174291999757e-11,0.0,0.6548741864060057,0.4436934491457897,0.3302,medium
2026-05-31,SMLT,0.057386764433854646,0.19190753969705288,0.7507056958690925,1.0,-0.31905414667580545,-0.4086309523809524,0.38608220327459275,0.25955766334773694,-0.4155688622754491,741485210.4000001,2.871316117491682e-11,0.0,2.4618620321126894,0.6023941031203015,0.8214,high
2026-05-31,SNGS,0.2469895985519183,0.6335546258001833,0.11945577564789842,1.0,-0.047091412742382155,-0.10754716981132062,0.13904908997427615,0.1148139350940838,-0.11772983114446534,321400907.5,2.1772239524706153e-11,0.0,0.9356155637498901,0.6670902543552086,0.4092,medium
2026-05-31,SPBE,0.07260808062023758,0.2657819455280676,0.6616099738516948,1.0,-0.011133603238866363,-0.17795540597391668,0.39833060148324684,0.20540732120604505,-0.21829521829521825,415344829.20000005,3.6365758627478126e-11,0.0,1.951225011298939,0.6277353027462427,0.7761999999999999,high
2026-05-31,SVCB,0.3445990148951174,0.5426049187857158,0.11279606631916678,1.0,-0.019278096800656175,-0.060879811468970924,0.1552931236747831,0.09303743731037938,-0.08138629283489096,347602639.75,2.173009351848345e-11,0.0,1.0965092085801973,0.7160580168000438,0.36039999999999994,medium
2026-05-31,T,0.6516827093521638,0.2741177617268026,0.07419952892103364,0.95,-0.03194703348974737,-0.06488668115492091,0.12815808362836464,0.09424863120900376,-0.07992667277726861,2812734609.2799997,2.588027322785687e-12,0.0,0.8268661226782971,0.7585966218823885,0.22840000000000002,low
2026-05-31,TATN,0.1212669972665052,0.6984018850600403,0.18033111767345456,1.0,0.038865004299226236,-0.11487179487179489,0.24331255734931484,0.16628952216443646,-0.15024815761768684,912325846.8,1.4178378269582185e-11,0.0,0.9463300747859048,0.42239644817248945,0.5496,medium
2026-05-31,UGLD,0.059206044584638934,0.20022137734946557,0.7405725780658956,1.0,-0.20659912376779854,-0.17048382479244195,0.574365531907497,0.3735203315185981,-0.29652715939447905,367744125.0,3.7934080053588994e-11,0.0,0.48659220418383514,0.11963867745980131,0.8158,high
2026-05-31,VKCO,0.1143734057103171,0.5599618096520538,0.3256647846376292,1.0,0.005661564269239028,-0.134764567923507,0.2904864032663393,0.15594190050824505,-0.16511627906976745,550836547.225,3.316203719064927e-11,0.0,1.5137151424612432,0.6567796047204824,0.6307999999999999,medium
2026-05-31,VTBR,0.12031232978477494,0.6533357154881946,0.22635195472703049,1.0,-0.148822673635433,-0.05282407962585445,0.3183601541463769,0.23942992971276547,-0.1958205912334352,2906691797.145,2.749016001975181e-12,0.0,1.0543317903678304,0.4568437267398928,0.5790000000000001,medium
2026-05-31,WUSH,0.04368156374625226,0.13334318335148895,0.8229752529022588,1.0,-0.23841059602649006,-0.33475223750272864,0.4555991465906537,0.332501426862252,-0.34978260869565214,203453561.35,3.346868851500693e-11,0.0,1.451213854279751,0.46367958110798824,0.867,high
2026-05-31,X5,0.6385296778978639,0.2851935735201187,0.0762767485820174,1.0,0.027428810720268038,0.025067892208063602,0.15568251739626604,0.06593750686833628,-0.0546938775510204,827278696.5,6.970526218163604e-12,0.0,0.6446257628775963,0.5714330385771397,0.2344,low
2026-05-31,YDEX,0.5717588763822332,0.34196806575534255,0.08627305786242426,1.0,-0.027234042553191506,-0.0642105263157895,0.12130996518244337,0.10579380949335908,-0.08585220089644874,1321976196.0,4.489755885974098e-12,0.0,1.0813918505941857,0.6977789305145897,0.2636,low
2026-06-19,AFKS,0.3286418458298355,0.5572246852810738,0.11413346888909072,1.0,0.12628951747088202,0.10316166883963485,0.36603000179858813,0.1497101952672626,-0.1345688960515713,1489908931.3500001,1.0483824781018157e-11,0.0,0.6268803922530829,0.2763873091664475,0.3678,medium
2026-06-19,AFLT,0.3564667316038033,0.5317858740940157,0.11174739430218099,1.0,-0.12190082644628097,-0.14418042690293997,0.2318980890263988,0.12775369520291205,-0.1549015708888447,785773995.5,1.5529474051298162e-11,0.0,0.8643422613914804,0.6050855175926737,0.355,medium
2026-06-19,ALRS,0.09643841115444622,0.4072000460041059,0.49636154284144784,1.0,-0.0028723840787854282,-0.23319659198485332,0.4004031234033732,0.20850240841788262,-0.2676720075400566,741823066.5,2.761422746532677e-11,0.0,1.3800219677897283,0.6429490714466998,0.7048,high
2026-06-19,ASTR,0.043077311542559456,0.1309213084925392,0.8260013799649014,1.0,-0.37359855334538883,-0.3379204892966362,0.8588858900074291,0.5552596966307047,-0.39567341242149345,386019363.9,4.230063224499134e-11,0.0,1.196304666799034,0.30453608439691693,0.8692,high
2026-06-19,BSPB,0.11813329613927628,0.6099723420358889,0.2718943618248348,1.0,-0.05600704983844107,-0.14932352941176463,0.3149489647669024,0.19490075820832134,-0.1666181860492174,95387392.8,1.1544808582251608e-10,0.0,0.618807769374636,0.37084969165253545,0.6042000000000001,medium
2026-06-19,CBOM,0.10602439128343125,0.47956007541064855,0.4144155333059201,1.0,0.15502942750133752,0.12041001686778263,0.3033490728883406,0.36311240834877234,-0.21472708547888775,104715944.85,1.1289214953502435e-10,0.0,0.12832623278563368,0.03935694888976747,0.6704,medium
2026-06-19,CHMF,0.12113201782228578,0.7208859972297114,0.15798198494800272,1.0,-0.09330628803245444,-0.23271211378126544,0.23221937434668918,0.16318157727250035,-0.2514354066985647,659174863.0999999,2.607454340755562e-11,0.0,1.2535113433511846,0.7933632387994861,0.5332,medium
2026-06-19,CNRU,0.5247007720693088,0.3825380563873781,0.09276117154331315,1.0,0.009419152276295195,0.028141989126958755,0.1263482635559784,0.06708126819658872,-0.044183089637635176,114727219.5,6.044359643347906e-11,0.0,0.29623901353001975,0.2720799531035731,0.28340000000000004,low
2026-06-19,DOMRF,0.614773997384362,0.3052877322541726,0.07993827036146538,1.0,-0.04834700472284381,0.0230248508060924,0.16121642078272372,0.09632257220081357,-0.06355483081940483,360592197.5,2.50213415117651e-11,0.0,0.5467491214781127,0.5149755879801035,0.245,low
2026-06-19,ENPG,0.07496117168864715,0.27815270700748346,0.6468861213038694,1.0,-0.00471380471380467,-0.17282292366241325,0.4531229708959055,0.234593023227873,-0.18800220143093005,137662797.9,1.3179585643466877e-10,0.0,1.633605251563617,0.7143802810747791,0.7693999999999999,high
2026-06-19,FEES,0.07468419346546158,0.2766818996419543,0.648633906892584,1.0,-0.10985238585650525,-0.2492762015055009,0.2906711810473028,0.25169819919497116,-0.272242492281785,133319245.4,1.070752758962275e-10,0.0,1.0726518983209634,0.5227739194522828,0.7701999999999998,high
2026-06-19,FLOT,0.12633231413214194,0.7536407901289269,0.12002689573893105,1.0,-0.10204081632653061,-0.10096153846153855,0.2600918266955319,0.1956058238795479,-0.12216875953526574,192644150.3,3.553598781664831e-11,0.0,0.7463039681639979,0.48246762120036263,0.49360000000000004,medium
2026-06-19,GAZP,0.4843433761322707,0.41771279789254884,0.09794382597518045,1.0,-0.09735659986178313,-0.16747669508405716,0.18108775175614755,0.14168870636199316,-0.16959389652706036,3430225765.45,2.963526288363301e-12,0.0,1.016948635601836,0.76944858764493,0.3002,low
2026-06-19,GMKN,0.21731982445457163,0.6620692209962488,0.12061095454917964,1.0,0.04440919904837437,-0.03346543372963451,0.37336732799182554,0.20409903377124752,-0.11698059764905822,2492635806.4,6.551504026289137e-12,0.0,1.3798256455185474,0.6882683056887442,0.42639999999999995,medium
2026-06-19,HEAD,0.34285646101427986,0.5441973074254655,0.11294623156025466,1.0,-0.037337090524832695,-0.06945863125638407,0.11593824100360561,0.20302935081639678,-0.0955734406438632,229442290.0,2.8883330987444153e-11,0.0,0.3569202400719988,0.2629942863139353,0.3612,medium
2026-06-19,HYDR,0.07026146137287208,0.25371800814234896,0.676020530484779,1.0,-0.14782829565659128,-0.20497630331753547,0.3800141246334654,0.26605369495393333,-0.20723062381852553,57405529.75,1.5176676998730174e-10,0.0,1.3022583865412563,0.6959804719101537,0.7829999999999998,high
2026-06-19,IRAO,0.10597439151449034,0.47914222568609804,0.4148833827994116,1.0,-0.15143929912390486,-0.16771520638330517,0.3841658284236102,0.2869394066061297,-0.18241590214067271,292735767.85,3.135747404140605e-11,0.0,0.49097829547005833,0.2839456340286583,0.6706000000000002,medium
2026-06-19,LKOH,0.16428194967940302,0.7145008285879604,0.1212172217326367,1.0,-0.10655235762400495,-0.18301446570228652,0.2600264942921642,0.19901679526890984,-0.21177741761210156,3298397141.0,4.900887188887394e-12,0.0,0.9074540655363244,0.5734411492083771,0.46199999999999997,medium
2026-06-19,MAGN,0.12118272546705985,0.7174473278860428,0.16136994664689733,1.0,-0.08240192855577477,-0.2218918416651181,0.24217973615091817,0.17638718990246854,-0.2569933225049629,760751130.0250001,2.296292785739929e-11,0.0,1.3046483762990544,0.7599186872685919,0.5358,medium
2026-06-19,MGNT,0.1212356442861783,0.6932121777779177,0.185552177935904,1.0,-0.09735472679965307,-0.2642276422764228,0.2258141304008693,0.17766773051957988,-0.2668193025713279,666375308.0,2.3132560771385374e-11,0.0,1.2134333907974557,0.7472711306965408,0.5532,medium
2026-06-19,MOEX,0.6768580220183256,0.25301822824969566,0.07012374973197878,1.0,-0.026932952924393683,-0.009065024115288534,0.15361921504701542,0.0839833915973047,-0.053040176800589256,593539075.25,1.54816089294543e-11,0.0,0.7688377939643195,0.7188959990864551,0.2166,low
2026-06-19,MTLR,0.05147916553242798,0.1657991594535902,0.7827216750139818,1.0,-0.11053504769805056,-0.3349356489378198,0.4450616509462147,0.26883813999179396,-0.353774295615489,400621555.075,6.144485888555884e-11,0.0,1.9817636919062485,0.787207321758705,0.8401999999999998,high
2026-06-19,MTSS,0.8107442455806705,0.14315853428029487,0.046097220139034556,1.0,-0.021411404850338656,0.005387205387205274,0.07233868267430521,0.053838191787558866,-0.041868664609960304,492973582.5,9.089994643921453e-12,0.0,0.3272895491622246,0.4520818866608287,0.1416,low
2026-06-19,NLMK,0.12085454436665455,0.7331774132727926,0.14596804236055283,1.0,-0.12118126272912422,-0.2631803628601921,0.22256011532987588,0.13388262769333242,-0.2700359484034679,752517520.8,2.358360719469396e-11,0.0,1.1192131805842744,0.7797709604453961,0.5236,medium
2026-06-19,NVTK,0.1235675739591078,0.7565647824489781,0.11986764359191411,1.0,-0.08824899822942867,-0.1662547933532169,0.2936815314339285,0.18224527081769143,-0.1957254418413481,2045175326.55,1.0519656690761797e-11,0.0,1.3066345259212742,0.7584452857005946,0.4962,medium
2026-06-19,OZON,0.17550513273863888,0.7032189462080761,0.12127592105328494,1.0,-0.07272272897663379,-0.15062378390751974,0.28643765693102824,0.17368793320803544,-0.18253703084976058,1531573907.25,9.95154312311978e-12,0.0,1.3386271695495524,0.7807882802473636,0.45380000000000004,medium
2026-06-19,PHOR,0.2226407779476518,0.6569182696339522,0.12044095241839602,1.0,-0.05817944108514461,-0.17210170952449366,0.20222010559473244,0.10438957763939395,-0.19376049244543925,376857966.0,3.089703932507321e-11,0.0,0.7581688846292337,0.6365997811001997,0.42319999999999997,medium
2026-06-19,PIKK,0.15849945197834273,0.7203600350885332,0.12114051293312404,1.0,0.08276497695852525,0.10475832236223415,0.48365398651215474,0.2240975627256331,-0.0870129870129871,339201259.1,5.51055923797298e-12,0.0,-0.1908788351567833,-0.0952383553771609,0.4664,medium
2026-06-19,PLZL,0.30399169457327574,0.5799839208886238,0.11602438453810054,1.0,-0.03512297827543309,-0.10030340888809552,0.2595028707255566,0.18472234127752712,-0.15342537119041422,1349176250.0,1.0346931572619449e-11,0.0,0.8282491512514774,0.4392241888612827,0.37960000000000005,medium
2026-06-19,POSI,0.10647106882861228,0.4833172614655299,0.41021166970585776,1.0,-0.05568554047730456,-0.24021084337349397,0.2815949320363604,0.18855454977629485,-0.2598569594718503,256686884.8,4.888592713852401e-11,0.0,1.2825438293053764,0.724276081528197,0.6685999999999999,medium
2026-06-19,RAGR,0.12060313439392047,0.740781176972454,0.13861568863362542,1.0,-0.02871287128712874,-0.12939297124600646,0.27791389126345184,0.20411374463982848,-0.1423254165189649,307407859.38,3.1221272847891645e-11,0.0,1.1694546238048833,0.5956971074355127,0.5174,medium
2026-06-19,RNFT,0.05445505593052131,0.17878352199417927,0.7667614220752993,1.0,-0.11445459430413751,-0.2781427945685502,0.407409299168026,0.27734941270692975,-0.2847222222222222,199984732.89999998,5.957049524691051e-11,0.0,1.0922823781015119,0.4746883725205928,0.8306,high
2026-06-19,ROSN,0.13381229107702122,0.7457854848540619,0.12040222406891675,1.0,-0.16564417177914115,-0.247926267281106,0.25734192942751977,0.18159664804089512,-0.2614844987553744,1733419945.4,6.531928977051636e-12,0.0,0.7290612062334583,0.5162158027653653,0.4868,medium
2026-06-19,RTKM,0.14572594141201173,0.733426761131527,0.12084729745646115,1.0,-0.06064209274673016,-0.16710595677385343,0.2128191712158855,0.12254638823211222,-0.18134715025906734,153136678.8,5.939096117410954e-11,0.0,0.8673436514351244,0.7540720161498949,0.4766000000000001,medium
2026-06-19,RUAL,0.10152268576539149,0.4438480519784595,0.4546292622561489,1.0,-0.09448136376769722,-0.25760985431718586,0.46245604453562217,0.21431202745616776,-0.2560237388724036,1094222722.35,1.8445449958146905e-11,0.0,1.6063572448893257,0.6677270153748549,0.6873999999999999,high
2026-06-19,SBER,0.8689438775977991,0.0968611529763311,0.03419496942586972,1.0,-0.025997073383355662,-0.035218651699253756,0.09926155935010045,0.05529057563365587,-0.04444240813708422,5490742030.6,7.724829767030945e-13,0.0,0.4743296936626802,0.8051101981857632,0.0956,low
2026-06-19,SGZH,0.07952486527992207,0.302980892836154,0.6174942418839239,1.0,0.0072727272727273196,-0.19437712069801272,0.3674062828988711,0.22810658802814812,-0.20251329144514263,116756235.25,1.4866937635221543e-10,0.0,1.6767760859816478,0.7328007901600453,0.7562000000000001,high
2026-06-19,SIBN,0.3555814873539394,0.5325913552239759,0.11182715742208468,1.0,-0.08625658352380006,-0.10987415295256531,0.16768489173852105,0.11405995379077052,-0.12876634451392843,200413475.425,3.438491426011018e-11,0.0,0.6394075281469173,0.6140664742754895,0.3554,medium
2026-06-19,SMLT,0.07074377701239447,0.256175965921724,0.6730802570658815,1.0,-0.0625,-0.41923198984449384,0.7780639119940669,0.35533542945276597,-0.48952095808383234,1989040295.2,1.3798678731202025e-11,0.0,2.2151765990058148,0.5367109639557082,0.7816,high
2026-06-19,SNGS,0.24519311546352643,0.6352674723080575,0.11953941222841608,1.0,-0.07731137088204043,-0.14731156395777067,0.20907335361185725,0.13006621498981438,-0.15989356555394307,375357807.5,3.3609269001606306e-11,0.0,0.9314470430523798,0.789551573398344,0.4102,medium
2026-06-19,SPBE,0.11602438453810052,0.5799839208886235,0.3039916945732759,1.0,-0.06857727737973396,-0.17647058823529416,0.298870113753434,0.2108682428239067,-0.18054930211616382,351632870.7,3.122444622753184e-11,0.0,1.8749133593680982,0.7222762546137392,0.6204000000000001,medium
2026-06-19,SVCB,0.30481041125690145,0.579224407900691,0.11596518084240766,1.0,-0.11543287327478047,-0.1613798572561459,0.18557252154231363,0.12803109925864603,-0.17543859649122806,438844821.5,1.9219508761006312e-11,0.0,0.9379135083991283,0.7603913807074615,0.3792,medium
2026-06-19,T,0.4992464776148919,0.4046813296107392,0.0960721927743688,1.0,-0.06884875846501126,-0.13835473367328133,0.22654584402365083,0.12916929233667607,-0.14298808432630616,3032469676.71,4.015870890962459e-12,0.0,1.0552074582499267,0.8564209434691499,0.29400000000000004,low
2026-06-19,TATN,0.12251803671911743,0.757677821485088,0.11980414179579456,1.0,-0.11256631299734765,-0.06758404459153466,0.3198852268315823,0.22628440620807955,-0.17192429022082023,952731766.5,1.2440154478945201e-11,0.0,0.7920227853087112,0.42504780307821916,0.49720000000000003,medium
2026-06-19,UGLD,0.07683046674006307,0.2881846048442146,0.6349849284157224,1.0,0.04052197802197788,-0.16586373021335177,0.38940646818229463,0.36600638115191325,-0.29652715939447905,303584334.15,3.399074115543834e-11,0.0,0.8476353277973658,0.2660670910423919,0.7640000000000001,high
2026-06-19,VKCO,0.16750628660514758,0.711247793059614,0.12124592033523829,1.0,-0.04417332772402183,-0.15476190476190488,0.2770729966274063,0.1700033248994448,-0.16776556776556784,857536746.2,2.5330272891172132e-11,0.0,1.2930594450655444,0.6625487355098746,0.4596,medium
2026-06-19,VTBR,0.16374939679193087,0.7150390744599994,0.12121152874806977,1.0,-0.04379515781467869,-0.2116731110878879,0.22501205703455715,0.2264504781870939,-0.2389398572884811,3783263502.38,2.851104311121477e-12,0.0,0.9598218259169743,0.5357690162175542,0.46240000000000003,medium
2026-06-19,WUSH,0.04581199756680656,0.14198849205100958,0.8121995103821839,1.0,0.08369456485495164,-0.21809214483339345,0.5243709174481849,0.3795378479032468,-0.29156797726196115,339196387.44,7.484124665813503e-11,0.0,1.4602100601548598,0.4679943204966939,0.8593999999999999,high
2026-06-19,X5,0.7650521487360307,0.18017777453169612,0.05477007673227315,1.0,-0.04934747145187601,-0.03657780533168009,0.10889650610003801,0.07582978046895676,-0.06834532374100721,974099358.25,8.630090638447782e-12,0.0,0.5922476645900429,0.6614389711531423,0.17040000000000002,low
2026-06-19,YDEX,0.654285892193745,0.2719299237864201,0.07378418401983491,1.0,-0.02261086820737035,-0.08811188811188808,0.1814162414208655,0.10726270873410795,-0.10803355936099301,1518892401.75,5.9432976206890664e-12,0.0,0.9286726470803892,0.831046777121782,0.2272,low
