decision_date,availability_timestamp,source_data_end,ticker,kronos_symbol,sector,predicted_risk_class,p_low,p_medium,p_high,feature_coverage,model_version,final_architecture,used_sector_expert
2022-09-30,2022-09-30T23:41:00,2022-09-30T23:40:00,AFKS,AFKS,moex,medium,0.1189682197545307,0.6241909908125421,0.2568407894329272,1.0,fresh_kronos_target_free_risk_v1,past_only_cross_sectional_vol_drawdown_liquidity_momentum,False
2022-09-30,2022-09-30T23:41:00,2022-09-30T23:40:00,AFLT,AFLT,moex,medium,0.12106944034392118,0.7243424429963203,0.15458811665975847,1.0,fresh_kronos_target_free_risk_v1,past_only_cross_sectional_vol_drawdown_liquidity_momentum,False
2022-09-30,2022-09-30T23:41:00,2022-09-30T23:40:00,ALRS,ALRS,moex,medium,0.18776151479693762,0.6910226620429661,0.12121582316009637,1.0,fresh_kronos_target_free_risk_v1,past_only_cross_sectional_vol_drawdown_liquidity_momentum,False
2022-09-30,2022-09-30T23:41:00,2022-09-30T23:40:00,BSPB,BSPB,moex,medium,0.2072711832138147,0.671845228802894,0.12088358798329134,1.0,fresh_kronos_target_free_risk_v1,past_only_cross_sectional_vol_drawdown_liquidity_momentum,False
2022-09-30,2022-09-30T23:41:00,2022-09-30T23:40:00,CBOM,CBOM,moex,low,0.7428578315249844,0.19834435416786267,0.05879781430715293,1.0,fresh_kronos_target_free_risk_v1,past_only_cross_sectional_vol_drawdown_liquidity_momentum,False
2022-09-30,2022-09-30T23:41:00,2022-09-30T23:40:00,CHMF,CHMF,moex,medium,0.12100972772552321,0.6774738381903638,0.20151643408411302,1.0,fresh_kronos_target_free_risk_v1,past_only_cross_sectional_vol_drawdown_liquidity_momentum,False
2022-09-30,2022-09-30T23:41:00,2022-09-30T23:40:00,ENPG,ENPG,moex,high,0.05687163981172911,0.1895772883178012,0.7535510718704697,1.0,fresh_kronos_target_free_risk_v1,past_only_cross_sectional_vol_drawdown_liquidity_momentum,False
2022-09-30,2022-09-30T23:41:00,2022-09-30T23:40:00,FEES,FEES,moex,medium,0.1195926680609979,0.6363772423203045,0.24403008961869765,1.0,fresh_kronos_target_free_risk_v1,past_only_cross_sectional_vol_drawdown_liquidity_momentum,False
2022-09-30,2022-09-30T23:41:00,2022-09-30T23:40:00,FLOT,FLOT,moex,medium,0.11677634110874356,0.5899633939815003,0.29326026490975604,1.0,fresh_kronos_target_free_risk_v1,past_only_cross_sectional_vol_drawdown_liquidity_momentum,False
2022-09-30,2022-09-30T23:41:00,2022-09-30T23:40:00,GAZP,GAZP,moex,medium,0.36035090326109864,0.5282545596057268,0.11139453713317454,1.0,fresh_kronos_target_free_risk_v1,past_only_cross_sectional_vol_drawdown_liquidity_momentum,False
2022-09-30,2022-09-30T23:41:00,2022-09-30T23:40:00,GMKN,GMKN,moex,medium,0.12708559319996848,0.752846097900841,0.12006830889919055,1.0,fresh_kronos_target_free_risk_v1,past_only_cross_sectional_vol_drawdown_liquidity_momentum,False
2022-09-30,2022-09-30T23:41:00,2022-09-30T23:40:00,HYDR,HYDR,moex,low,0.48602537971092746,0.4162395118266746,0.09773510846239804,1.0,fresh_kronos_target_free_risk_v1,past_only_cross_sectional_vol_drawdown_liquidity_momentum,False
2022-09-30,2022-09-30T23:41:00,2022-09-30T23:40:00,IRAO,IRAO,moex,medium,0.16770946322842756,0.7110431355038115,0.12124740126776089,1.0,fresh_kronos_target_free_risk_v1,past_only_cross_sectional_vol_drawdown_liquidity_momentum,False
2022-09-30,2022-09-30T23:41:00,2022-09-30T23:40:00,LKOH,LKOH,moex,low,0.5502475519645292,0.36045541421404165,0.0892970338214292,1.0,fresh_kronos_target_free_risk_v1,past_only_cross_sectional_vol_drawdown_liquidity_momentum,False
2022-09-30,2022-09-30T23:41:00,2022-09-30T23:40:00,MAGN,MAGN,moex,medium,0.12118009117054507,0.7176469936667766,0.16117291516267832,1.0,fresh_kronos_target_free_risk_v1,past_only_cross_sectional_vol_drawdown_liquidity_momentum,False
2022-09-30,2022-09-30T23:41:00,2022-09-30T23:40:00,MGNT,MGNT,moex,low,0.48230132240271995,0.419502325308141,0.098196352289139,1.0,fresh_kronos_target_free_risk_v1,past_only_cross_sectional_vol_drawdown_liquidity_momentum,False
2022-09-30,2022-09-30T23:41:00,2022-09-30T23:40:00,MOEX,MOEX,moex,medium,0.4049746459930596,0.48800441974207537,0.107020934264865,1.0,fresh_kronos_target_free_risk_v1,past_only_cross_sectional_vol_drawdown_liquidity_momentum,False
2022-09-30,2022-09-30T23:41:00,2022-09-30T23:40:00,MTLR,MTLR,moex,high,0.09024661622079701,0.36640750039899234,0.5433458833802107,1.0,fresh_kronos_target_free_risk_v1,past_only_cross_sectional_vol_drawdown_liquidity_momentum,False
2022-09-30,2022-09-30T23:41:00,2022-09-30T23:40:00,MTSS,MTSS,moex,low,0.47689838429282266,0.42424174131044956,0.09885987439672768,1.0,fresh_kronos_target_free_risk_v1,past_only_cross_sectional_vol_drawdown_liquidity_momentum,False
2022-09-30,2022-09-30T23:41:00,2022-09-30T23:40:00,NLMK,NLMK,moex,medium,0.10763256773131982,0.49330284525128215,0.399064587017398,1.0,fresh_kronos_target_free_risk_v1,past_only_cross_sectional_vol_drawdown_liquidity_momentum,False
2022-09-30,2022-09-30T23:41:00,2022-09-30T23:40:00,NVTK,NVTK,moex,medium,0.18025940962247422,0.6984733173077838,0.12126727306974198,1.0,fresh_kronos_target_free_risk_v1,past_only_cross_sectional_vol_drawdown_liquidity_momentum,False
2022-09-30,2022-09-30T23:41:00,2022-09-30T23:40:00,OZON,OZON,moex,high,0.09677246898791936,0.4095104994095301,0.4937170316025505,1.0,fresh_kronos_target_free_risk_v1,past_only_cross_sectional_vol_drawdown_liquidity_momentum,False
2022-09-30,2022-09-30T23:41:00,2022-09-30T23:40:00,PHOR,PHOR,moex,low,0.5711713076130617,0.34247175186483353,0.08635694052210476,1.0,fresh_kronos_target_free_risk_v1,past_only_cross_sectional_vol_drawdown_liquidity_momentum,False
2022-09-30,2022-09-30T23:41:00,2022-09-30T23:40:00,PIKK,PIKK,moex,medium,0.10676551052484277,0.4858184231690939,0.40741606630606314,1.0,fresh_kronos_target_free_risk_v1,past_only_cross_sectional_vol_drawdown_liquidity_momentum,False
2022-09-30,2022-09-30T23:41:00,2022-09-30T23:40:00,PLZL,PLZL,moex,medium,0.10382260641723362,0.4616392469213499,0.43453814666141655,1.0,fresh_kronos_target_free_risk_v1,past_only_cross_sectional_vol_drawdown_liquidity_momentum,False
2022-09-30,2022-09-30T23:41:00,2022-09-30T23:40:00,POSI,POSI,moex,medium,0.21559383399465204,0.6637438051088045,0.12066236089654343,1.0,fresh_kronos_target_free_risk_v1,past_only_cross_sectional_vol_drawdown_liquidity_momentum,False
2022-09-30,2022-09-30T23:41:00,2022-09-30T23:40:00,RNFT,RNFT,moex,high,0.07560169529811611,0.2815693307073558,0.6428289739945281,1.0,fresh_kronos_target_free_risk_v1,past_only_cross_sectional_vol_drawdown_liquidity_momentum,False
2022-09-30,2022-09-30T23:41:00,2022-09-30T23:40:00,ROSN,ROSN,moex,medium,0.12014069764790547,0.7514190882242486,0.128440214127846,1.0,fresh_kronos_target_free_risk_v1,past_only_cross_sectional_vol_drawdown_liquidity_momentum,False
2022-09-30,2022-09-30T23:41:00,2022-09-30T23:40:00,RTKM,RTKM,moex,medium,0.36907102308338346,0.5203434633609267,0.1105855135556898,1.0,fresh_kronos_target_free_risk_v1,past_only_cross_sectional_vol_drawdown_liquidity_momentum,False
2022-09-30,2022-09-30T23:41:00,2022-09-30T23:40:00,RUAL,RUAL,moex,medium,0.11988957570992159,0.7561737038001488,0.12393672048992957,1.0,fresh_kronos_target_free_risk_v1,past_only_cross_sectional_vol_drawdown_liquidity_momentum,False
2022-09-30,2022-09-30T23:41:00,2022-09-30T23:40:00,SBER,SBER,moex,medium,0.21756719960417759,0.6618293653919483,0.12060343500387419,1.0,fresh_kronos_target_free_risk_v1,past_only_cross_sectional_vol_drawdown_liquidity_momentum,False
2022-09-30,2022-09-30T23:41:00,2022-09-30T23:40:00,SGZH,SGZH,moex,medium,0.18783550350246833,0.6909494031514072,0.12121509334612449,1.0,fresh_kronos_target_free_risk_v1,past_only_cross_sectional_vol_drawdown_liquidity_momentum,False
2022-09-30,2022-09-30T23:41:00,2022-09-30T23:40:00,SIBN,SIBN,moex,medium,0.2272014184753011,0.652516828792207,0.12028175273249206,1.0,fresh_kronos_target_free_risk_v1,past_only_cross_sectional_vol_drawdown_liquidity_momentum,False
2022-09-30,2022-09-30T23:41:00,2022-09-30T23:40:00,SMLT,SMLT,moex,high,0.08936275844450796,0.3608650346455563,0.5497722069099358,1.0,fresh_kronos_target_free_risk_v1,past_only_cross_sectional_vol_drawdown_liquidity_momentum,False
2022-09-30,2022-09-30T23:41:00,2022-09-30T23:40:00,SNGS,SNGS,moex,medium,0.10770370992007369,0.4939251711781047,0.3983711189018216,1.0,fresh_kronos_target_free_risk_v1,past_only_cross_sectional_vol_drawdown_liquidity_momentum,False
2022-09-30,2022-09-30T23:41:00,2022-09-30T23:40:00,SPBE,SPBE,moex,high,0.05524431697338708,0.18228392061181975,0.7624717624147931,1.0,fresh_kronos_target_free_risk_v1,past_only_cross_sectional_vol_drawdown_liquidity_momentum,False
2022-09-30,2022-09-30T23:41:00,2022-09-30T23:40:00,T,T,moex,high,0.06601749873877524,0.23255339144570492,0.7014291098155199,1.0,fresh_kronos_target_free_risk_v1,past_only_cross_sectional_vol_drawdown_liquidity_momentum,False
2022-09-30,2022-09-30T23:41:00,2022-09-30T23:40:00,TATN,TATN,moex,medium,0.12019436159606633,0.7503277510569272,0.1294778873470065,1.0,fresh_kronos_target_free_risk_v1,past_only_cross_sectional_vol_drawdown_liquidity_momentum,False
2022-09-30,2022-09-30T23:41:00,2022-09-30T23:40:00,VKCO,VKCO,moex,high,0.08521269018994465,0.33564376309374044,0.5791435467163148,1.0,fresh_kronos_target_free_risk_v1,past_only_cross_sectional_vol_drawdown_liquidity_momentum,False
2022-09-30,2022-09-30T23:41:00,2022-09-30T23:40:00,VTBR,VTBR,moex,medium,0.28196663855001164,0.6005156849078891,0.11751767654209913,1.0,fresh_kronos_target_free_risk_v1,past_only_cross_sectional_vol_drawdown_liquidity_momentum,False
2022-10-31,2022-10-31T23:41:00,2022-10-31T23:40:00,AFKS,AFKS,moex,medium,0.12064546443071468,0.6631864673830289,0.2161680681862565,1.0,fresh_kronos_target_free_risk_v1,past_only_cross_sectional_vol_drawdown_liquidity_momentum,False
2022-10-31,2022-10-31T23:41:00,2022-10-31T23:40:00,AFLT,AFLT,moex,medium,0.15785283119052507,0.7210173139510335,0.12112985485844131,1.0,fresh_kronos_target_free_risk_v1,past_only_cross_sectional_vol_drawdown_liquidity_momentum,False
2022-10-31,2022-10-31T23:41:00,2022-10-31T23:40:00,ALRS,ALRS,moex,medium,0.23791916858653056,0.6422200411538471,0.11986079025962215,1.0,fresh_kronos_target_free_risk_v1,past_only_cross_sectional_vol_drawdown_liquidity_momentum,False
2022-10-31,2022-10-31T23:41:00,2022-10-31T23:40:00,BSPB,BSPB,moex,medium,0.12119697451679763,0.7163129199985173,0.16249010548468518,1.0,fresh_kronos_target_free_risk_v1,past_only_cross_sectional_vol_drawdown_liquidity_momentum,False
2022-10-31,2022-10-31T23:41:00,2022-10-31T23:40:00,CBOM,CBOM,moex,low,0.7203730484171222,0.2168637336214898,0.06276321796138792,1.0,fresh_kronos_target_free_risk_v1,past_only_cross_sectional_vol_drawdown_liquidity_momentum,False
2022-10-31,2022-10-31T23:41:00,2022-10-31T23:40:00,CHMF,CHMF,moex,medium,0.12046884547608429,0.6577278051369044,0.22180334938701132,1.0,fresh_kronos_target_free_risk_v1,past_only_cross_sectional_vol_drawdown_liquidity_momentum,False
2022-10-31,2022-10-31T23:41:00,2022-10-31T23:40:00,ENPG,ENPG,moex,high,0.07423414494491322,0.27430049945734086,0.6514653555977458,1.0,fresh_kronos_target_free_risk_v1,past_only_cross_sectional_vol_drawdown_liquidity_momentum,False
2022-10-31,2022-10-31T23:41:00,2022-10-31T23:40:00,FEES,FEES,moex,medium,0.13556848836052274,0.74395233117455,0.12047918046492728,1.0,fresh_kronos_target_free_risk_v1,past_only_cross_sectional_vol_drawdown_liquidity_momentum,False
2022-10-31,2022-10-31T23:41:00,2022-10-31T23:40:00,FLOT,FLOT,moex,medium,0.10319497677661808,0.45669701183386346,0.4401080113895185,1.0,fresh_kronos_target_free_risk_v1,past_only_cross_sectional_vol_drawdown_liquidity_momentum,False
2022-10-31,2022-10-31T23:41:00,2022-10-31T23:40:00,GAZP,GAZP,moex,medium,0.11727831127535149,0.5970195374774624,0.2857021512471861,1.0,fresh_kronos_target_free_risk_v1,past_only_cross_sectional_vol_drawdown_liquidity_momentum,False
2022-10-31,2022-10-31T23:41:00,2022-10-31T23:40:00,GMKN,GMKN,moex,medium,0.12122265588040908,0.7139614618425015,0.16481588227708935,1.0,fresh_kronos_target_free_risk_v1,past_only_cross_sectional_vol_drawdown_liquidity_momentum,False
2022-10-31,2022-10-31T23:41:00,2022-10-31T23:40:00,HYDR,HYDR,moex,medium,0.2814773077207626,0.6009740961305435,0.11754859614869383,1.0,fresh_kronos_target_free_risk_v1,past_only_cross_sectional_vol_drawdown_liquidity_momentum,False
2022-10-31,2022-10-31T23:41:00,2022-10-31T23:40:00,IRAO,IRAO,moex,medium,0.2319132057527318,0.6479821751787623,0.12010461906850585,1.0,fresh_kronos_target_free_risk_v1,past_only_cross_sectional_vol_drawdown_liquidity_momentum,False
2022-10-31,2022-10-31T23:41:00,2022-10-31T23:40:00,LKOH,LKOH,moex,low,0.6259455731970776,0.2958236274565392,0.07823079934638322,1.0,fresh_kronos_target_free_risk_v1,past_only_cross_sectional_vol_drawdown_liquidity_momentum,False
2022-10-31,2022-10-31T23:41:00,2022-10-31T23:40:00,MAGN,MAGN,moex,medium,0.11982969118579115,0.7572333745172893,0.12293693429691957,1.0,fresh_kronos_target_free_risk_v1,past_only_cross_sectional_vol_drawdown_liquidity_momentum,False
2022-10-31,2022-10-31T23:41:00,2022-10-31T23:40:00,MGNT,MGNT,moex,low,0.5002080935764109,0.40384219652418984,0.09594970989939916,1.0,fresh_kronos_target_free_risk_v1,past_only_cross_sectional_vol_drawdown_liquidity_momentum,False
2022-10-31,2022-10-31T23:41:00,2022-10-31T23:40:00,MOEX,MOEX,moex,medium,0.4484296483856472,0.44932740513992053,0.1022429464744322,1.0,fresh_kronos_target_free_risk_v1,past_only_cross_sectional_vol_drawdown_liquidity_momentum,False
2022-10-31,2022-10-31T23:41:00,2022-10-31T23:40:00,MTLR,MTLR,moex,high,0.10060718955261327,0.436995860205951,0.4623969502414357,1.0,fresh_kronos_target_free_risk_v1,past_only_cross_sectional_vol_drawdown_liquidity_momentum,False
2022-10-31,2022-10-31T23:41:00,2022-10-31T23:40:00,MTSS,MTSS,moex,medium,0.30266388618944123,0.5812162573190216,0.11611985649153717,1.0,fresh_kronos_target_free_risk_v1,past_only_cross_sectional_vol_drawdown_liquidity_momentum,False
2022-10-31,2022-10-31T23:41:00,2022-10-31T23:40:00,NLMK,NLMK,moex,high,0.09657526254893135,0.40814505049809874,0.4952796869529699,1.0,fresh_kronos_target_free_risk_v1,past_only_cross_sectional_vol_drawdown_liquidity_momentum,False
2022-10-31,2022-10-31T23:41:00,2022-10-31T23:40:00,NVTK,NVTK,moex,medium,0.22703134768114838,0.6526807442095869,0.12028790810926465,1.0,fresh_kronos_target_free_risk_v1,past_only_cross_sectional_vol_drawdown_liquidity_momentum,False
2022-10-31,2022-10-31T23:41:00,2022-10-31T23:40:00,OZON,OZON,moex,medium,0.10368986006330203,0.4605881818993794,0.43572195803731856,1.0,fresh_kronos_target_free_risk_v1,past_only_cross_sectional_vol_drawdown_liquidity_momentum,False
2022-10-31,2022-10-31T23:41:00,2022-10-31T23:40:00,PHOR,PHOR,moex,medium,0.38128311496612166,0.5093025206269609,0.10941436440691749,1.0,fresh_kronos_target_free_risk_v1,past_only_cross_sectional_vol_drawdown_liquidity_momentum,False
2022-10-31,2022-10-31T23:41:00,2022-10-31T23:40:00,PIKK,PIKK,moex,medium,0.11960483410488336,0.6366329415848634,0.2437622243102534,1.0,fresh_kronos_target_free_risk_v1,past_only_cross_sectional_vol_drawdown_liquidity_momentum,False
2022-10-31,2022-10-31T23:41:00,2022-10-31T23:40:00,PLZL,PLZL,moex,high,0.08158755731543164,0.31459206457919586,0.6038203781053725,1.0,fresh_kronos_target_free_risk_v1,past_only_cross_sectional_vol_drawdown_liquidity_momentum,False
2022-10-31,2022-10-31T23:41:00,2022-10-31T23:40:00,POSI,POSI,moex,medium,0.203788285638732,0.6752490862332019,0.12096262812806628,1.0,fresh_kronos_target_free_risk_v1,past_only_cross_sectional_vol_drawdown_liquidity_momentum,False
2022-10-31,2022-10-31T23:41:00,2022-10-31T23:40:00,RNFT,RNFT,moex,medium,0.10484308701438884,0.4698271321104641,0.42532978087514706,1.0,fresh_kronos_target_free_risk_v1,past_only_cross_sectional_vol_drawdown_liquidity_momentum,False
2022-10-31,2022-10-31T23:41:00,2022-10-31T23:40:00,ROSN,ROSN,moex,medium,0.12014069764790547,0.7514190882242486,0.128440214127846,1.0,fresh_kronos_target_free_risk_v1,past_only_cross_sectional_vol_drawdown_liquidity_momentum,False
2022-10-31,2022-10-31T23:41:00,2022-10-31T23:40:00,RTKM,RTKM,moex,medium,0.4152343669444484,0.4788287895613735,0.10593684349417823,1.0,fresh_kronos_target_free_risk_v1,past_only_cross_sectional_vol_drawdown_liquidity_momentum,False
2022-10-31,2022-10-31T23:41:00,2022-10-31T23:40:00,RUAL,RUAL,moex,medium,0.12072756492193062,0.6659645743920625,0.21330786068600707,1.0,fresh_kronos_target_free_risk_v1,past_only_cross_sectional_vol_drawdown_liquidity_momentum,False
2022-10-31,2022-10-31T23:41:00,2022-10-31T23:40:00,SBER,SBER,moex,medium,0.1752244158548349,0.7034997552806626,0.12127582886450249,1.0,fresh_kronos_target_free_risk_v1,past_only_cross_sectional_vol_drawdown_liquidity_momentum,False
2022-10-31,2022-10-31T23:41:00,2022-10-31T23:40:00,SGZH,SGZH,moex,medium,0.12075131259016263,0.7595553245642982,0.11969336284553908,1.0,fresh_kronos_target_free_risk_v1,past_only_cross_sectional_vol_drawdown_liquidity_momentum,False
2022-10-31,2022-10-31T23:41:00,2022-10-31T23:40:00,SIBN,SIBN,moex,medium,0.2883740507318026,0.5945224181697467,0.11710353109845076,1.0,fresh_kronos_target_free_risk_v1,past_only_cross_sectional_vol_drawdown_liquidity_momentum,False
2022-10-31,2022-10-31T23:41:00,2022-10-31T23:40:00,SMLT,SMLT,moex,high,0.09500918935015137,0.3974517793498624,0.5075390312999862,1.0,fresh_kronos_target_free_risk_v1,past_only_cross_sectional_vol_drawdown_liquidity_momentum,False
2022-10-31,2022-10-31T23:41:00,2022-10-31T23:40:00,SNGS,SNGS,moex,medium,0.11362317877141398,0.5515251959971073,0.33485162523147877,1.0,fresh_kronos_target_free_risk_v1,past_only_cross_sectional_vol_drawdown_liquidity_momentum,False
2022-10-31,2022-10-31T23:41:00,2022-10-31T23:40:00,SPBE,SPBE,moex,high,0.0554345808066626,0.18313134017835303,0.7614340790149844,1.0,fresh_kronos_target_free_risk_v1,past_only_cross_sectional_vol_drawdown_liquidity_momentum,False
2022-10-31,2022-10-31T23:41:00,2022-10-31T23:40:00,T,T,moex,high,0.08934633049811533,0.3607626171836958,0.5498910523181889,1.0,fresh_kronos_target_free_risk_v1,past_only_cross_sectional_vol_drawdown_liquidity_momentum,False
2022-10-31,2022-10-31T23:41:00,2022-10-31T23:40:00,TATN,TATN,moex,medium,0.1954230030662179,0.6834588541796918,0.12111814275409029,1.0,fresh_kronos_target_free_risk_v1,past_only_cross_sectional_vol_drawdown_liquidity_momentum,False
2022-10-31,2022-10-31T23:41:00,2022-10-31T23:40:00,VKCO,VKCO,moex,high,0.09963196033998732,0.42982708506855244,0.4705409545914602,1.0,fresh_kronos_target_free_risk_v1,past_only_cross_sectional_vol_drawdown_liquidity_momentum,False
2022-10-31,2022-10-31T23:41:00,2022-10-31T23:40:00,VTBR,VTBR,moex,medium,0.42792228357320033,0.4675197522590163,0.10455796416778347,1.0,fresh_kronos_target_free_risk_v1,past_only_cross_sectional_vol_drawdown_liquidity_momentum,False
2022-11-30,2022-11-30T23:41:00,2022-11-30T23:40:00,AFKS,AFKS,moex,medium,0.11640791556514925,0.5849933830383028,0.2985987013965478,1.0,fresh_kronos_target_free_risk_v1,past_only_cross_sectional_vol_drawdown_liquidity_momentum,False
2022-11-30,2022-11-30T23:41:00,2022-11-30T23:40:00,AFLT,AFLT,moex,medium,0.12112866497538012,0.6841336734490379,0.19473766157558214,1.0,fresh_kronos_target_free_risk_v1,past_only_cross_sectional_vol_drawdown_liquidity_momentum,False
2022-11-30,2022-11-30T23:41:00,2022-11-30T23:40:00,ALRS,ALRS,moex,medium,0.2401211807290839,0.6401123549898541,0.11976646428106219,1.0,fresh_kronos_target_free_risk_v1,past_only_cross_sectional_vol_drawdown_liquidity_momentum,False
2022-11-30,2022-11-30T23:41:00,2022-11-30T23:40:00,BSPB,BSPB,moex,medium,0.20481281224155443,0.6742469584394533,0.12094022931899229,1.0,fresh_kronos_target_free_risk_v1,past_only_cross_sectional_vol_drawdown_liquidity_momentum,False
2022-11-30,2022-11-30T23:41:00,2022-11-30T23:40:00,CBOM,CBOM,moex,low,0.7275295598355854,0.21095706519796378,0.061513374966450665,1.0,fresh_kronos_target_free_risk_v1,past_only_cross_sectional_vol_drawdown_liquidity_momentum,False
2022-11-30,2022-11-30T23:41:00,2022-11-30T23:40:00,CHMF,CHMF,moex,medium,0.1205176197137382,0.7429999399762827,0.13648244030997922,1.0,fresh_kronos_target_free_risk_v1,past_only_cross_sectional_vol_drawdown_liquidity_momentum,False
2022-11-30,2022-11-30T23:41:00,2022-11-30T23:40:00,ENPG,ENPG,moex,high,0.05853718107119038,0.19714946097078226,0.7443133579580273,1.0,fresh_kronos_target_free_risk_v1,past_only_cross_sectional_vol_drawdown_liquidity_momentum,False
2022-11-30,2022-11-30T23:41:00,2022-11-30T23:40:00,FEES,FEES,moex,medium,0.12997188591680944,0.7498087431593665,0.120219370923824,1.0,fresh_kronos_target_free_risk_v1,past_only_cross_sectional_vol_drawdown_liquidity_momentum,False
2022-11-30,2022-11-30T23:41:00,2022-11-30T23:40:00,FLOT,FLOT,moex,medium,0.12127353318162896,0.700608048761444,0.17811841805692719,1.0,fresh_kronos_target_free_risk_v1,past_only_cross_sectional_vol_drawdown_liquidity_momentum,False
2022-11-30,2022-11-30T23:41:00,2022-11-30T23:40:00,GAZP,GAZP,moex,medium,0.1716759831217926,0.7070553003364973,0.12126871654171015,1.0,fresh_kronos_target_free_risk_v1,past_only_cross_sectional_vol_drawdown_liquidity_momentum,False
2022-11-30,2022-11-30T23:41:00,2022-11-30T23:40:00,GMKN,GMKN,moex,medium,0.10709353117537095,0.4886285433551951,0.4042779254694339,1.0,fresh_kronos_target_free_risk_v1,past_only_cross_sectional_vol_drawdown_liquidity_momentum,False
2022-11-30,2022-11-30T23:41:00,2022-11-30T23:40:00,HYDR,HYDR,moex,medium,0.4120785305244497,0.4816481842077453,0.10627328526780488,1.0,fresh_kronos_target_free_risk_v1,past_only_cross_sectional_vol_drawdown_liquidity_momentum,False
2022-11-30,2022-11-30T23:41:00,2022-11-30T23:40:00,IRAO,IRAO,moex,medium,0.19764362881505856,0.681274667530449,0.12108170365449254,1.0,fresh_kronos_target_free_risk_v1,past_only_cross_sectional_vol_drawdown_liquidity_momentum,False
2022-11-30,2022-11-30T23:41:00,2022-11-30T23:40:00,LKOH,LKOH,moex,low,0.7431311615311521,0.1981199308699637,0.058748907598884216,1.0,fresh_kronos_target_free_risk_v1,past_only_cross_sectional_vol_drawdown_liquidity_momentum,False
2022-11-30,2022-11-30T23:41:00,2022-11-30T23:40:00,MAGN,MAGN,moex,medium,0.17319970244667615,0.7055271671118553,0.12127313044146859,1.0,fresh_kronos_target_free_risk_v1,past_only_cross_sectional_vol_drawdown_liquidity_momentum,False
2022-11-30,2022-11-30T23:41:00,2022-11-30T23:40:00,MGNT,MGNT,moex,low,0.6312021027241307,0.2913793716724179,0.07741852560345151,1.0,fresh_kronos_target_free_risk_v1,past_only_cross_sectional_vol_drawdown_liquidity_momentum,False
2022-11-30,2022-11-30T23:41:00,2022-11-30T23:40:00,MOEX,MOEX,moex,medium,0.34394507398534313,0.5432023899403633,0.11285253607429355,1.0,fresh_kronos_target_free_risk_v1,past_only_cross_sectional_vol_drawdown_liquidity_momentum,False
2022-11-30,2022-11-30T23:41:00,2022-11-30T23:40:00,MTLR,MTLR,moex,high,0.08079821216823452,0.3101186104486563,0.6090831773831092,1.0,fresh_kronos_target_free_risk_v1,past_only_cross_sectional_vol_drawdown_liquidity_momentum,False
2022-11-30,2022-11-30T23:41:00,2022-11-30T23:40:00,MTSS,MTSS,moex,medium,0.34492620200877167,0.5423060375039659,0.11276776048726243,1.0,fresh_kronos_target_free_risk_v1,past_only_cross_sectional_vol_drawdown_liquidity_momentum,False
2022-11-30,2022-11-30T23:41:00,2022-11-30T23:40:00,NLMK,NLMK,moex,high,0.10039358021425734,0.43541441821527516,0.46419200157046747,1.0,fresh_kronos_target_free_risk_v1,past_only_cross_sectional_vol_drawdown_liquidity_momentum,False
2022-11-30,2022-11-30T23:41:00,2022-11-30T23:40:00,NVTK,NVTK,moex,medium,0.26893548071440126,0.6127588725494201,0.11830564673617866,1.0,fresh_kronos_target_free_risk_v1,past_only_cross_sectional_vol_drawdown_liquidity_momentum,False
2022-11-30,2022-11-30T23:41:00,2022-11-30T23:40:00,OZON,OZON,moex,medium,0.11088993996296873,0.5232912422166519,0.36581881782037945,1.0,fresh_kronos_target_free_risk_v1,past_only_cross_sectional_vol_drawdown_liquidity_momentum,False
2022-11-30,2022-11-30T23:41:00,2022-11-30T23:40:00,PHOR,PHOR,moex,medium,0.31067881382306956,0.5737877908104366,0.11553339536649396,1.0,fresh_kronos_target_free_risk_v1,past_only_cross_sectional_vol_drawdown_liquidity_momentum,False
2022-11-30,2022-11-30T23:41:00,2022-11-30T23:40:00,PIKK,PIKK,moex,high,0.09963196033998732,0.42982708506855244,0.4705409545914602,1.0,fresh_kronos_target_free_risk_v1,past_only_cross_sectional_vol_drawdown_liquidity_momentum,False
2022-11-30,2022-11-30T23:41:00,2022-11-30T23:40:00,PLZL,PLZL,moex,high,0.08561737473990748,0.33804811535881685,0.5763345099012757,1.0,fresh_kronos_target_free_risk_v1,past_only_cross_sectional_vol_drawdown_liquidity_momentum,False
2022-11-30,2022-11-30T23:41:00,2022-11-30T23:40:00,POSI,POSI,moex,medium,0.27699947193223945,0.6051737457162212,0.1178267823515394,1.0,fresh_kronos_target_free_risk_v1,past_only_cross_sectional_vol_drawdown_liquidity_momentum,False
2022-11-30,2022-11-30T23:41:00,2022-11-30T23:40:00,RNFT,RNFT,moex,high,0.0866920497429005,0.34448900740813265,0.5688189428489668,1.0,fresh_kronos_target_free_risk_v1,past_only_cross_sectional_vol_drawdown_liquidity_momentum,False
2022-11-30,2022-11-30T23:41:00,2022-11-30T23:40:00,ROSN,ROSN,moex,medium,0.12084911466132414,0.7333644497037864,0.1457864356348893,1.0,fresh_kronos_target_free_risk_v1,past_only_cross_sectional_vol_drawdown_liquidity_momentum,False
2022-11-30,2022-11-30T23:41:00,2022-11-30T23:40:00,RTKM,RTKM,moex,medium,0.4382102126823831,0.4583800909622969,0.10340969635532012,1.0,fresh_kronos_target_free_risk_v1,past_only_cross_sectional_vol_drawdown_liquidity_momentum,False
2022-11-30,2022-11-30T23:41:00,2022-11-30T23:40:00,RUAL,RUAL,moex,medium,0.11145547623359861,0.5288607659553246,0.35968375781107675,1.0,fresh_kronos_target_free_risk_v1,past_only_cross_sectional_vol_drawdown_liquidity_momentum,False
2022-11-30,2022-11-30T23:41:00,2022-11-30T23:40:00,SBER,SBER,moex,medium,0.12789690436234738,0.7519911119869327,0.12011198365072001,1.0,fresh_kronos_target_free_risk_v1,past_only_cross_sectional_vol_drawdown_liquidity_momentum,False
2022-11-30,2022-11-30T23:41:00,2022-11-30T23:40:00,SGZH,SGZH,moex,medium,0.12042239537630112,0.7453139385807767,0.1342636660429222,1.0,fresh_kronos_target_free_risk_v1,past_only_cross_sectional_vol_drawdown_liquidity_momentum,False
2022-11-30,2022-11-30T23:41:00,2022-11-30T23:40:00,SIBN,SIBN,moex,medium,0.4113781689270333,0.4822742378691919,0.10634759320377489,1.0,fresh_kronos_target_free_risk_v1,past_only_cross_sectional_vol_drawdown_liquidity_momentum,False
2022-11-30,2022-11-30T23:41:00,2022-11-30T23:40:00,SMLT,SMLT,moex,high,0.09352221430556537,0.3875322201966481,0.5189455654977865,1.0,fresh_kronos_target_free_risk_v1,past_only_cross_sectional_vol_drawdown_liquidity_momentum,False
2022-11-30,2022-11-30T23:41:00,2022-11-30T23:40:00,SNGS,SNGS,moex,medium,0.10351664775190948,0.45922140041715465,0.43726195183093586,1.0,fresh_kronos_target_free_risk_v1,past_only_cross_sectional_vol_drawdown_liquidity_momentum,False
2022-11-30,2022-11-30T23:41:00,2022-11-30T23:40:00,SPBE,SPBE,moex,high,0.06555927597298572,0.23031655991540265,0.7041241641116116,1.0,fresh_kronos_target_free_risk_v1,past_only_cross_sectional_vol_drawdown_liquidity_momentum,False
2022-11-30,2022-11-30T23:41:00,2022-11-30T23:40:00,T,T,moex,high,0.07824807216373882,0.29591853363346005,0.6258333942028012,1.0,fresh_kronos_target_free_risk_v1,past_only_cross_sectional_vol_drawdown_liquidity_momentum,False
2022-11-30,2022-11-30T23:41:00,2022-11-30T23:40:00,TATN,TATN,moex,medium,0.31140369559411324,0.5731171390680454,0.11547916533784142,1.0,fresh_kronos_target_free_risk_v1,past_only_cross_sectional_vol_drawdown_liquidity_momentum,False
2022-11-30,2022-11-30T23:41:00,2022-11-30T23:40:00,VKCO,VKCO,moex,high,0.09364843571068347,0.38836581793999586,0.5179857463493207,1.0,fresh_kronos_target_free_risk_v1,past_only_cross_sectional_vol_drawdown_liquidity_momentum,False
2022-11-30,2022-11-30T23:41:00,2022-11-30T23:40:00,VTBR,VTBR,moex,medium,0.1607794307993367,0.7180458540928522,0.12117471510781107,1.0,fresh_kronos_target_free_risk_v1,past_only_cross_sectional_vol_drawdown_liquidity_momentum,False
2022-12-30,2022-12-30T23:41:00,2022-12-30T23:40:00,AFKS,AFKS,moex,medium,0.1194912188783836,0.6342761404907022,0.2462326406309141,1.0,fresh_kronos_target_free_risk_v1,past_only_cross_sectional_vol_drawdown_liquidity_momentum,False
2022-12-30,2022-12-30T23:41:00,2022-12-30T23:40:00,AFLT,AFLT,moex,medium,0.2109687349976131,0.6682404296694633,0.12079083533292363,1.0,fresh_kronos_target_free_risk_v1,past_only_cross_sectional_vol_drawdown_liquidity_momentum,False
2022-12-30,2022-12-30T23:41:00,2022-12-30T23:40:00,ALRS,ALRS,moex,medium,0.11970138182889212,0.7594220094179472,0.1208766087531608,1.0,fresh_kronos_target_free_risk_v1,past_only_cross_sectional_vol_drawdown_liquidity_momentum,False
2022-12-30,2022-12-30T23:41:00,2022-12-30T23:40:00,BSPB,BSPB,moex,medium,0.3548174336647772,0.5332867626785494,0.11189580365667351,1.0,fresh_kronos_target_free_risk_v1,past_only_cross_sectional_vol_drawdown_liquidity_momentum,False
2022-12-30,2022-12-30T23:41:00,2022-12-30T23:40:00,CBOM,CBOM,moex,low,0.5147888532168603,0.3911437528606492,0.09406739392249062,1.0,fresh_kronos_target_free_risk_v1,past_only_cross_sectional_vol_drawdown_liquidity_momentum,False
2022-12-30,2022-12-30T23:41:00,2022-12-30T23:40:00,CHMF,CHMF,moex,low,0.45040964835007036,0.4475764246441999,0.10201392700572981,1.0,fresh_kronos_target_free_risk_v1,past_only_cross_sectional_vol_drawdown_liquidity_momentum,False
2022-12-30,2022-12-30T23:41:00,2022-12-30T23:40:00,ENPG,ENPG,moex,high,0.09856820769228991,0.4221516701254773,0.4792801221822328,1.0,fresh_kronos_target_free_risk_v1,past_only_cross_sectional_vol_drawdown_liquidity_momentum,False
2022-12-30,2022-12-30T23:41:00,2022-12-30T23:40:00,FLOT,FLOT,moex,medium,0.17182559878891673,0.7069051596962159,0.12126924151486727,1.0,fresh_kronos_target_free_risk_v1,past_only_cross_sectional_vol_drawdown_liquidity_momentum,False
2022-12-30,2022-12-30T23:41:00,2022-12-30T23:40:00,GAZP,GAZP,moex,medium,0.12031551978822803,0.7477464614003837,0.13193801881138834,1.0,fresh_kronos_target_free_risk_v1,past_only_cross_sectional_vol_drawdown_liquidity_momentum,False
2022-12-30,2022-12-30T23:41:00,2022-12-30T23:40:00,GMKN,GMKN,moex,medium,0.11983168014023314,0.7571985872219286,0.12296973263783836,1.0,fresh_kronos_target_free_risk_v1,past_only_cross_sectional_vol_drawdown_liquidity_momentum,False
2022-12-30,2022-12-30T23:41:00,2022-12-30T23:40:00,HYDR,HYDR,moex,medium,0.12109662216580588,0.722919916739865,0.15598346109432915,1.0,fresh_kronos_target_free_risk_v1,past_only_cross_sectional_vol_drawdown_liquidity_momentum,False
2022-12-30,2022-12-30T23:41:00,2022-12-30T23:40:00,IRAO,IRAO,moex,medium,0.12933216496658848,0.7504809168711013,0.12018691816231013,1.0,fresh_kronos_target_free_risk_v1,past_only_cross_sectional_vol_drawdown_liquidity_momentum,False
2022-12-30,2022-12-30T23:41:00,2022-12-30T23:40:00,LKOH,LKOH,moex,medium,0.11121370776382931,0.5264644731269577,0.36232181910921296,1.0,fresh_kronos_target_free_risk_v1,past_only_cross_sectional_vol_drawdown_liquidity_momentum,False
2022-12-30,2022-12-30T23:41:00,2022-12-30T23:40:00,MAGN,MAGN,moex,medium,0.20171962274844155,0.6772747166713734,0.12100566058018508,1.0,fresh_kronos_target_free_risk_v1,past_only_cross_sectional_vol_drawdown_liquidity_momentum,False
2022-12-30,2022-12-30T23:41:00,2022-12-30T23:40:00,MGNT,MGNT,moex,medium,0.11985598986485105,0.7567711673358465,0.1233728427993025,1.0,fresh_kronos_target_free_risk_v1,past_only_cross_sectional_vol_drawdown_liquidity_momentum,False
2022-12-30,2022-12-30T23:41:00,2022-12-30T23:40:00,MOEX,MOEX,moex,medium,0.22020376289269425,0.6592752859191138,0.12052095118819199,1.0,fresh_kronos_target_free_risk_v1,past_only_cross_sectional_vol_drawdown_liquidity_momentum,False
2022-12-30,2022-12-30T23:41:00,2022-12-30T23:40:00,MTLR,MTLR,moex,medium,0.11845310266646306,0.6151986764300298,0.26634822090350724,1.0,fresh_kronos_target_free_risk_v1,past_only_cross_sectional_vol_drawdown_liquidity_momentum,False
2022-12-30,2022-12-30T23:41:00,2022-12-30T23:40:00,MTSS,MTSS,moex,medium,0.26640877408109287,0.6151415393946029,0.11844968652430429,1.0,fresh_kronos_target_free_risk_v1,past_only_cross_sectional_vol_drawdown_liquidity_momentum,False
2022-12-30,2022-12-30T23:41:00,2022-12-30T23:40:00,NLMK,NLMK,moex,medium,0.3749477659029781,0.5150248325724831,0.11002740152453883,1.0,fresh_kronos_target_free_risk_v1,past_only_cross_sectional_vol_drawdown_liquidity_momentum,False
2022-12-30,2022-12-30T23:41:00,2022-12-30T23:40:00,NVTK,NVTK,moex,medium,0.15247333246472303,0.7265023692527969,0.1210242982824802,1.0,fresh_kronos_target_free_risk_v1,past_only_cross_sectional_vol_drawdown_liquidity_momentum,False
2022-12-30,2022-12-30T23:41:00,2022-12-30T23:40:00,OZON,OZON,moex,medium,0.1073127094691763,0.4905205458332608,0.40216674469756286,1.0,fresh_kronos_target_free_risk_v1,past_only_cross_sectional_vol_drawdown_liquidity_momentum,False
2022-12-30,2022-12-30T23:41:00,2022-12-30T23:40:00,PHOR,PHOR,moex,medium,0.17236497730828984,0.7063640545474458,0.12127096814426433,1.0,fresh_kronos_target_free_risk_v1,past_only_cross_sectional_vol_drawdown_liquidity_momentum,False
2022-12-30,2022-12-30T23:41:00,2022-12-30T23:40:00,PIKK,PIKK,moex,medium,0.12096782954240369,0.7289332577454962,0.15009891271210007,1.0,fresh_kronos_target_free_risk_v1,past_only_cross_sectional_vol_drawdown_liquidity_momentum,False
2022-12-30,2022-12-30T23:41:00,2022-12-30T23:40:00,PLZL,PLZL,moex,medium,0.12810248013838849,0.7517746213842039,0.12012289847740765,1.0,fresh_kronos_target_free_risk_v1,past_only_cross_sectional_vol_drawdown_liquidity_momentum,False
2022-12-30,2022-12-30T23:41:00,2022-12-30T23:40:00,POSI,POSI,moex,medium,0.21278683110355814,0.6664712066978578,0.12074196219858414,1.0,fresh_kronos_target_free_risk_v1,past_only_cross_sectional_vol_drawdown_liquidity_momentum,False
2022-12-30,2022-12-30T23:41:00,2022-12-30T23:40:00,RNFT,RNFT,moex,high,0.09388145741068449,0.3899087822119492,0.5162097603773663,1.0,fresh_kronos_target_free_risk_v1,past_only_cross_sectional_vol_drawdown_liquidity_momentum,False
2022-12-30,2022-12-30T23:41:00,2022-12-30T23:40:00,ROSN,ROSN,moex,medium,0.27023912438885417,0.6115306791114596,0.11823019649968627,1.0,fresh_kronos_target_free_risk_v1,past_only_cross_sectional_vol_drawdown_liquidity_momentum,False
2022-12-30,2022-12-30T23:41:00,2022-12-30T23:40:00,RTKM,RTKM,moex,medium,0.2952583610503098,0.5881018687694832,0.11663977018020705,1.0,fresh_kronos_target_free_risk_v1,past_only_cross_sectional_vol_drawdown_liquidity_momentum,False
2022-12-30,2022-12-30T23:41:00,2022-12-30T23:40:00,RUAL,RUAL,moex,medium,0.12061650658893044,0.6622471235097517,0.21713636990131788,1.0,fresh_kronos_target_free_risk_v1,past_only_cross_sectional_vol_drawdown_liquidity_momentum,False
2022-12-30,2022-12-30T23:41:00,2022-12-30T23:40:00,SBER,SBER,moex,medium,0.36683281770195864,0.5223718170685654,0.11079536522947586,1.0,fresh_kronos_target_free_risk_v1,past_only_cross_sectional_vol_drawdown_liquidity_momentum,False
2022-12-30,2022-12-30T23:41:00,2022-12-30T23:40:00,SGZH,SGZH,moex,high,0.09671490231607872,0.40911145986392744,0.49417363781999396,1.0,fresh_kronos_target_free_risk_v1,past_only_cross_sectional_vol_drawdown_liquidity_momentum,False
2022-12-30,2022-12-30T23:41:00,2022-12-30T23:40:00,SIBN,SIBN,moex,medium,0.11540228382892889,0.5721707883175359,0.3124269278535353,1.0,fresh_kronos_target_free_risk_v1,past_only_cross_sectional_vol_drawdown_liquidity_momentum,False
2022-12-30,2022-12-30T23:41:00,2022-12-30T23:40:00,SMLT,SMLT,moex,medium,0.1211274766781502,0.6840563281036349,0.19481619521821503,1.0,fresh_kronos_target_free_risk_v1,past_only_cross_sectional_vol_drawdown_liquidity_momentum,False
2022-12-30,2022-12-30T23:41:00,2022-12-30T23:40:00,SNGS,SNGS,moex,medium,0.20532053338377404,0.6737506017144926,0.12092886490173335,1.0,fresh_kronos_target_free_risk_v1,past_only_cross_sectional_vol_drawdown_liquidity_momentum,False
2022-12-30,2022-12-30T23:41:00,2022-12-30T23:40:00,SPBE,SPBE,moex,high,0.076238952884996,0.2849900132147805,0.6387710339002235,1.0,fresh_kronos_target_free_risk_v1,past_only_cross_sectional_vol_drawdown_liquidity_momentum,False
2022-12-30,2022-12-30T23:41:00,2022-12-30T23:40:00,T,T,moex,high,0.065357486096287,0.22933442414884125,0.7053080897548718,1.0,fresh_kronos_target_free_risk_v1,past_only_cross_sectional_vol_drawdown_liquidity_momentum,False
2022-12-30,2022-12-30T23:41:00,2022-12-30T23:40:00,TATN,TATN,moex,medium,0.15413988271323076,0.7247998453268323,0.12106027195993695,1.0,fresh_kronos_target_free_risk_v1,past_only_cross_sectional_vol_drawdown_liquidity_momentum,False
2022-12-30,2022-12-30T23:41:00,2022-12-30T23:40:00,VKCO,VKCO,moex,high,0.0855373114549868,0.3375715330109658,0.5768911555340474,1.0,fresh_kronos_target_free_risk_v1,past_only_cross_sectional_vol_drawdown_liquidity_momentum,False
2022-12-30,2022-12-30T23:41:00,2022-12-30T23:40:00,VTBR,VTBR,moex,medium,0.20270103811912504,0.6763133489578664,0.1209856129230085,1.0,fresh_kronos_target_free_risk_v1,past_only_cross_sectional_vol_drawdown_liquidity_momentum,False
2023-01-31,2023-01-31T23:41:00,2023-01-31T23:40:00,AFKS,AFKS,moex,medium,0.11473272100305534,0.5641347057634273,0.32113257323351735,1.0,fresh_kronos_target_free_risk_v1,past_only_cross_sectional_vol_drawdown_liquidity_momentum,False
2023-01-31,2023-01-31T23:41:00,2023-01-31T23:40:00,AFLT,AFLT,moex,medium,0.12021847679805915,0.6508578195555641,0.2289237036463768,1.0,fresh_kronos_target_free_risk_v1,past_only_cross_sectional_vol_drawdown_liquidity_momentum,False
2023-01-31,2023-01-31T23:41:00,2023-01-31T23:40:00,ALRS,ALRS,moex,medium,0.11997029301888841,0.6447475134254649,0.23528219355564664,1.0,fresh_kronos_target_free_risk_v1,past_only_cross_sectional_vol_drawdown_liquidity_momentum,False
2023-01-31,2023-01-31T23:41:00,2023-01-31T23:40:00,BSPB,BSPB,moex,medium,0.37813268119490373,0.5121466430002207,0.10972067580487545,1.0,fresh_kronos_target_free_risk_v1,past_only_cross_sectional_vol_drawdown_liquidity_momentum,False
2023-01-31,2023-01-31T23:41:00,2023-01-31T23:40:00,CBOM,CBOM,moex,medium,0.38124148848636646,0.5093400811083695,0.10941843040526404,1.0,fresh_kronos_target_free_risk_v1,past_only_cross_sectional_vol_drawdown_liquidity_momentum,False
2023-01-31,2023-01-31T23:41:00,2023-01-31T23:40:00,CHMF,CHMF,moex,medium,0.18597453480733947,0.6927933135933011,0.12123215159935953,1.0,fresh_kronos_target_free_risk_v1,past_only_cross_sectional_vol_drawdown_liquidity_momentum,False
2023-01-31,2023-01-31T23:41:00,2023-01-31T23:40:00,ENPG,ENPG,moex,high,0.09876465872440696,0.42355825260404517,0.4776770886715479,1.0,fresh_kronos_target_free_risk_v1,past_only_cross_sectional_vol_drawdown_liquidity_momentum,False
2023-01-31,2023-01-31T23:41:00,2023-01-31T23:40:00,FEES,FEES,moex,medium,0.16051913212799607,0.7183097937661229,0.12117107410588093,0.75,fresh_kronos_target_free_risk_v1,past_only_cross_sectional_vol_drawdown_liquidity_momentum,False
2023-01-31,2023-01-31T23:41:00,2023-01-31T23:40:00,FLOT,FLOT,moex,medium,0.11482871847868018,0.5652653529315574,0.3199059285897624,1.0,fresh_kronos_target_free_risk_v1,past_only_cross_sectional_vol_drawdown_liquidity_momentum,False
2023-01-31,2023-01-31T23:41:00,2023-01-31T23:40:00,GAZP,GAZP,moex,medium,0.4096657405372895,0.48380552766137497,0.10652873180133561,1.0,fresh_kronos_target_free_risk_v1,past_only_cross_sectional_vol_drawdown_liquidity_momentum,False
2023-01-31,2023-01-31T23:41:00,2023-01-31T23:40:00,GMKN,GMKN,moex,medium,0.11984856897266712,0.756902084800513,0.12324934622681986,1.0,fresh_kronos_target_free_risk_v1,past_only_cross_sectional_vol_drawdown_liquidity_momentum,False
2023-01-31,2023-01-31T23:41:00,2023-01-31T23:40:00,HYDR,HYDR,moex,medium,0.12088115609304595,0.7322414585060307,0.14687738540092346,1.0,fresh_kronos_target_free_risk_v1,past_only_cross_sectional_vol_drawdown_liquidity_momentum,False
2023-01-31,2023-01-31T23:41:00,2023-01-31T23:40:00,IRAO,IRAO,moex,medium,0.16292730935815342,0.7158704883684945,0.12120220227335202,1.0,fresh_kronos_target_free_risk_v1,past_only_cross_sectional_vol_drawdown_liquidity_momentum,False
2023-01-31,2023-01-31T23:41:00,2023-01-31T23:40:00,LKOH,LKOH,moex,medium,0.12206730330535533,0.7581563510358007,0.11977634565884406,1.0,fresh_kronos_target_free_risk_v1,past_only_cross_sectional_vol_drawdown_liquidity_momentum,False
2023-01-31,2023-01-31T23:41:00,2023-01-31T23:40:00,MAGN,MAGN,moex,medium,0.1768347184265433,0.7018898463806583,0.1212754351927985,1.0,fresh_kronos_target_free_risk_v1,past_only_cross_sectional_vol_drawdown_liquidity_momentum,False
2023-01-31,2023-01-31T23:41:00,2023-01-31T23:40:00,MGNT,MGNT,moex,medium,0.12102699905784096,0.726379198173343,0.15259380276881596,1.0,fresh_kronos_target_free_risk_v1,past_only_cross_sectional_vol_drawdown_liquidity_momentum,False
2023-01-31,2023-01-31T23:41:00,2023-01-31T23:40:00,MOEX,MOEX,moex,medium,0.21263617718140668,0.6666177300498642,0.12074609276872911,1.0,fresh_kronos_target_free_risk_v1,past_only_cross_sectional_vol_drawdown_liquidity_momentum,False
2023-01-31,2023-01-31T23:41:00,2023-01-31T23:40:00,MTLR,MTLR,moex,medium,0.121272848922659,0.7056511584718826,0.1730759926054583,1.0,fresh_kronos_target_free_risk_v1,past_only_cross_sectional_vol_drawdown_liquidity_momentum,False
2023-01-31,2023-01-31T23:41:00,2023-01-31T23:40:00,MTSS,MTSS,moex,low,0.49529434618374935,0.4081322438568382,0.09657340995941233,1.0,fresh_kronos_target_free_risk_v1,past_only_cross_sectional_vol_drawdown_liquidity_momentum,False
2023-01-31,2023-01-31T23:41:00,2023-01-31T23:40:00,NLMK,NLMK,moex,medium,0.15086467041091656,0.7281486112839383,0.12098671830514514,1.0,fresh_kronos_target_free_risk_v1,past_only_cross_sectional_vol_drawdown_liquidity_momentum,False
2023-01-31,2023-01-31T23:41:00,2023-01-31T23:40:00,NVTK,NVTK,moex,medium,0.24797918229066626,0.6326118199350447,0.11940899777428912,1.0,fresh_kronos_target_free_risk_v1,past_only_cross_sectional_vol_drawdown_liquidity_momentum,False
2023-01-31,2023-01-31T23:41:00,2023-01-31T23:40:00,OZON,OZON,moex,medium,0.11417515005209473,0.5576974439178227,0.32812740603008256,1.0,fresh_kronos_target_free_risk_v1,past_only_cross_sectional_vol_drawdown_liquidity_momentum,False
2023-01-31,2023-01-31T23:41:00,2023-01-31T23:40:00,PHOR,PHOR,moex,medium,0.23747827982964106,0.6426423579790771,0.11987936219128184,1.0,fresh_kronos_target_free_risk_v1,past_only_cross_sectional_vol_drawdown_liquidity_momentum,False
2023-01-31,2023-01-31T23:41:00,2023-01-31T23:40:00,PIKK,PIKK,moex,medium,0.12121447696023811,0.7147635275355959,0.16402199550416596,1.0,fresh_kronos_target_free_risk_v1,past_only_cross_sectional_vol_drawdown_liquidity_momentum,False
2023-01-31,2023-01-31T23:41:00,2023-01-31T23:40:00,PLZL,PLZL,moex,medium,0.13769262864623527,0.7417405226510917,0.12056684870267313,1.0,fresh_kronos_target_free_risk_v1,past_only_cross_sectional_vol_drawdown_liquidity_momentum,False
2023-01-31,2023-01-31T23:41:00,2023-01-31T23:40:00,POSI,POSI,moex,medium,0.12115594907992916,0.6860006334573585,0.19284341746271222,1.0,fresh_kronos_target_free_risk_v1,past_only_cross_sectional_vol_drawdown_liquidity_momentum,False
2023-01-31,2023-01-31T23:41:00,2023-01-31T23:40:00,RNFT,RNFT,moex,medium,0.10559335800340564,0.4759754147945788,0.4184312272020155,1.0,fresh_kronos_target_free_risk_v1,past_only_cross_sectional_vol_drawdown_liquidity_momentum,False
2023-01-31,2023-01-31T23:41:00,2023-01-31T23:40:00,ROSN,ROSN,moex,medium,0.12043020846425578,0.7451296329097369,0.13444015862600742,1.0,fresh_kronos_target_free_risk_v1,past_only_cross_sectional_vol_drawdown_liquidity_momentum,False
2023-01-31,2023-01-31T23:41:00,2023-01-31T23:40:00,RTKM,RTKM,moex,medium,0.140508761010148,0.7388170533658159,0.12067418562403612,1.0,fresh_kronos_target_free_risk_v1,past_only_cross_sectional_vol_drawdown_liquidity_momentum,False
2023-01-31,2023-01-31T23:41:00,2023-01-31T23:40:00,RUAL,RUAL,moex,medium,0.24806727232355005,0.6325279181491884,0.11940480952726153,1.0,fresh_kronos_target_free_risk_v1,past_only_cross_sectional_vol_drawdown_liquidity_momentum,False
2023-01-31,2023-01-31T23:41:00,2023-01-31T23:40:00,SBER,SBER,moex,medium,0.3389192557308112,0.5477988934230555,0.11328185084613326,1.0,fresh_kronos_target_free_risk_v1,past_only_cross_sectional_vol_drawdown_liquidity_momentum,False
2023-01-31,2023-01-31T23:41:00,2023-01-31T23:40:00,SGZH,SGZH,moex,high,0.08567693317370087,0.3384029313504649,0.5759201354758342,1.0,fresh_kronos_target_free_risk_v1,past_only_cross_sectional_vol_drawdown_liquidity_momentum,False
2023-01-31,2023-01-31T23:41:00,2023-01-31T23:40:00,SIBN,SIBN,moex,medium,0.12001481109584398,0.6458021643511289,0.23418302455302714,1.0,fresh_kronos_target_free_risk_v1,past_only_cross_sectional_vol_drawdown_liquidity_momentum,False
2023-01-31,2023-01-31T23:41:00,2023-01-31T23:40:00,SMLT,SMLT,moex,medium,0.12026877648106779,0.6521727820567436,0.22755844146218862,1.0,fresh_kronos_target_free_risk_v1,past_only_cross_sectional_vol_drawdown_liquidity_momentum,False
2023-01-31,2023-01-31T23:41:00,2023-01-31T23:40:00,SNGS,SNGS,moex,medium,0.12108095521005031,0.7237525969786294,0.15516644781132036,1.0,fresh_kronos_target_free_risk_v1,past_only_cross_sectional_vol_drawdown_liquidity_momentum,False
2023-01-31,2023-01-31T23:41:00,2023-01-31T23:40:00,SPBE,SPBE,moex,high,0.09421723965812931,0.3921414781268496,0.5136412822150211,1.0,fresh_kronos_target_free_risk_v1,past_only_cross_sectional_vol_drawdown_liquidity_momentum,False
2023-01-31,2023-01-31T23:41:00,2023-01-31T23:40:00,T,T,moex,high,0.10033507797165647,0.4349824164222401,0.4646825056061034,1.0,fresh_kronos_target_free_risk_v1,past_only_cross_sectional_vol_drawdown_liquidity_momentum,False
2023-01-31,2023-01-31T23:41:00,2023-01-31T23:40:00,TATN,TATN,moex,medium,0.2621755642686299,0.619140016588426,0.11868441914294417,1.0,fresh_kronos_target_free_risk_v1,past_only_cross_sectional_vol_drawdown_liquidity_momentum,False
2023-01-31,2023-01-31T23:41:00,2023-01-31T23:40:00,VKCO,VKCO,moex,high,0.07859511671164783,0.29782894905663815,0.623575934231714,1.0,fresh_kronos_target_free_risk_v1,past_only_cross_sectional_vol_drawdown_liquidity_momentum,False
2023-01-31,2023-01-31T23:41:00,2023-01-31T23:40:00,VTBR,VTBR,moex,medium,0.22102918904165922,0.6584765545683814,0.1204942563899593,1.0,fresh_kronos_target_free_risk_v1,past_only_cross_sectional_vol_drawdown_liquidity_momentum,False
2023-02-28,2023-02-28T23:41:00,2023-02-28T23:40:00,AFKS,AFKS,moex,medium,0.12121334890672732,0.690776012681019,0.18801063841225377,1.0,fresh_kronos_target_free_risk_v1,past_only_cross_sectional_vol_drawdown_liquidity_momentum,False
2023-02-28,2023-02-28T23:41:00,2023-02-28T23:40:00,AFLT,AFLT,moex,medium,0.11974080198055584,0.6395492104464543,0.24070998757298978,1.0,fresh_kronos_target_free_risk_v1,past_only_cross_sectional_vol_drawdown_liquidity_momentum,False
2023-02-28,2023-02-28T23:41:00,2023-02-28T23:40:00,ALRS,ALRS,moex,medium,0.20392262305205883,0.675117645011051,0.12095973193689019,1.0,fresh_kronos_target_free_risk_v1,past_only_cross_sectional_vol_drawdown_liquidity_momentum,False
2023-02-28,2023-02-28T23:41:00,2023-02-28T23:40:00,BSPB,BSPB,moex,high,0.0936515120349839,0.3883861538384038,0.5179623341266123,1.0,fresh_kronos_target_free_risk_v1,past_only_cross_sectional_vol_drawdown_liquidity_momentum,False
2023-02-28,2023-02-28T23:41:00,2023-02-28T23:40:00,CBOM,CBOM,moex,medium,0.4110366544973012,0.4825795650515421,0.10638378045115664,1.0,fresh_kronos_target_free_risk_v1,past_only_cross_sectional_vol_drawdown_liquidity_momentum,False
2023-02-28,2023-02-28T23:41:00,2023-02-28T23:40:00,CHMF,CHMF,moex,medium,0.287650928752869,0.5951979465687888,0.11715112467834224,1.0,fresh_kronos_target_free_risk_v1,past_only_cross_sectional_vol_drawdown_liquidity_momentum,False
2023-02-28,2023-02-28T23:41:00,2023-02-28T23:40:00,ENPG,ENPG,moex,medium,0.103877198355061,0.4620724105256331,0.43405039111930577,1.0,fresh_kronos_target_free_risk_v1,past_only_cross_sectional_vol_drawdown_liquidity_momentum,False
2023-02-28,2023-02-28T23:41:00,2023-02-28T23:40:00,FEES,FEES,moex,medium,0.15912918630782902,0.7197203302134011,0.12115048347876972,0.8166666666666667,fresh_kronos_target_free_risk_v1,past_only_cross_sectional_vol_drawdown_liquidity_momentum,False
2023-02-28,2023-02-28T23:41:00,2023-02-28T23:40:00,FLOT,FLOT,moex,medium,0.10713800849902955,0.4890115432991159,0.40385044820185456,1.0,fresh_kronos_target_free_risk_v1,past_only_cross_sectional_vol_drawdown_liquidity_momentum,False
2023-02-28,2023-02-28T23:41:00,2023-02-28T23:40:00,GAZP,GAZP,moex,low,0.5368282137465933,0.3720377086920162,0.0911340775613905,1.0,fresh_kronos_target_free_risk_v1,past_only_cross_sectional_vol_drawdown_liquidity_momentum,False
2023-02-28,2023-02-28T23:41:00,2023-02-28T23:40:00,GMKN,GMKN,moex,medium,0.17730382174564913,0.7014212757695018,0.12127490248484901,1.0,fresh_kronos_target_free_risk_v1,past_only_cross_sectional_vol_drawdown_liquidity_momentum,False
2023-02-28,2023-02-28T23:41:00,2023-02-28T23:40:00,HYDR,HYDR,moex,medium,0.36813162703254726,0.5211945993265613,0.11067377364089141,1.0,fresh_kronos_target_free_risk_v1,past_only_cross_sectional_vol_drawdown_liquidity_momentum,False
2023-02-28,2023-02-28T23:41:00,2023-02-28T23:40:00,IRAO,IRAO,moex,medium,0.22901130757167606,0.6507734797472624,0.12021521268106146,1.0,fresh_kronos_target_free_risk_v1,past_only_cross_sectional_vol_drawdown_liquidity_momentum,False
2023-02-28,2023-02-28T23:41:00,2023-02-28T23:40:00,LKOH,LKOH,moex,medium,0.12045945318069548,0.7444312658168328,0.1351092810024716,1.0,fresh_kronos_target_free_risk_v1,past_only_cross_sectional_vol_drawdown_liquidity_momentum,False
2023-02-28,2023-02-28T23:41:00,2023-02-28T23:40:00,MAGN,MAGN,moex,medium,0.22214213698082214,0.6574002512529182,0.12045761176625959,1.0,fresh_kronos_target_free_risk_v1,past_only_cross_sectional_vol_drawdown_liquidity_momentum,False
2023-02-28,2023-02-28T23:41:00,2023-02-28T23:40:00,MGNT,MGNT,moex,medium,0.3501136487270883,0.5375719924496658,0.11231435882324606,1.0,fresh_kronos_target_free_risk_v1,past_only_cross_sectional_vol_drawdown_liquidity_momentum,False
2023-02-28,2023-02-28T23:41:00,2023-02-28T23:40:00,MOEX,MOEX,moex,medium,0.2733075079585333,0.6086428913343517,0.11804960070711511,1.0,fresh_kronos_target_free_risk_v1,past_only_cross_sectional_vol_drawdown_liquidity_momentum,False
2023-02-28,2023-02-28T23:41:00,2023-02-28T23:40:00,MTLR,MTLR,moex,medium,0.11974344446933517,0.6396070032656468,0.24064955226501805,1.0,fresh_kronos_target_free_risk_v1,past_only_cross_sectional_vol_drawdown_liquidity_momentum,False
2023-02-28,2023-02-28T23:41:00,2023-02-28T23:40:00,MTSS,MTSS,moex,medium,0.33624867453803375,0.5502447526920877,0.11350657276987862,1.0,fresh_kronos_target_free_risk_v1,past_only_cross_sectional_vol_drawdown_liquidity_momentum,False
2023-02-28,2023-02-28T23:41:00,2023-02-28T23:40:00,NLMK,NLMK,moex,medium,0.12040271862022044,0.7457739963330875,0.1338232850466922,1.0,fresh_kronos_target_free_risk_v1,past_only_cross_sectional_vol_drawdown_liquidity_momentum,False
2023-02-28,2023-02-28T23:41:00,2023-02-28T23:40:00,NVTK,NVTK,moex,medium,0.3102019512192363,0.574229084702639,0.1155689640781247,1.0,fresh_kronos_target_free_risk_v1,past_only_cross_sectional_vol_drawdown_liquidity_momentum,False
2023-02-28,2023-02-28T23:41:00,2023-02-28T23:40:00,OZON,OZON,moex,medium,0.1209165534965891,0.7309425118540526,0.1481409346493583,1.0,fresh_kronos_target_free_risk_v1,past_only_cross_sectional_vol_drawdown_liquidity_momentum,False
2023-02-28,2023-02-28T23:41:00,2023-02-28T23:40:00,PHOR,PHOR,moex,medium,0.18015625870083524,0.6985760789636337,0.12126766233553106,1.0,fresh_kronos_target_free_risk_v1,past_only_cross_sectional_vol_drawdown_liquidity_momentum,False
2023-02-28,2023-02-28T23:41:00,2023-02-28T23:40:00,PIKK,PIKK,moex,medium,0.22240770798957152,0.6571435343176846,0.1204487576927439,1.0,fresh_kronos_target_free_risk_v1,past_only_cross_sectional_vol_drawdown_liquidity_momentum,False
2023-02-28,2023-02-28T23:41:00,2023-02-28T23:40:00,PLZL,PLZL,moex,high,0.10050622391227643,0.43624756810618637,0.4632462079815372,1.0,fresh_kronos_target_free_risk_v1,past_only_cross_sectional_vol_drawdown_liquidity_momentum,False
2023-02-28,2023-02-28T23:41:00,2023-02-28T23:40:00,POSI,POSI,moex,medium,0.11648116112832806,0.5859685611614305,0.2975502777102415,1.0,fresh_kronos_target_free_risk_v1,past_only_cross_sectional_vol_drawdown_liquidity_momentum,False
2023-02-28,2023-02-28T23:41:00,2023-02-28T23:40:00,RNFT,RNFT,moex,high,0.056797219025625074,0.18924149468302054,0.7539612862913543,1.0,fresh_kronos_target_free_risk_v1,past_only_cross_sectional_vol_drawdown_liquidity_momentum,False
2023-02-28,2023-02-28T23:41:00,2023-02-28T23:40:00,ROSN,ROSN,moex,medium,0.3233095345580195,0.5621294305682623,0.11456103487371831,1.0,fresh_kronos_target_free_risk_v1,past_only_cross_sectional_vol_drawdown_liquidity_momentum,False
2023-02-28,2023-02-28T23:41:00,2023-02-28T23:40:00,RTKM,RTKM,moex,medium,0.2039111058599209,0.675128913419721,0.12095998072035793,1.0,fresh_kronos_target_free_risk_v1,past_only_cross_sectional_vol_drawdown_liquidity_momentum,False
2023-02-28,2023-02-28T23:41:00,2023-02-28T23:40:00,RUAL,RUAL,moex,medium,0.12115615081672163,0.6860151612482276,0.19282868793505087,1.0,fresh_kronos_target_free_risk_v1,past_only_cross_sectional_vol_drawdown_liquidity_momentum,False
2023-02-28,2023-02-28T23:41:00,2023-02-28T23:40:00,SBER,SBER,moex,low,0.48087480245208086,0.42075300483152867,0.09837219271639051,1.0,fresh_kronos_target_free_risk_v1,past_only_cross_sectional_vol_drawdown_liquidity_momentum,False
2023-02-28,2023-02-28T23:41:00,2023-02-28T23:40:00,SGZH,SGZH,moex,high,0.09788498837015283,0.41729695032784425,0.48481806130200283,1.0,fresh_kronos_target_free_risk_v1,past_only_cross_sectional_vol_drawdown_liquidity_momentum,False
2023-02-28,2023-02-28T23:41:00,2023-02-28T23:40:00,SIBN,SIBN,moex,medium,0.1136354011617422,0.5516598668146198,0.3347047320236381,1.0,fresh_kronos_target_free_risk_v1,past_only_cross_sectional_vol_drawdown_liquidity_momentum,False
2023-02-28,2023-02-28T23:41:00,2023-02-28T23:40:00,SMLT,SMLT,moex,medium,0.121142889932806,0.6850840209870914,0.19377308908010255,1.0,fresh_kronos_target_free_risk_v1,past_only_cross_sectional_vol_drawdown_liquidity_momentum,False
2023-02-28,2023-02-28T23:41:00,2023-02-28T23:40:00,SNGS,SNGS,moex,medium,0.1819178016202262,0.6968223884220599,0.12125980995771395,1.0,fresh_kronos_target_free_risk_v1,past_only_cross_sectional_vol_drawdown_liquidity_momentum,False
2023-02-28,2023-02-28T23:41:00,2023-02-28T23:40:00,SPBE,SPBE,moex,high,0.07574060231148896,0.28231312120342267,0.6419462764850885,1.0,fresh_kronos_target_free_risk_v1,past_only_cross_sectional_vol_drawdown_liquidity_momentum,False
2023-02-28,2023-02-28T23:41:00,2023-02-28T23:40:00,T,T,moex,high,0.04621930441751602,0.14366026106491897,0.810120434517565,1.0,fresh_kronos_target_free_risk_v1,past_only_cross_sectional_vol_drawdown_liquidity_momentum,False
2023-02-28,2023-02-28T23:41:00,2023-02-28T23:40:00,TATN,TATN,moex,medium,0.18146035465365762,0.6972775510817091,0.12126209426463327,1.0,fresh_kronos_target_free_risk_v1,past_only_cross_sectional_vol_drawdown_liquidity_momentum,False
2023-02-28,2023-02-28T23:41:00,2023-02-28T23:40:00,VKCO,VKCO,moex,medium,0.10990415779985097,0.5138646545474634,0.3762311876526856,1.0,fresh_kronos_target_free_risk_v1,past_only_cross_sectional_vol_drawdown_liquidity_momentum,False
2023-02-28,2023-02-28T23:41:00,2023-02-28T23:40:00,VTBR,VTBR,moex,medium,0.36705375884784586,0.5221715240691186,0.11077471708303557,1.0,fresh_kronos_target_free_risk_v1,past_only_cross_sectional_vol_drawdown_liquidity_momentum,False
2023-02-28,2023-02-28T23:41:00,2023-02-28T23:40:00,WUSH,WUSH,moex,high,0.05148363315933127,0.16581840150835675,0.782697965332312,0.8833333333333333,fresh_kronos_target_free_risk_v1,past_only_cross_sectional_vol_drawdown_liquidity_momentum,False
2023-03-31,2023-03-31T23:41:00,2023-03-31T23:40:00,AFKS,AFKS,moex,medium,0.121211266725952,0.6905721072276202,0.1882166260464278,1.0,fresh_kronos_target_free_risk_v1,past_only_cross_sectional_vol_drawdown_liquidity_momentum,False
2023-03-31,2023-03-31T23:41:00,2023-03-31T23:40:00,AFLT,AFLT,moex,high,0.09399537746837924,0.3906650265625496,0.5153395959690712,1.0,fresh_kronos_target_free_risk_v1,past_only_cross_sectional_vol_drawdown_liquidity_momentum,False
2023-03-31,2023-03-31T23:41:00,2023-03-31T23:40:00,ALRS,ALRS,moex,medium,0.35728805978592304,0.5310387688014356,0.11167317141264131,1.0,fresh_kronos_target_free_risk_v1,past_only_cross_sectional_vol_drawdown_liquidity_momentum,False
2023-03-31,2023-03-31T23:41:00,2023-03-31T23:40:00,BSPB,BSPB,moex,medium,0.10518195471769333,0.47259006279219457,0.4222279824901122,1.0,fresh_kronos_target_free_risk_v1,past_only_cross_sectional_vol_drawdown_liquidity_momentum,False
2023-03-31,2023-03-31T23:41:00,2023-03-31T23:40:00,CBOM,CBOM,moex,medium,0.1100999291088855,0.5157099512253339,0.3741901196657806,1.0,fresh_kronos_target_free_risk_v1,past_only_cross_sectional_vol_drawdown_liquidity_momentum,False
2023-03-31,2023-03-31T23:41:00,2023-03-31T23:40:00,CHMF,CHMF,moex,medium,0.3195932430231782,0.5655536536187258,0.11485310335809606,1.0,fresh_kronos_target_free_risk_v1,past_only_cross_sectional_vol_drawdown_liquidity_momentum,False
2023-03-31,2023-03-31T23:41:00,2023-03-31T23:40:00,ENPG,ENPG,moex,high,0.08348984168197436,0.32553225593670126,0.5909779023813244,1.0,fresh_kronos_target_free_risk_v1,past_only_cross_sectional_vol_drawdown_liquidity_momentum,False
2023-03-31,2023-03-31T23:41:00,2023-03-31T23:40:00,FEES,FEES,moex,medium,0.12114695333262224,0.685364381424387,0.19348866524299072,0.9333333333333333,fresh_kronos_target_free_risk_v1,past_only_cross_sectional_vol_drawdown_liquidity_momentum,False
2023-03-31,2023-03-31T23:41:00,2023-03-31T23:40:00,FLOT,FLOT,moex,medium,0.11041961921985131,0.51875121501771,0.3708291657624387,1.0,fresh_kronos_target_free_risk_v1,past_only_cross_sectional_vol_drawdown_liquidity_momentum,False
2023-03-31,2023-03-31T23:41:00,2023-03-31T23:40:00,GAZP,GAZP,moex,medium,0.146450274797811,0.7326809491269269,0.12086877607526192,1.0,fresh_kronos_target_free_risk_v1,past_only_cross_sectional_vol_drawdown_liquidity_momentum,False
2023-03-31,2023-03-31T23:41:00,2023-03-31T23:40:00,GMKN,GMKN,moex,medium,0.15362914461100394,0.7253212912315132,0.12104956415748289,1.0,fresh_kronos_target_free_risk_v1,past_only_cross_sectional_vol_drawdown_liquidity_momentum,False
2023-03-31,2023-03-31T23:41:00,2023-03-31T23:40:00,HYDR,HYDR,moex,medium,0.3619993244738811,0.5267572976561601,0.11124337786995896,1.0,fresh_kronos_target_free_risk_v1,past_only_cross_sectional_vol_drawdown_liquidity_momentum,False
2023-03-31,2023-03-31T23:41:00,2023-03-31T23:40:00,IRAO,IRAO,moex,medium,0.11969626812163418,0.7595070696376414,0.12079666224072458,1.0,fresh_kronos_target_free_risk_v1,past_only_cross_sectional_vol_drawdown_liquidity_momentum,False
2023-03-31,2023-03-31T23:41:00,2023-03-31T23:40:00,LKOH,LKOH,moex,low,0.5461344058424246,0.3640014288076504,0.08986416534992518,1.0,fresh_kronos_target_free_risk_v1,past_only_cross_sectional_vol_drawdown_liquidity_momentum,False
2023-03-31,2023-03-31T23:41:00,2023-03-31T23:40:00,MAGN,MAGN,moex,medium,0.2197580443964806,0.6597067615551371,0.12053519404838228,1.0,fresh_kronos_target_free_risk_v1,past_only_cross_sectional_vol_drawdown_liquidity_momentum,False
2023-03-31,2023-03-31T23:41:00,2023-03-31T23:40:00,MGNT,MGNT,moex,low,0.4621547583676922,0.43720929000044007,0.10063595163186768,1.0,fresh_kronos_target_free_risk_v1,past_only_cross_sectional_vol_drawdown_liquidity_momentum,False
2023-03-31,2023-03-31T23:41:00,2023-03-31T23:40:00,MOEX,MOEX,moex,medium,0.11735844460038083,0.5981798235937033,0.28446173180591594,1.0,fresh_kronos_target_free_risk_v1,past_only_cross_sectional_vol_drawdown_liquidity_momentum,False
2023-03-31,2023-03-31T23:41:00,2023-03-31T23:40:00,MTLR,MTLR,moex,medium,0.119974105961754,0.6448372033717845,0.23518869066646156,1.0,fresh_kronos_target_free_risk_v1,past_only_cross_sectional_vol_drawdown_liquidity_momentum,False
2023-03-31,2023-03-31T23:41:00,2023-03-31T23:40:00,MTSS,MTSS,moex,low,0.45497279241249444,0.44354470444850347,0.10148250313900203,1.0,fresh_kronos_target_free_risk_v1,past_only_cross_sectional_vol_drawdown_liquidity_momentum,False
2023-03-31,2023-03-31T23:41:00,2023-03-31T23:40:00,NLMK,NLMK,moex,medium,0.18727122540099714,0.6915082228936306,0.12122055170537226,1.0,fresh_kronos_target_free_risk_v1,past_only_cross_sectional_vol_drawdown_liquidity_momentum,False
2023-03-31,2023-03-31T23:41:00,2023-03-31T23:40:00,NVTK,NVTK,moex,low,0.4942506163137541,0.40904419106605716,0.0967051926201888,1.0,fresh_kronos_target_free_risk_v1,past_only_cross_sectional_vol_drawdown_liquidity_momentum,False
2023-03-31,2023-03-31T23:41:00,2023-03-31T23:40:00,OZON,OZON,moex,medium,0.12063450621202766,0.6628286988598869,0.21653679492808536,1.0,fresh_kronos_target_free_risk_v1,past_only_cross_sectional_vol_drawdown_liquidity_momentum,False
2023-03-31,2023-03-31T23:41:00,2023-03-31T23:40:00,PHOR,PHOR,moex,medium,0.2483713420431949,0.6322383357727128,0.1193903221840924,1.0,fresh_kronos_target_free_risk_v1,past_only_cross_sectional_vol_drawdown_liquidity_momentum,False
2023-03-31,2023-03-31T23:41:00,2023-03-31T23:40:00,PIKK,PIKK,moex,medium,0.25329225365570984,0.6275583519061866,0.11914939443810357,1.0,fresh_kronos_target_free_risk_v1,past_only_cross_sectional_vol_drawdown_liquidity_momentum,False
2023-03-31,2023-03-31T23:41:00,2023-03-31T23:40:00,PLZL,PLZL,moex,medium,0.10866415868992105,0.5024573664154133,0.38887847489466565,1.0,fresh_kronos_target_free_risk_v1,past_only_cross_sectional_vol_drawdown_liquidity_momentum,False
2023-03-31,2023-03-31T23:41:00,2023-03-31T23:40:00,POSI,POSI,moex,medium,0.17260551287178216,0.7061228325241585,0.12127165460405931,1.0,fresh_kronos_target_free_risk_v1,past_only_cross_sectional_vol_drawdown_liquidity_momentum,False
2023-03-31,2023-03-31T23:41:00,2023-03-31T23:40:00,RNFT,RNFT,moex,high,0.0577547681033739,0.1935786634535276,0.7486665684430986,1.0,fresh_kronos_target_free_risk_v1,past_only_cross_sectional_vol_drawdown_liquidity_momentum,False
2023-03-31,2023-03-31T23:41:00,2023-03-31T23:40:00,ROSN,ROSN,moex,medium,0.15519440083946043,0.7237240963385653,0.12108150282197422,1.0,fresh_kronos_target_free_risk_v1,past_only_cross_sectional_vol_drawdown_liquidity_momentum,False
2023-03-31,2023-03-31T23:41:00,2023-03-31T23:40:00,RTKM,RTKM,moex,medium,0.20975303232291648,0.6694246465481647,0.12082232112891883,1.0,fresh_kronos_target_free_risk_v1,past_only_cross_sectional_vol_drawdown_liquidity_momentum,False
2023-03-31,2023-03-31T23:41:00,2023-03-31T23:40:00,RUAL,RUAL,moex,medium,0.12127505333527876,0.7044155493579985,0.17430939730672257,1.0,fresh_kronos_target_free_risk_v1,past_only_cross_sectional_vol_drawdown_liquidity_momentum,False
2023-03-31,2023-03-31T23:41:00,2023-03-31T23:40:00,SBER,SBER,moex,medium,0.3127801848438843,0.5718441633913666,0.11537565176474916,1.0,fresh_kronos_target_free_risk_v1,past_only_cross_sectional_vol_drawdown_liquidity_momentum,False
2023-03-31,2023-03-31T23:41:00,2023-03-31T23:40:00,SGZH,SGZH,moex,medium,0.1211601987150112,0.6863092036834233,0.19253059760156566,1.0,fresh_kronos_target_free_risk_v1,past_only_cross_sectional_vol_drawdown_liquidity_momentum,False
2023-03-31,2023-03-31T23:41:00,2023-03-31T23:40:00,SIBN,SIBN,moex,medium,0.11971124136045781,0.7592575573081722,0.12103120133136992,1.0,fresh_kronos_target_free_risk_v1,past_only_cross_sectional_vol_drawdown_liquidity_momentum,False
2023-03-31,2023-03-31T23:41:00,2023-03-31T23:40:00,SMLT,SMLT,moex,medium,0.11933776632054359,0.6311959679286386,0.24946626575081782,1.0,fresh_kronos_target_free_risk_v1,past_only_cross_sectional_vol_drawdown_liquidity_momentum,False
2023-03-31,2023-03-31T23:41:00,2023-03-31T23:40:00,SNGS,SNGS,moex,medium,0.12957147764231003,0.7502293961067994,0.12019912625089049,1.0,fresh_kronos_target_free_risk_v1,past_only_cross_sectional_vol_drawdown_liquidity_momentum,False
2023-03-31,2023-03-31T23:41:00,2023-03-31T23:40:00,SPBE,SPBE,moex,high,0.07588245941329129,0.2830737622399499,0.6410437783467589,1.0,fresh_kronos_target_free_risk_v1,past_only_cross_sectional_vol_drawdown_liquidity_momentum,False
2023-03-31,2023-03-31T23:41:00,2023-03-31T23:40:00,T,T,moex,high,0.07316982055752161,0.26870975757544535,0.6581204218670331,1.0,fresh_kronos_target_free_risk_v1,past_only_cross_sectional_vol_drawdown_liquidity_momentum,False
2023-03-31,2023-03-31T23:41:00,2023-03-31T23:40:00,TATN,TATN,moex,medium,0.13066939073867842,0.7490765116998266,0.12025409756149509,1.0,fresh_kronos_target_free_risk_v1,past_only_cross_sectional_vol_drawdown_liquidity_momentum,False
2023-03-31,2023-03-31T23:41:00,2023-03-31T23:40:00,VKCO,VKCO,moex,medium,0.11884342136959274,0.6219383588091554,0.2592182198212519,1.0,fresh_kronos_target_free_risk_v1,past_only_cross_sectional_vol_drawdown_liquidity_momentum,False
2023-03-31,2023-03-31T23:41:00,2023-03-31T23:40:00,VTBR,VTBR,moex,medium,0.1316205702848846,0.7480790705548193,0.12030035916029619,1.0,fresh_kronos_target_free_risk_v1,past_only_cross_sectional_vol_drawdown_liquidity_momentum,False
2023-03-31,2023-03-31T23:41:00,2023-03-31T23:40:00,WUSH,WUSH,moex,medium,0.12061241664657721,0.6621160037571489,0.217271579596274,1.0,fresh_kronos_target_free_risk_v1,past_only_cross_sectional_vol_drawdown_liquidity_momentum,False
2023-04-28,2023-04-28T23:41:00,2023-04-28T23:40:00,AFKS,AFKS,moex,medium,0.12083383872327846,0.6698674002941406,0.20929876098258088,1.0,fresh_kronos_target_free_risk_v1,past_only_cross_sectional_vol_drawdown_liquidity_momentum,False
2023-04-28,2023-04-28T23:41:00,2023-04-28T23:40:00,AFLT,AFLT,moex,medium,0.11894052391513842,0.6236865755319562,0.2573729005529054,1.0,fresh_kronos_target_free_risk_v1,past_only_cross_sectional_vol_drawdown_liquidity_momentum,False
2023-04-28,2023-04-28T23:41:00,2023-04-28T23:40:00,ALRS,ALRS,moex,low,0.5386103956103662,0.370497293567427,0.09089231082220688,1.0,fresh_kronos_target_free_risk_v1,past_only_cross_sectional_vol_drawdown_liquidity_momentum,False
2023-04-28,2023-04-28T23:41:00,2023-04-28T23:40:00,BSPB,BSPB,moex,medium,0.12030818285286966,0.6532239693490897,0.22646784779804066,1.0,fresh_kronos_target_free_risk_v1,past_only_cross_sectional_vol_drawdown_liquidity_momentum,False
2023-04-28,2023-04-28T23:41:00,2023-04-28T23:40:00,CBOM,CBOM,moex,medium,0.11658935239514268,0.5874204773826763,0.2959901702221811,1.0,fresh_kronos_target_free_risk_v1,past_only_cross_sectional_vol_drawdown_liquidity_momentum,False
2023-04-28,2023-04-28T23:41:00,2023-04-28T23:40:00,CHMF,CHMF,moex,medium,0.3437378477562885,0.5433917506496859,0.11287040159402555,1.0,fresh_kronos_target_free_risk_v1,past_only_cross_sectional_vol_drawdown_liquidity_momentum,False
2023-04-28,2023-04-28T23:41:00,2023-04-28T23:40:00,ENPG,ENPG,moex,high,0.06807892702620094,0.24273141124758568,0.6891896617262133,1.0,fresh_kronos_target_free_risk_v1,past_only_cross_sectional_vol_drawdown_liquidity_momentum,False
2023-04-28,2023-04-28T23:41:00,2023-04-28T23:40:00,FEES,FEES,moex,medium,0.14869503448408003,0.7303734631284333,0.12093150238748653,1.0,fresh_kronos_target_free_risk_v1,past_only_cross_sectional_vol_drawdown_liquidity_momentum,False
2023-04-28,2023-04-28T23:41:00,2023-04-28T23:40:00,FLOT,FLOT,moex,high,0.09041354685521355,0.3674614815342545,0.5421249716105319,1.0,fresh_kronos_target_free_risk_v1,past_only_cross_sectional_vol_drawdown_liquidity_momentum,False
2023-04-28,2023-04-28T23:41:00,2023-04-28T23:40:00,GAZP,GAZP,moex,low,0.5864970910878442,0.3293573455646236,0.08414556334753216,1.0,fresh_kronos_target_free_risk_v1,past_only_cross_sectional_vol_drawdown_liquidity_momentum,False
2023-04-28,2023-04-28T23:41:00,2023-04-28T23:40:00,GMKN,GMKN,moex,medium,0.10335023373168313,0.45791319942235686,0.43873656684595996,1.0,fresh_kronos_target_free_risk_v1,past_only_cross_sectional_vol_drawdown_liquidity_momentum,False
2023-04-28,2023-04-28T23:41:00,2023-04-28T23:40:00,HYDR,HYDR,moex,medium,0.17639753187927712,0.7023267056626747,0.12127576245804825,1.0,fresh_kronos_target_free_risk_v1,past_only_cross_sectional_vol_drawdown_liquidity_momentum,False
2023-04-28,2023-04-28T23:41:00,2023-04-28T23:40:00,IRAO,IRAO,moex,medium,0.38480523931581223,0.5061262352096525,0.1090685254745353,1.0,fresh_kronos_target_free_risk_v1,past_only_cross_sectional_vol_drawdown_liquidity_momentum,False
2023-04-28,2023-04-28T23:41:00,2023-04-28T23:40:00,LKOH,LKOH,moex,low,0.6221319857272459,0.2990514644739854,0.07881654979876868,1.0,fresh_kronos_target_free_risk_v1,past_only_cross_sectional_vol_drawdown_liquidity_momentum,False
2023-04-28,2023-04-28T23:41:00,2023-04-28T23:40:00,MAGN,MAGN,moex,medium,0.2659921732490191,0.6155346715328308,0.11847315521815002,1.0,fresh_kronos_target_free_risk_v1,past_only_cross_sectional_vol_drawdown_liquidity_momentum,False
2023-04-28,2023-04-28T23:41:00,2023-04-28T23:40:00,MGNT,MGNT,moex,medium,0.19935776455052936,0.6795910813357484,0.12105115411372222,1.0,fresh_kronos_target_free_risk_v1,past_only_cross_sectional_vol_drawdown_liquidity_momentum,False
2023-04-28,2023-04-28T23:41:00,2023-04-28T23:40:00,MOEX,MOEX,moex,medium,0.12724092003679832,0.7526823351993445,0.12007674476385712,1.0,fresh_kronos_target_free_risk_v1,past_only_cross_sectional_vol_drawdown_liquidity_momentum,False
2023-04-28,2023-04-28T23:41:00,2023-04-28T23:40:00,MTLR,MTLR,moex,medium,0.11996630050604565,0.6446537256967364,0.23537997379721784,1.0,fresh_kronos_target_free_risk_v1,past_only_cross_sectional_vol_drawdown_liquidity_momentum,False
2023-04-28,2023-04-28T23:41:00,2023-04-28T23:40:00,MTSS,MTSS,moex,medium,0.4437519780134208,0.45346783225668935,0.10278018972988982,1.0,fresh_kronos_target_free_risk_v1,past_only_cross_sectional_vol_drawdown_liquidity_momentum,False
2023-04-28,2023-04-28T23:41:00,2023-04-28T23:40:00,NLMK,NLMK,moex,medium,0.14481953892796492,0.7343609045309814,0.1208195565410538,1.0,fresh_kronos_target_free_risk_v1,past_only_cross_sectional_vol_drawdown_liquidity_momentum,False
2023-04-28,2023-04-28T23:41:00,2023-04-28T23:40:00,NVTK,NVTK,moex,medium,0.3966982801754331,0.49542693937902543,0.10787478044554151,1.0,fresh_kronos_target_free_risk_v1,past_only_cross_sectional_vol_drawdown_liquidity_momentum,False
2023-04-28,2023-04-28T23:41:00,2023-04-28T23:40:00,OZON,OZON,moex,high,0.09810046060958719,0.41882187927283115,0.48307766011758174,1.0,fresh_kronos_target_free_risk_v1,past_only_cross_sectional_vol_drawdown_liquidity_momentum,False
2023-04-28,2023-04-28T23:41:00,2023-04-28T23:40:00,PHOR,PHOR,moex,medium,0.26265072823823615,0.618690784730476,0.11865848703128785,1.0,fresh_kronos_target_free_risk_v1,past_only_cross_sectional_vol_drawdown_liquidity_momentum,False
2023-04-28,2023-04-28T23:41:00,2023-04-28T23:40:00,PIKK,PIKK,moex,medium,0.13085538529998159,0.7488813721212858,0.12026324257873262,1.0,fresh_kronos_target_free_risk_v1,past_only_cross_sectional_vol_drawdown_liquidity_momentum,False
2023-04-28,2023-04-28T23:41:00,2023-04-28T23:40:00,PLZL,PLZL,moex,high,0.08339601436975642,0.32498722853589135,0.5916167570943521,1.0,fresh_kronos_target_free_risk_v1,past_only_cross_sectional_vol_drawdown_liquidity_momentum,False
2023-04-28,2023-04-28T23:41:00,2023-04-28T23:40:00,POSI,POSI,moex,medium,0.12867005009115035,0.7511772333544441,0.1201527165544055,1.0,fresh_kronos_target_free_risk_v1,past_only_cross_sectional_vol_drawdown_liquidity_momentum,False
2023-04-28,2023-04-28T23:41:00,2023-04-28T23:40:00,RNFT,RNFT,moex,high,0.07451531212554488,0.2757870545380892,0.6496976333363659,1.0,fresh_kronos_target_free_risk_v1,past_only_cross_sectional_vol_drawdown_liquidity_momentum,False
2023-04-28,2023-04-28T23:41:00,2023-04-28T23:40:00,ROSN,ROSN,moex,low,0.6778879765588464,0.25215783446850626,0.0699541889726474,1.0,fresh_kronos_target_free_risk_v1,past_only_cross_sectional_vol_drawdown_liquidity_momentum,False
2023-04-28,2023-04-28T23:41:00,2023-04-28T23:40:00,RTKM,RTKM,moex,medium,0.20648743277066958,0.6726104807082907,0.1209020865210397,1.0,fresh_kronos_target_free_risk_v1,past_only_cross_sectional_vol_drawdown_liquidity_momentum,False
2023-04-28,2023-04-28T23:41:00,2023-04-28T23:40:00,RUAL,RUAL,moex,medium,0.1211777875045816,0.6876488379130659,0.19117337458235253,1.0,fresh_kronos_target_free_risk_v1,past_only_cross_sectional_vol_drawdown_liquidity_momentum,False
2023-04-28,2023-04-28T23:41:00,2023-04-28T23:40:00,SBER,SBER,moex,low,0.5330975009118176,0.3752645204788051,0.0916379786093772,1.0,fresh_kronos_target_free_risk_v1,past_only_cross_sectional_vol_drawdown_liquidity_momentum,False
2023-04-28,2023-04-28T23:41:00,2023-04-28T23:40:00,SGZH,SGZH,moex,medium,0.1196316481146882,0.7605685177815078,0.11979983410380401,1.0,fresh_kronos_target_free_risk_v1,past_only_cross_sectional_vol_drawdown_liquidity_momentum,False
2023-04-28,2023-04-28T23:41:00,2023-04-28T23:40:00,SIBN,SIBN,moex,medium,0.18918380326314405,0.6896151446916122,0.12120105204524374,1.0,fresh_kronos_target_free_risk_v1,past_only_cross_sectional_vol_drawdown_liquidity_momentum,False
2023-04-28,2023-04-28T23:41:00,2023-04-28T23:40:00,SMLT,SMLT,moex,medium,0.11853242842005385,0.6165339622897203,0.2649336092902258,1.0,fresh_kronos_target_free_risk_v1,past_only_cross_sectional_vol_drawdown_liquidity_momentum,False
2023-04-28,2023-04-28T23:41:00,2023-04-28T23:40:00,SNGS,SNGS,moex,medium,0.12074804091795927,0.6666870212384084,0.21256493784363234,1.0,fresh_kronos_target_free_risk_v1,past_only_cross_sectional_vol_drawdown_liquidity_momentum,False
2023-04-28,2023-04-28T23:41:00,2023-04-28T23:40:00,SPBE,SPBE,moex,high,0.05768139790687149,0.19324505885689883,0.7490735432362298,1.0,fresh_kronos_target_free_risk_v1,past_only_cross_sectional_vol_drawdown_liquidity_momentum,False
2023-04-28,2023-04-28T23:41:00,2023-04-28T23:40:00,T,T,moex,high,0.03870381136068604,0.11378922528473764,0.8475069633545763,1.0,fresh_kronos_target_free_risk_v1,past_only_cross_sectional_vol_drawdown_liquidity_momentum,False
2023-04-28,2023-04-28T23:41:00,2023-04-28T23:40:00,TATN,TATN,moex,medium,0.32065496986273195,0.5645748679925393,0.11477016214472886,1.0,fresh_kronos_target_free_risk_v1,past_only_cross_sectional_vol_drawdown_liquidity_momentum,False
2023-04-28,2023-04-28T23:41:00,2023-04-28T23:40:00,VKCO,VKCO,moex,high,0.09866139733103833,0.42281830141792076,0.4785203012510409,1.0,fresh_kronos_target_free_risk_v1,past_only_cross_sectional_vol_drawdown_liquidity_momentum,False
2023-04-28,2023-04-28T23:41:00,2023-04-28T23:40:00,VTBR,VTBR,moex,medium,0.1209060546900994,0.6727769420978152,0.20631700321208535,1.0,fresh_kronos_target_free_risk_v1,past_only_cross_sectional_vol_drawdown_liquidity_momentum,False
2023-04-28,2023-04-28T23:41:00,2023-04-28T23:40:00,WUSH,WUSH,moex,high,0.07744973300543181,0.2915494430462614,0.6310008239483068,1.0,fresh_kronos_target_free_risk_v1,past_only_cross_sectional_vol_drawdown_liquidity_momentum,False
2023-05-31,2023-05-31T23:41:00,2023-05-31T23:40:00,AFKS,AFKS,moex,medium,0.11977839498840492,0.7581212453084691,0.12210035970312591,1.0,fresh_kronos_target_free_risk_v1,past_only_cross_sectional_vol_drawdown_liquidity_momentum,False
2023-05-31,2023-05-31T23:41:00,2023-05-31T23:40:00,AFLT,AFLT,moex,medium,0.15920209929342305,0.7196462887635788,0.12115161194299813,1.0,fresh_kronos_target_free_risk_v1,past_only_cross_sectional_vol_drawdown_liquidity_momentum,False
2023-05-31,2023-05-31T23:41:00,2023-05-31T23:40:00,ALRS,ALRS,moex,low,0.521133793538906,0.38563250600322657,0.09323370045786744,1.0,fresh_kronos_target_free_risk_v1,past_only_cross_sectional_vol_drawdown_liquidity_momentum,False
2023-05-31,2023-05-31T23:41:00,2023-05-31T23:40:00,BSPB,BSPB,moex,high,0.08325977472523187,0.32419685288820266,0.5925433723865655,1.0,fresh_kronos_target_free_risk_v1,past_only_cross_sectional_vol_drawdown_liquidity_momentum,False
2023-05-31,2023-05-31T23:41:00,2023-05-31T23:40:00,CBOM,CBOM,moex,medium,0.11440155315917346,0.5602854369644312,0.3253130098763953,1.0,fresh_kronos_target_free_risk_v1,past_only_cross_sectional_vol_drawdown_liquidity_momentum,False
2023-05-31,2023-05-31T23:41:00,2023-05-31T23:40:00,CHMF,CHMF,moex,medium,0.2876557621461579,0.5951934305790085,0.11715080727483354,1.0,fresh_kronos_target_free_risk_v1,past_only_cross_sectional_vol_drawdown_liquidity_momentum,False
2023-05-31,2023-05-31T23:41:00,2023-05-31T23:40:00,ENPG,ENPG,moex,high,0.06882617628662019,0.24646818601878062,0.6847056376945992,1.0,fresh_kronos_target_free_risk_v1,past_only_cross_sectional_vol_drawdown_liquidity_momentum,False
2023-05-31,2023-05-31T23:41:00,2023-05-31T23:40:00,FEES,FEES,moex,medium,0.10617758849551932,0.4808437261775747,0.412978685326906,1.0,fresh_kronos_target_free_risk_v1,past_only_cross_sectional_vol_drawdown_liquidity_momentum,False
2023-05-31,2023-05-31T23:41:00,2023-05-31T23:40:00,FLOT,FLOT,moex,high,0.088809460660611,0.3574273796610466,0.5537631596783424,1.0,fresh_kronos_target_free_risk_v1,past_only_cross_sectional_vol_drawdown_liquidity_momentum,False
2023-05-31,2023-05-31T23:41:00,2023-05-31T23:40:00,GAZP,GAZP,moex,medium,0.2050806184609396,0.6739851248178058,0.12093425672125456,1.0,fresh_kronos_target_free_risk_v1,past_only_cross_sectional_vol_drawdown_liquidity_momentum,False
2023-05-31,2023-05-31T23:41:00,2023-05-31T23:40:00,GMKN,GMKN,moex,medium,0.12127590300403539,0.7032943129869135,0.17542978400905107,1.0,fresh_kronos_target_free_risk_v1,past_only_cross_sectional_vol_drawdown_liquidity_momentum,False
2023-05-31,2023-05-31T23:41:00,2023-05-31T23:40:00,HYDR,HYDR,moex,medium,0.18126357433136264,0.6974734014978212,0.12126302417081603,1.0,fresh_kronos_target_free_risk_v1,past_only_cross_sectional_vol_drawdown_liquidity_momentum,False
2023-05-31,2023-05-31T23:41:00,2023-05-31T23:40:00,IRAO,IRAO,moex,medium,0.1494766380318649,0.7295713620729972,0.12095199989513793,1.0,fresh_kronos_target_free_risk_v1,past_only_cross_sectional_vol_drawdown_liquidity_momentum,False
2023-05-31,2023-05-31T23:41:00,2023-05-31T23:40:00,LKOH,LKOH,moex,low,0.701770740458046,0.23226975959648927,0.06595949994546485,1.0,fresh_kronos_target_free_risk_v1,past_only_cross_sectional_vol_drawdown_liquidity_momentum,False
2023-05-31,2023-05-31T23:41:00,2023-05-31T23:40:00,MAGN,MAGN,moex,medium,0.3802263300699462,0.5102562356189435,0.10951743431111029,1.0,fresh_kronos_target_free_risk_v1,past_only_cross_sectional_vol_drawdown_liquidity_momentum,False
2023-05-31,2023-05-31T23:41:00,2023-05-31T23:40:00,MGNT,MGNT,moex,medium,0.11215433627311883,0.5359243421112817,0.35192132161559947,1.0,fresh_kronos_target_free_risk_v1,past_only_cross_sectional_vol_drawdown_liquidity_momentum,False
2023-05-31,2023-05-31T23:41:00,2023-05-31T23:40:00,MOEX,MOEX,moex,medium,0.1199030255701728,0.7559321235700354,0.12416485085979172,1.0,fresh_kronos_target_free_risk_v1,past_only_cross_sectional_vol_drawdown_liquidity_momentum,False
2023-05-31,2023-05-31T23:41:00,2023-05-31T23:40:00,MTLR,MTLR,moex,medium,0.10661383767177178,0.48452754794627306,0.40885861438195514,1.0,fresh_kronos_target_free_risk_v1,past_only_cross_sectional_vol_drawdown_liquidity_momentum,False
2023-05-31,2023-05-31T23:41:00,2023-05-31T23:40:00,MTSS,MTSS,moex,low,0.44924304282291705,0.4486079775729347,0.10214897960414822,1.0,fresh_kronos_target_free_risk_v1,past_only_cross_sectional_vol_drawdown_liquidity_momentum,False
2023-05-31,2023-05-31T23:41:00,2023-05-31T23:40:00,NLMK,NLMK,moex,medium,0.2776402198066645,0.6045722747520422,0.1177875054412932,1.0,fresh_kronos_target_free_risk_v1,past_only_cross_sectional_vol_drawdown_liquidity_momentum,False
2023-05-31,2023-05-31T23:41:00,2023-05-31T23:40:00,NVTK,NVTK,moex,medium,0.18362163324466638,0.6951285632633886,0.12124980349194511,1.0,fresh_kronos_target_free_risk_v1,past_only_cross_sectional_vol_drawdown_liquidity_momentum,False
2023-05-31,2023-05-31T23:41:00,2023-05-31T23:40:00,OZON,OZON,moex,high,0.09754471291257917,0.4149000700294681,0.48755521705795285,1.0,fresh_kronos_target_free_risk_v1,past_only_cross_sectional_vol_drawdown_liquidity_momentum,False
2023-05-31,2023-05-31T23:41:00,2023-05-31T23:40:00,PHOR,PHOR,moex,medium,0.4102457973794064,0.4832867411148573,0.10646746150573616,1.0,fresh_kronos_target_free_risk_v1,past_only_cross_sectional_vol_drawdown_liquidity_momentum,False
2023-05-31,2023-05-31T23:41:00,2023-05-31T23:40:00,PIKK,PIKK,moex,medium,0.12090313233177781,0.7314427357173064,0.14765413195091562,1.0,fresh_kronos_target_free_risk_v1,past_only_cross_sectional_vol_drawdown_liquidity_momentum,False
2023-05-31,2023-05-31T23:41:00,2023-05-31T23:40:00,PLZL,PLZL,moex,medium,0.12068856925992216,0.7384042720120845,0.14090715872799328,1.0,fresh_kronos_target_free_risk_v1,past_only_cross_sectional_vol_drawdown_liquidity_momentum,False
2023-05-31,2023-05-31T23:41:00,2023-05-31T23:40:00,POSI,POSI,moex,medium,0.2500149208041769,0.6306738758819953,0.1193112033138277,1.0,fresh_kronos_target_free_risk_v1,past_only_cross_sectional_vol_drawdown_liquidity_momentum,False
2023-05-31,2023-05-31T23:41:00,2023-05-31T23:40:00,RNFT,RNFT,moex,high,0.09010493494033399,0.36551475299412617,0.5443803120655398,1.0,fresh_kronos_target_free_risk_v1,past_only_cross_sectional_vol_drawdown_liquidity_momentum,False
2023-05-31,2023-05-31T23:41:00,2023-05-31T23:40:00,ROSN,ROSN,moex,low,0.5237888194289091,0.383328937326632,0.092882243244459,1.0,fresh_kronos_target_free_risk_v1,past_only_cross_sectional_vol_drawdown_liquidity_momentum,False
2023-05-31,2023-05-31T23:41:00,2023-05-31T23:40:00,RTKM,RTKM,moex,medium,0.26309897978158037,0.6182670935236158,0.11863392669480384,1.0,fresh_kronos_target_free_risk_v1,past_only_cross_sectional_vol_drawdown_liquidity_momentum,False
2023-05-31,2023-05-31T23:41:00,2023-05-31T23:40:00,RUAL,RUAL,moex,medium,0.2147175966022113,0.6645946587410851,0.1206877446567035,1.0,fresh_kronos_target_free_risk_v1,past_only_cross_sectional_vol_drawdown_liquidity_momentum,False
2023-05-31,2023-05-31T23:41:00,2023-05-31T23:40:00,SBER,SBER,moex,low,0.46801251461234883,0.4320510777004683,0.09993640768718279,1.0,fresh_kronos_target_free_risk_v1,past_only_cross_sectional_vol_drawdown_liquidity_momentum,False
2023-05-31,2023-05-31T23:41:00,2023-05-31T23:40:00,SGZH,SGZH,moex,high,0.09181063537304782,0.3763752613685499,0.5318141032584023,1.0,fresh_kronos_target_free_risk_v1,past_only_cross_sectional_vol_drawdown_liquidity_momentum,False
2023-05-31,2023-05-31T23:41:00,2023-05-31T23:40:00,SIBN,SIBN,moex,medium,0.12016705195347244,0.6495424813294194,0.23029046671710826,1.0,fresh_kronos_target_free_risk_v1,past_only_cross_sectional_vol_drawdown_liquidity_momentum,False
2023-05-31,2023-05-31T23:41:00,2023-05-31T23:40:00,SMLT,SMLT,moex,medium,0.11667444209037592,0.5885722595861387,0.2947532983234855,1.0,fresh_kronos_target_free_risk_v1,past_only_cross_sectional_vol_drawdown_liquidity_momentum,False
2023-05-31,2023-05-31T23:41:00,2023-05-31T23:40:00,SNGS,SNGS,moex,medium,0.11902262813643907,0.6251896794769058,0.255787692386655,1.0,fresh_kronos_target_free_risk_v1,past_only_cross_sectional_vol_drawdown_liquidity_momentum,False
2023-05-31,2023-05-31T23:41:00,2023-05-31T23:40:00,SPBE,SPBE,moex,high,0.08836288403486249,0.35467029199899675,0.5569668239661407,1.0,fresh_kronos_target_free_risk_v1,past_only_cross_sectional_vol_drawdown_liquidity_momentum,False
2023-05-31,2023-05-31T23:41:00,2023-05-31T23:40:00,T,T,moex,medium,0.11954021801233261,0.6352841501473184,0.245175631840349,1.0,fresh_kronos_target_free_risk_v1,past_only_cross_sectional_vol_drawdown_liquidity_momentum,False
2023-05-31,2023-05-31T23:41:00,2023-05-31T23:40:00,TATN,TATN,moex,medium,0.3395000096563868,0.5472673227466525,0.1132326675969606,1.0,fresh_kronos_target_free_risk_v1,past_only_cross_sectional_vol_drawdown_liquidity_momentum,False
2023-05-31,2023-05-31T23:41:00,2023-05-31T23:40:00,VKCO,VKCO,moex,medium,0.11958741148182052,0.6362670165115426,0.24414557200663703,1.0,fresh_kronos_target_free_risk_v1,past_only_cross_sectional_vol_drawdown_liquidity_momentum,False
2023-05-31,2023-05-31T23:41:00,2023-05-31T23:40:00,VTBR,VTBR,moex,medium,0.11991875655973062,0.7556478497400461,0.12443339370022327,1.0,fresh_kronos_target_free_risk_v1,past_only_cross_sectional_vol_drawdown_liquidity_momentum,False
2023-05-31,2023-05-31T23:41:00,2023-05-31T23:40:00,WUSH,WUSH,moex,high,0.07600489020500627,0.28373109791854856,0.6402640118764452,1.0,fresh_kronos_target_free_risk_v1,past_only_cross_sectional_vol_drawdown_liquidity_momentum,False
2023-06-30,2023-06-30T23:41:00,2023-06-30T23:40:00,AFKS,AFKS,moex,medium,0.2647773519015524,0.6166815140587795,0.1185411340396683,1.0,fresh_kronos_target_free_risk_v1,past_only_cross_sectional_vol_drawdown_liquidity_momentum,False
2023-06-30,2023-06-30T23:41:00,2023-06-30T23:40:00,AFLT,AFLT,moex,medium,0.12569488248302757,0.7543139209403512,0.1199911965766213,1.0,fresh_kronos_target_free_risk_v1,past_only_cross_sectional_vol_drawdown_liquidity_momentum,False
2023-06-30,2023-06-30T23:41:00,2023-06-30T23:40:00,ALRS,ALRS,moex,low,0.4982848424204439,0.4055206861721803,0.09619447140737589,1.0,fresh_kronos_target_free_risk_v1,past_only_cross_sectional_vol_drawdown_liquidity_momentum,False
2023-06-30,2023-06-30T23:41:00,2023-06-30T23:40:00,BSPB,BSPB,moex,high,0.09724450800146543,0.41279674839223957,0.4899587436062949,1.0,fresh_kronos_target_free_risk_v1,past_only_cross_sectional_vol_drawdown_liquidity_momentum,False
2023-06-30,2023-06-30T23:41:00,2023-06-30T23:40:00,CBOM,CBOM,moex,medium,0.12101991087131696,0.6779788280071397,0.20100126112154318,1.0,fresh_kronos_target_free_risk_v1,past_only_cross_sectional_vol_drawdown_liquidity_momentum,False
2023-06-30,2023-06-30T23:41:00,2023-06-30T23:40:00,CHMF,CHMF,moex,medium,0.18914025367722742,0.6896582188508968,0.12120152747187579,1.0,fresh_kronos_target_free_risk_v1,past_only_cross_sectional_vol_drawdown_liquidity_momentum,False
2023-06-30,2023-06-30T23:41:00,2023-06-30T23:40:00,ENPG,ENPG,moex,high,0.06842308699965785,0.24444928348486628,0.6871276295154759,1.0,fresh_kronos_target_free_risk_v1,past_only_cross_sectional_vol_drawdown_liquidity_momentum,False
2023-06-30,2023-06-30T23:41:00,2023-06-30T23:40:00,FEES,FEES,moex,high,0.07130061469606863,0.2590274956664008,0.6696718896375305,1.0,fresh_kronos_target_free_risk_v1,past_only_cross_sectional_vol_drawdown_liquidity_momentum,False
2023-06-30,2023-06-30T23:41:00,2023-06-30T23:40:00,FLOT,FLOT,moex,medium,0.1136140054856583,0.5514241787581575,0.3349618157561842,1.0,fresh_kronos_target_free_risk_v1,past_only_cross_sectional_vol_drawdown_liquidity_momentum,False
2023-06-30,2023-06-30T23:41:00,2023-06-30T23:40:00,GAZP,GAZP,moex,medium,0.32158997940665845,0.563713233493887,0.11469678709945455,1.0,fresh_kronos_target_free_risk_v1,past_only_cross_sectional_vol_drawdown_liquidity_momentum,False
2023-06-30,2023-06-30T23:41:00,2023-06-30T23:40:00,GMKN,GMKN,moex,medium,0.12119654044798112,0.6892128259806362,0.1895906335713828,1.0,fresh_kronos_target_free_risk_v1,past_only_cross_sectional_vol_drawdown_liquidity_momentum,False
2023-06-30,2023-06-30T23:41:00,2023-06-30T23:40:00,HYDR,HYDR,moex,medium,0.11969707472690301,0.7594936633172662,0.12080926195583093,1.0,fresh_kronos_target_free_risk_v1,past_only_cross_sectional_vol_drawdown_liquidity_momentum,False
2023-06-30,2023-06-30T23:41:00,2023-06-30T23:40:00,IRAO,IRAO,moex,medium,0.23315074513274148,0.6467932441433314,0.1200560107239271,1.0,fresh_kronos_target_free_risk_v1,past_only_cross_sectional_vol_drawdown_liquidity_momentum,False
2023-06-30,2023-06-30T23:41:00,2023-06-30T23:40:00,LKOH,LKOH,moex,medium,0.1561316256425579,0.7227689858901901,0.12109938846725198,1.0,fresh_kronos_target_free_risk_v1,past_only_cross_sectional_vol_drawdown_liquidity_momentum,False
2023-06-30,2023-06-30T23:41:00,2023-06-30T23:40:00,MAGN,MAGN,moex,medium,0.16058297777143404,0.7182450488147111,0.12117197341385483,1.0,fresh_kronos_target_free_risk_v1,past_only_cross_sectional_vol_drawdown_liquidity_momentum,False
2023-06-30,2023-06-30T23:41:00,2023-06-30T23:40:00,MGNT,MGNT,moex,medium,0.11195678733154471,0.5339062632254649,0.3541369494429904,1.0,fresh_kronos_target_free_risk_v1,past_only_cross_sectional_vol_drawdown_liquidity_momentum,False
2023-06-30,2023-06-30T23:41:00,2023-06-30T23:40:00,MOEX,MOEX,moex,medium,0.32714641927520977,0.5585992027558658,0.11425437796892444,1.0,fresh_kronos_target_free_risk_v1,past_only_cross_sectional_vol_drawdown_liquidity_momentum,False
2023-06-30,2023-06-30T23:41:00,2023-06-30T23:40:00,MTLR,MTLR,moex,medium,0.10594142473106669,0.47886701570824175,0.4151915595606914,1.0,fresh_kronos_target_free_risk_v1,past_only_cross_sectional_vol_drawdown_liquidity_momentum,False
2023-06-30,2023-06-30T23:41:00,2023-06-30T23:40:00,MTSS,MTSS,moex,medium,0.11623170746914527,0.5826721634677273,0.30109612906312744,1.0,fresh_kronos_target_free_risk_v1,past_only_cross_sectional_vol_drawdown_liquidity_momentum,False
2023-06-30,2023-06-30T23:41:00,2023-06-30T23:40:00,NLMK,NLMK,moex,medium,0.1290267839286404,0.7508019946312794,0.12017122144008023,1.0,fresh_kronos_target_free_risk_v1,past_only_cross_sectional_vol_drawdown_liquidity_momentum,False
2023-06-30,2023-06-30T23:41:00,2023-06-30T23:40:00,NVTK,NVTK,moex,medium,0.18313964565696098,0.6956074817349776,0.12125287260806149,1.0,fresh_kronos_target_free_risk_v1,past_only_cross_sectional_vol_drawdown_liquidity_momentum,False
2023-06-30,2023-06-30T23:41:00,2023-06-30T23:40:00,OZON,OZON,moex,medium,0.10343906994847345,0.45861095378131816,0.43794997627020854,1.0,fresh_kronos_target_free_risk_v1,past_only_cross_sectional_vol_drawdown_liquidity_momentum,False
2023-06-30,2023-06-30T23:41:00,2023-06-30T23:40:00,PHOR,PHOR,moex,low,0.5738208411714756,0.34020103980167427,0.08597811902685015,1.0,fresh_kronos_target_free_risk_v1,past_only_cross_sectional_vol_drawdown_liquidity_momentum,False
2023-06-30,2023-06-30T23:41:00,2023-06-30T23:40:00,PIKK,PIKK,moex,medium,0.14681503474268906,0.7323056033001365,0.12087936195717436,1.0,fresh_kronos_target_free_risk_v1,past_only_cross_sectional_vol_drawdown_liquidity_momentum,False
2023-06-30,2023-06-30T23:41:00,2023-06-30T23:40:00,PLZL,PLZL,moex,medium,0.12990887631390932,0.7498749235136924,0.1202162001723983,1.0,fresh_kronos_target_free_risk_v1,past_only_cross_sectional_vol_drawdown_liquidity_momentum,False
2023-06-30,2023-06-30T23:41:00,2023-06-30T23:40:00,POSI,POSI,moex,medium,0.25307348932972573,0.6277661491066907,0.11916036156358362,1.0,fresh_kronos_target_free_risk_v1,past_only_cross_sectional_vol_drawdown_liquidity_momentum,False
2023-06-30,2023-06-30T23:41:00,2023-06-30T23:40:00,RNFT,RNFT,moex,high,0.04606655689993245,0.1430326042094533,0.8109008388906142,1.0,fresh_kronos_target_free_risk_v1,past_only_cross_sectional_vol_drawdown_liquidity_momentum,False
2023-06-30,2023-06-30T23:41:00,2023-06-30T23:40:00,ROSN,ROSN,moex,low,0.6830818911592706,0.24782238809895513,0.06909572074177416,1.0,fresh_kronos_target_free_risk_v1,past_only_cross_sectional_vol_drawdown_liquidity_momentum,False
2023-06-30,2023-06-30T23:41:00,2023-06-30T23:40:00,RTKM,RTKM,moex,medium,0.1369707699070018,0.7424915180871583,0.12053771200583982,1.0,fresh_kronos_target_free_risk_v1,past_only_cross_sectional_vol_drawdown_liquidity_momentum,False
2023-06-30,2023-06-30T23:41:00,2023-06-30T23:40:00,RUAL,RUAL,moex,medium,0.2017163025703673,0.6772779701601411,0.12100572726949156,1.0,fresh_kronos_target_free_risk_v1,past_only_cross_sectional_vol_drawdown_liquidity_momentum,False
2023-06-30,2023-06-30T23:41:00,2023-06-30T23:40:00,SBER,SBER,moex,low,0.5300866174032307,0.3778709054737789,0.09204247712299027,1.0,fresh_kronos_target_free_risk_v1,past_only_cross_sectional_vol_drawdown_liquidity_momentum,False
2023-06-30,2023-06-30T23:41:00,2023-06-30T23:40:00,SGZH,SGZH,moex,medium,0.11524879647387493,0.5702966441085718,0.31445455941755324,1.0,fresh_kronos_target_free_risk_v1,past_only_cross_sectional_vol_drawdown_liquidity_momentum,False
2023-06-30,2023-06-30T23:41:00,2023-06-30T23:40:00,SIBN,SIBN,moex,medium,0.13392226490592418,0.7456705712858196,0.12040716380825617,1.0,fresh_kronos_target_free_risk_v1,past_only_cross_sectional_vol_drawdown_liquidity_momentum,False
2023-06-30,2023-06-30T23:41:00,2023-06-30T23:40:00,SMLT,SMLT,moex,medium,0.12050179701564215,0.6587008880695071,0.22079731491485066,1.0,fresh_kronos_target_free_risk_v1,past_only_cross_sectional_vol_drawdown_liquidity_momentum,False
2023-06-30,2023-06-30T23:41:00,2023-06-30T23:40:00,SNGS,SNGS,moex,medium,0.12112011923045797,0.7215961987431123,0.15728368202642984,1.0,fresh_kronos_target_free_risk_v1,past_only_cross_sectional_vol_drawdown_liquidity_momentum,False
2023-06-30,2023-06-30T23:41:00,2023-06-30T23:40:00,SPBE,SPBE,moex,high,0.08119269860590957,0.31234954131883025,0.6064577600752602,1.0,fresh_kronos_target_free_risk_v1,past_only_cross_sectional_vol_drawdown_liquidity_momentum,False
2023-06-30,2023-06-30T23:41:00,2023-06-30T23:40:00,T,T,moex,medium,0.11907133190265856,0.6260926422943097,0.2548360258030317,1.0,fresh_kronos_target_free_risk_v1,past_only_cross_sectional_vol_drawdown_liquidity_momentum,False
2023-06-30,2023-06-30T23:41:00,2023-06-30T23:40:00,TATN,TATN,moex,medium,0.41894036839425985,0.4755212247821123,0.10553840682362789,1.0,fresh_kronos_target_free_risk_v1,past_only_cross_sectional_vol_drawdown_liquidity_momentum,False
2023-06-30,2023-06-30T23:41:00,2023-06-30T23:40:00,VKCO,VKCO,moex,medium,0.11979788026336918,0.757786067921774,0.12241605181485686,1.0,fresh_kronos_target_free_risk_v1,past_only_cross_sectional_vol_drawdown_liquidity_momentum,False
2023-06-30,2023-06-30T23:41:00,2023-06-30T23:40:00,VTBR,VTBR,moex,medium,0.12008187902902896,0.7525823461320231,0.12733577483894787,1.0,fresh_kronos_target_free_risk_v1,past_only_cross_sectional_vol_drawdown_liquidity_momentum,False
2023-06-30,2023-06-30T23:41:00,2023-06-30T23:40:00,WUSH,WUSH,moex,high,0.09937054573518007,0.4279272952132022,0.47270215905161767,1.0,fresh_kronos_target_free_risk_v1,past_only_cross_sectional_vol_drawdown_liquidity_momentum,False
2023-07-31,2023-07-31T23:41:00,2023-07-31T23:40:00,AFKS,AFKS,moex,medium,0.14718351569178184,0.7319265842817316,0.12088990002648638,1.0,fresh_kronos_target_free_risk_v1,past_only_cross_sectional_vol_drawdown_liquidity_momentum,False
2023-07-31,2023-07-31T23:41:00,2023-07-31T23:40:00,AFLT,AFLT,moex,medium,0.12081129557784691,0.7346331441347783,0.14455556028737476,1.0,fresh_kronos_target_free_risk_v1,past_only_cross_sectional_vol_drawdown_liquidity_momentum,False
2023-07-31,2023-07-31T23:41:00,2023-07-31T23:40:00,ALRS,ALRS,moex,medium,0.35007614508194196,0.5376061871371408,0.1123176677809173,1.0,fresh_kronos_target_free_risk_v1,past_only_cross_sectional_vol_drawdown_liquidity_momentum,False
2023-07-31,2023-07-31T23:41:00,2023-07-31T23:40:00,BSPB,BSPB,moex,high,0.06057015028911119,0.20654217756633134,0.7328876721445575,1.0,fresh_kronos_target_free_risk_v1,past_only_cross_sectional_vol_drawdown_liquidity_momentum,False
2023-07-31,2023-07-31T23:41:00,2023-07-31T23:40:00,CBOM,CBOM,moex,medium,0.12094843210910076,0.6746101750139512,0.204441392876948,1.0,fresh_kronos_target_free_risk_v1,past_only_cross_sectional_vol_drawdown_liquidity_momentum,False
2023-07-31,2023-07-31T23:41:00,2023-07-31T23:40:00,CHMF,CHMF,moex,low,0.5801043654531376,0.3348217402999002,0.08507389424696231,1.0,fresh_kronos_target_free_risk_v1,past_only_cross_sectional_vol_drawdown_liquidity_momentum,False
2023-07-31,2023-07-31T23:41:00,2023-07-31T23:40:00,ENPG,ENPG,moex,high,0.07421134896726744,0.27418015277150165,0.6516084982612309,1.0,fresh_kronos_target_free_risk_v1,past_only_cross_sectional_vol_drawdown_liquidity_momentum,False
2023-07-31,2023-07-31T23:41:00,2023-07-31T23:40:00,FEES,FEES,moex,high,0.04803912628858632,0.1512040794736944,0.8007567942377193,1.0,fresh_kronos_target_free_risk_v1,past_only_cross_sectional_vol_drawdown_liquidity_momentum,False
2023-07-31,2023-07-31T23:41:00,2023-07-31T23:40:00,FLOT,FLOT,moex,medium,0.12297786778285846,0.7571899590036033,0.11983217321353841,1.0,fresh_kronos_target_free_risk_v1,past_only_cross_sectional_vol_drawdown_liquidity_momentum,False
2023-07-31,2023-07-31T23:41:00,2023-07-31T23:40:00,GAZP,GAZP,moex,medium,0.2537077989452297,0.6271637038305204,0.11912849722424998,1.0,fresh_kronos_target_free_risk_v1,past_only_cross_sectional_vol_drawdown_liquidity_momentum,False
2023-07-31,2023-07-31T23:41:00,2023-07-31T23:40:00,GMKN,GMKN,moex,medium,0.12024577953567514,0.6515679659581447,0.22818625450618021,1.0,fresh_kronos_target_free_risk_v1,past_only_cross_sectional_vol_drawdown_liquidity_momentum,False
2023-07-31,2023-07-31T23:41:00,2023-07-31T23:40:00,HYDR,HYDR,moex,medium,0.12096935969616904,0.6755568325285045,0.2034738077753265,1.0,fresh_kronos_target_free_risk_v1,past_only_cross_sectional_vol_drawdown_liquidity_momentum,False
2023-07-31,2023-07-31T23:41:00,2023-07-31T23:40:00,IRAO,IRAO,moex,medium,0.1331759374940998,0.7464507415456575,0.1203733209602426,1.0,fresh_kronos_target_free_risk_v1,past_only_cross_sectional_vol_drawdown_liquidity_momentum,False
2023-07-31,2023-07-31T23:41:00,2023-07-31T23:40:00,LKOH,LKOH,moex,medium,0.13350476772555644,0.7461069076811312,0.1203883245933122,1.0,fresh_kronos_target_free_risk_v1,past_only_cross_sectional_vol_drawdown_liquidity_momentum,False
2023-07-31,2023-07-31T23:41:00,2023-07-31T23:40:00,MAGN,MAGN,moex,low,0.5308337392649592,0.37722397432171567,0.0919422864133251,1.0,fresh_kronos_target_free_risk_v1,past_only_cross_sectional_vol_drawdown_liquidity_momentum,False
2023-07-31,2023-07-31T23:41:00,2023-07-31T23:40:00,MGNT,MGNT,moex,medium,0.12120231642860448,0.689729995603726,0.1890676879676695,1.0,fresh_kronos_target_free_risk_v1,past_only_cross_sectional_vol_drawdown_liquidity_momentum,False
2023-07-31,2023-07-31T23:41:00,2023-07-31T23:40:00,MOEX,MOEX,moex,medium,0.20419533652899158,0.6748508488935331,0.12095381457747532,1.0,fresh_kronos_target_free_risk_v1,past_only_cross_sectional_vol_drawdown_liquidity_momentum,False
2023-07-31,2023-07-31T23:41:00,2023-07-31T23:40:00,MTLR,MTLR,moex,high,0.09671850518036296,0.40913642320781224,0.4941450716118248,1.0,fresh_kronos_target_free_risk_v1,past_only_cross_sectional_vol_drawdown_liquidity_momentum,False
2023-07-31,2023-07-31T23:41:00,2023-07-31T23:40:00,MTSS,MTSS,moex,medium,0.12126564848815422,0.7078397508926213,0.17089460061922448,1.0,fresh_kronos_target_free_risk_v1,past_only_cross_sectional_vol_drawdown_liquidity_momentum,False
2023-07-31,2023-07-31T23:41:00,2023-07-31T23:40:00,NLMK,NLMK,moex,medium,0.42446552166310725,0.4705967231361235,0.10493775520076924,1.0,fresh_kronos_target_free_risk_v1,past_only_cross_sectional_vol_drawdown_liquidity_momentum,False
2023-07-31,2023-07-31T23:41:00,2023-07-31T23:40:00,NVTK,NVTK,moex,low,0.49600971899777696,0.40750733638624326,0.09648294461597966,1.0,fresh_kronos_target_free_risk_v1,past_only_cross_sectional_vol_drawdown_liquidity_momentum,False
2023-07-31,2023-07-31T23:41:00,2023-07-31T23:40:00,OZON,OZON,moex,medium,0.12042264003417313,0.7453081814736373,0.1342691784921896,1.0,fresh_kronos_target_free_risk_v1,past_only_cross_sectional_vol_drawdown_liquidity_momentum,False
2023-07-31,2023-07-31T23:41:00,2023-07-31T23:40:00,PHOR,PHOR,moex,medium,0.34435438392823337,0.5428284088288569,0.11281720724290972,1.0,fresh_kronos_target_free_risk_v1,past_only_cross_sectional_vol_drawdown_liquidity_momentum,False
2023-07-31,2023-07-31T23:41:00,2023-07-31T23:40:00,PIKK,PIKK,moex,medium,0.11989691307038883,0.6430437765449537,0.23705931038465738,1.0,fresh_kronos_target_free_risk_v1,past_only_cross_sectional_vol_drawdown_liquidity_momentum,False
2023-07-31,2023-07-31T23:41:00,2023-07-31T23:40:00,PLZL,PLZL,moex,medium,0.12011385756190714,0.6482106467776474,0.2316754956604454,1.0,fresh_kronos_target_free_risk_v1,past_only_cross_sectional_vol_drawdown_liquidity_momentum,False
2023-07-31,2023-07-31T23:41:00,2023-07-31T23:40:00,POSI,POSI,moex,medium,0.2812984116292176,0.6011417136062674,0.11755987476451495,1.0,fresh_kronos_target_free_risk_v1,past_only_cross_sectional_vol_drawdown_liquidity_momentum,False
2023-07-31,2023-07-31T23:41:00,2023-07-31T23:40:00,RNFT,RNFT,moex,medium,0.12125635674127636,0.6961909863353184,0.18255265692340528,1.0,fresh_kronos_target_free_risk_v1,past_only_cross_sectional_vol_drawdown_liquidity_momentum,False
2023-07-31,2023-07-31T23:41:00,2023-07-31T23:40:00,ROSN,ROSN,moex,low,0.7105625001648512,0.2249792396293689,0.06445826020577994,1.0,fresh_kronos_target_free_risk_v1,past_only_cross_sectional_vol_drawdown_liquidity_momentum,False
2023-07-31,2023-07-31T23:41:00,2023-07-31T23:40:00,RTKM,RTKM,moex,medium,0.11994728744547226,0.7551274336728584,0.12492527888166922,1.0,fresh_kronos_target_free_risk_v1,past_only_cross_sectional_vol_drawdown_liquidity_momentum,False
2023-07-31,2023-07-31T23:41:00,2023-07-31T23:40:00,RUAL,RUAL,moex,medium,0.12969992303578567,0.7500944318040296,0.12020564516018478,1.0,fresh_kronos_target_free_risk_v1,past_only_cross_sectional_vol_drawdown_liquidity_momentum,False
2023-07-31,2023-07-31T23:41:00,2023-07-31T23:40:00,SBER,SBER,moex,medium,0.12030308825785804,0.7480194109467677,0.13167750079537416,1.0,fresh_kronos_target_free_risk_v1,past_only_cross_sectional_vol_drawdown_liquidity_momentum,False
2023-07-31,2023-07-31T23:41:00,2023-07-31T23:40:00,SGZH,SGZH,moex,high,0.08694129954190362,0.34599468612629547,0.5670640143318009,1.0,fresh_kronos_target_free_risk_v1,past_only_cross_sectional_vol_drawdown_liquidity_momentum,False
2023-07-31,2023-07-31T23:41:00,2023-07-31T23:40:00,SIBN,SIBN,moex,medium,0.11767965681142292,0.6029354014862172,0.27938494170235995,1.0,fresh_kronos_target_free_risk_v1,past_only_cross_sectional_vol_drawdown_liquidity_momentum,False
2023-07-31,2023-07-31T23:41:00,2023-07-31T23:40:00,SMLT,SMLT,moex,medium,0.11252630472027686,0.539772626936503,0.3477010683432202,1.0,fresh_kronos_target_free_risk_v1,past_only_cross_sectional_vol_drawdown_liquidity_momentum,False
2023-07-31,2023-07-31T23:41:00,2023-07-31T23:40:00,SNGS,SNGS,moex,medium,0.1628950112894448,0.7159031662558605,0.12120182245469481,1.0,fresh_kronos_target_free_risk_v1,past_only_cross_sectional_vol_drawdown_liquidity_momentum,False
2023-07-31,2023-07-31T23:41:00,2023-07-31T23:40:00,SPBE,SPBE,moex,medium,0.10837796807760183,0.49988886186309084,0.39173317005930725,1.0,fresh_kronos_target_free_risk_v1,past_only_cross_sectional_vol_drawdown_liquidity_momentum,False
2023-07-31,2023-07-31T23:41:00,2023-07-31T23:40:00,T,T,moex,high,0.07810903474776625,0.29515506251793827,0.6267359027342955,1.0,fresh_kronos_target_free_risk_v1,past_only_cross_sectional_vol_drawdown_liquidity_momentum,False
2023-07-31,2023-07-31T23:41:00,2023-07-31T23:40:00,TATN,TATN,moex,low,0.5025650993117151,0.40178627956051627,0.09564862112776865,1.0,fresh_kronos_target_free_risk_v1,past_only_cross_sectional_vol_drawdown_liquidity_momentum,False
2023-07-31,2023-07-31T23:41:00,2023-07-31T23:40:00,VKCO,VKCO,moex,medium,0.12207493102539793,0.7581482502838569,0.11977681869074515,1.0,fresh_kronos_target_free_risk_v1,past_only_cross_sectional_vol_drawdown_liquidity_momentum,False
2023-07-31,2023-07-31T23:41:00,2023-07-31T23:40:00,VTBR,VTBR,moex,medium,0.12126804562502874,0.7072393857547694,0.17149256862020182,1.0,fresh_kronos_target_free_risk_v1,past_only_cross_sectional_vol_drawdown_liquidity_momentum,False
2023-07-31,2023-07-31T23:41:00,2023-07-31T23:40:00,WUSH,WUSH,moex,medium,0.11239031072397568,0.5383581643669461,0.34925152490907835,1.0,fresh_kronos_target_free_risk_v1,past_only_cross_sectional_vol_drawdown_liquidity_momentum,False
2023-08-31,2023-08-31T23:41:00,2023-08-31T23:40:00,AFKS,AFKS,moex,medium,0.12093287403528538,0.6739248178343734,0.20514230813034123,1.0,fresh_kronos_target_free_risk_v1,past_only_cross_sectional_vol_drawdown_liquidity_momentum,False
2023-08-31,2023-08-31T23:41:00,2023-08-31T23:40:00,AFLT,AFLT,moex,medium,0.2200905565703004,0.6593848633032945,0.12052458012640518,1.0,fresh_kronos_target_free_risk_v1,past_only_cross_sectional_vol_drawdown_liquidity_momentum,False
2023-08-31,2023-08-31T23:41:00,2023-08-31T23:40:00,ALRS,ALRS,moex,medium,0.11544957798084463,0.5727523318002417,0.3117980902189137,1.0,fresh_kronos_target_free_risk_v1,past_only_cross_sectional_vol_drawdown_liquidity_momentum,False
2023-08-31,2023-08-31T23:41:00,2023-08-31T23:40:00,BSPB,BSPB,moex,medium,0.12080780984835472,0.6688742373446211,0.2103179528070241,1.0,fresh_kronos_target_free_risk_v1,past_only_cross_sectional_vol_drawdown_liquidity_momentum,False
2023-08-31,2023-08-31T23:41:00,2023-08-31T23:40:00,CBOM,CBOM,moex,medium,0.11991483136757528,0.7557189570071834,0.1243662116252414,1.0,fresh_kronos_target_free_risk_v1,past_only_cross_sectional_vol_drawdown_liquidity_momentum,False
2023-08-31,2023-08-31T23:41:00,2023-08-31T23:40:00,CHMF,CHMF,moex,medium,0.12065415649872911,0.7393829945379911,0.13996284896327982,1.0,fresh_kronos_target_free_risk_v1,past_only_cross_sectional_vol_drawdown_liquidity_momentum,False
2023-08-31,2023-08-31T23:41:00,2023-08-31T23:40:00,ENPG,ENPG,moex,high,0.06226504540041615,0.21450161607563478,0.7232333385239491,1.0,fresh_kronos_target_free_risk_v1,past_only_cross_sectional_vol_drawdown_liquidity_momentum,False
2023-08-31,2023-08-31T23:41:00,2023-08-31T23:40:00,FEES,FEES,moex,high,0.09875462720149045,0.42348630980336144,0.47775906299514814,1.0,fresh_kronos_target_free_risk_v1,past_only_cross_sectional_vol_drawdown_liquidity_momentum,False
2023-08-31,2023-08-31T23:41:00,2023-08-31T23:40:00,FLOT,FLOT,moex,medium,0.18432509227712476,0.6944299189058484,0.12124498881702678,1.0,fresh_kronos_target_free_risk_v1,past_only_cross_sectional_vol_drawdown_liquidity_momentum,False
2023-08-31,2023-08-31T23:41:00,2023-08-31T23:40:00,GAZP,GAZP,moex,low,0.7100254110021442,0.22542413819783097,0.06455045080002476,1.0,fresh_kronos_target_free_risk_v1,past_only_cross_sectional_vol_drawdown_liquidity_momentum,False
2023-08-31,2023-08-31T23:41:00,2023-08-31T23:40:00,GMKN,GMKN,moex,medium,0.12121607134093969,0.6910476732100489,0.18773625544901149,1.0,fresh_kronos_target_free_risk_v1,past_only_cross_sectional_vol_drawdown_liquidity_momentum,False
2023-08-31,2023-08-31T23:41:00,2023-08-31T23:40:00,HYDR,HYDR,moex,high,0.0918749149211232,0.3767894593133104,0.5313356257655665,1.0,fresh_kronos_target_free_risk_v1,past_only_cross_sectional_vol_drawdown_liquidity_momentum,False
2023-08-31,2023-08-31T23:41:00,2023-08-31T23:40:00,IRAO,IRAO,moex,medium,0.319926438127037,0.5652464440592426,0.1148271178137204,1.0,fresh_kronos_target_free_risk_v1,past_only_cross_sectional_vol_drawdown_liquidity_momentum,False
2023-08-31,2023-08-31T23:41:00,2023-08-31T23:40:00,LKOH,LKOH,moex,low,0.5208296023439852,0.38589652781750083,0.09327386983851386,1.0,fresh_kronos_target_free_risk_v1,past_only_cross_sectional_vol_drawdown_liquidity_momentum,False
2023-08-31,2023-08-31T23:41:00,2023-08-31T23:40:00,MAGN,MAGN,moex,medium,0.1205983034151026,0.7409105112597024,0.13849118532519492,1.0,fresh_kronos_target_free_risk_v1,past_only_cross_sectional_vol_drawdown_liquidity_momentum,False
2023-08-31,2023-08-31T23:41:00,2023-08-31T23:40:00,MGNT,MGNT,moex,medium,0.2026930019011738,0.6763212183138388,0.12098577978498733,1.0,fresh_kronos_target_free_risk_v1,past_only_cross_sectional_vol_drawdown_liquidity_momentum,False
2023-08-31,2023-08-31T23:41:00,2023-08-31T23:40:00,MOEX,MOEX,moex,medium,0.14931402890218862,0.7297381790606008,0.12094779203721058,1.0,fresh_kronos_target_free_risk_v1,past_only_cross_sectional_vol_drawdown_liquidity_momentum,False
2023-08-31,2023-08-31T23:41:00,2023-08-31T23:40:00,MTLR,MTLR,moex,high,0.08588297649948348,0.33963234014455,0.5744846833559666,1.0,fresh_kronos_target_free_risk_v1,past_only_cross_sectional_vol_drawdown_liquidity_momentum,False
2023-08-31,2023-08-31T23:41:00,2023-08-31T23:40:00,MTSS,MTSS,moex,medium,0.11987180471900713,0.6424702027920748,0.237657992488918,1.0,fresh_kronos_target_free_risk_v1,past_only_cross_sectional_vol_drawdown_liquidity_momentum,False
2023-08-31,2023-08-31T23:41:00,2023-08-31T23:40:00,NLMK,NLMK,moex,medium,0.12093339288031897,0.6739474342135887,0.2051191729060923,1.0,fresh_kronos_target_free_risk_v1,past_only_cross_sectional_vol_drawdown_liquidity_momentum,False
2023-08-31,2023-08-31T23:41:00,2023-08-31T23:40:00,NVTK,NVTK,moex,low,0.5468194484082817,0.3634105932946023,0.08976995829711597,1.0,fresh_kronos_target_free_risk_v1,past_only_cross_sectional_vol_drawdown_liquidity_momentum,False
2023-08-31,2023-08-31T23:41:00,2023-08-31T23:40:00,OZON,OZON,moex,medium,0.11984887752961008,0.7568966490943155,0.1232544733760742,1.0,fresh_kronos_target_free_risk_v1,past_only_cross_sectional_vol_drawdown_liquidity_momentum,False
2023-08-31,2023-08-31T23:41:00,2023-08-31T23:40:00,PHOR,PHOR,moex,low,0.4958689896190779,0.4076302601823508,0.0965007501985714,1.0,fresh_kronos_target_free_risk_v1,past_only_cross_sectional_vol_drawdown_liquidity_momentum,False
2023-08-31,2023-08-31T23:41:00,2023-08-31T23:40:00,PIKK,PIKK,moex,high,0.07516553283142957,0.27924045979165657,0.6455940073769139,1.0,fresh_kronos_target_free_risk_v1,past_only_cross_sectional_vol_drawdown_liquidity_momentum,False
2023-08-31,2023-08-31T23:41:00,2023-08-31T23:40:00,PLZL,PLZL,moex,medium,0.18769295973591948,0.6910905446828113,0.12121649558126933,1.0,fresh_kronos_target_free_risk_v1,past_only_cross_sectional_vol_drawdown_liquidity_momentum,False
2023-08-31,2023-08-31T23:41:00,2023-08-31T23:40:00,POSI,POSI,moex,medium,0.12079550112363573,0.7351464816811191,0.14405801719524514,1.0,fresh_kronos_target_free_risk_v1,past_only_cross_sectional_vol_drawdown_liquidity_momentum,False
2023-08-31,2023-08-31T23:41:00,2023-08-31T23:40:00,RNFT,RNFT,moex,medium,0.12072486480580685,0.7373375695094193,0.14193756568477378,1.0,fresh_kronos_target_free_risk_v1,past_only_cross_sectional_vol_drawdown_liquidity_momentum,False
2023-08-31,2023-08-31T23:41:00,2023-08-31T23:40:00,ROSN,ROSN,moex,low,0.5613881172934683,0.35086884669537266,0.0877430360111591,1.0,fresh_kronos_target_free_risk_v1,past_only_cross_sectional_vol_drawdown_liquidity_momentum,False
2023-08-31,2023-08-31T23:41:00,2023-08-31T23:40:00,RTKM,RTKM,moex,medium,0.11996212758809206,0.644555837394011,0.23548203501789688,1.0,fresh_kronos_target_free_risk_v1,past_only_cross_sectional_vol_drawdown_liquidity_momentum,False
2023-08-31,2023-08-31T23:41:00,2023-08-31T23:40:00,RUAL,RUAL,moex,medium,0.11969223238324037,0.7595740870610223,0.12073368055573729,1.0,fresh_kronos_target_free_risk_v1,past_only_cross_sectional_vol_drawdown_liquidity_momentum,False
2023-08-31,2023-08-31T23:41:00,2023-08-31T23:40:00,SBER,SBER,moex,low,0.6221979181097543,0.2989956336631308,0.07880644822711491,1.0,fresh_kronos_target_free_risk_v1,past_only_cross_sectional_vol_drawdown_liquidity_momentum,False
2023-08-31,2023-08-31T23:41:00,2023-08-31T23:40:00,SGZH,SGZH,moex,medium,0.1181777164354553,0.6106841016325844,0.2711381819319604,1.0,fresh_kronos_target_free_risk_v1,past_only_cross_sectional_vol_drawdown_liquidity_momentum,False
2023-08-31,2023-08-31T23:41:00,2023-08-31T23:40:00,SIBN,SIBN,moex,medium,0.29747635037531894,0.5860373400547354,0.1164863095699457,1.0,fresh_kronos_target_free_risk_v1,past_only_cross_sectional_vol_drawdown_liquidity_momentum,False
2023-08-31,2023-08-31T23:41:00,2023-08-31T23:40:00,SMLT,SMLT,moex,medium,0.1206592586106161,0.6636409466668842,0.21569979472249975,1.0,fresh_kronos_target_free_risk_v1,past_only_cross_sectional_vol_drawdown_liquidity_momentum,False
2023-08-31,2023-08-31T23:41:00,2023-08-31T23:40:00,SNGS,SNGS,moex,medium,0.11986334636098768,0.7566409987837938,0.12349565485521856,1.0,fresh_kronos_target_free_risk_v1,past_only_cross_sectional_vol_drawdown_liquidity_momentum,False
2023-08-31,2023-08-31T23:41:00,2023-08-31T23:40:00,SPBE,SPBE,moex,high,0.0781730796912506,0.2955066061606451,0.6263203141481043,1.0,fresh_kronos_target_free_risk_v1,past_only_cross_sectional_vol_drawdown_liquidity_momentum,False
2023-08-31,2023-08-31T23:41:00,2023-08-31T23:40:00,T,T,moex,high,0.07911951107793151,0.3007286274879217,0.6201518614341469,1.0,fresh_kronos_target_free_risk_v1,past_only_cross_sectional_vol_drawdown_liquidity_momentum,False
2023-08-31,2023-08-31T23:41:00,2023-08-31T23:40:00,TATN,TATN,moex,low,0.5620683079057893,0.3502843797146962,0.08764731237951455,1.0,fresh_kronos_target_free_risk_v1,past_only_cross_sectional_vol_drawdown_liquidity_momentum,False
2023-08-31,2023-08-31T23:41:00,2023-08-31T23:40:00,VKCO,VKCO,moex,high,0.08872412923322837,0.3568993593603092,0.5543765114064624,1.0,fresh_kronos_target_free_risk_v1,past_only_cross_sectional_vol_drawdown_liquidity_momentum,False
2023-08-31,2023-08-31T23:41:00,2023-08-31T23:40:00,VTBR,VTBR,moex,medium,0.2522887424579804,0.6285117497658363,0.11919950777618325,1.0,fresh_kronos_target_free_risk_v1,past_only_cross_sectional_vol_drawdown_liquidity_momentum,False
2023-08-31,2023-08-31T23:41:00,2023-08-31T23:40:00,WUSH,WUSH,moex,high,0.06579055407796747,0.23144440363837776,0.7027650422836548,1.0,fresh_kronos_target_free_risk_v1,past_only_cross_sectional_vol_drawdown_liquidity_momentum,False
2023-09-29,2023-09-29T23:41:00,2023-09-29T23:40:00,AFKS,AFKS,moex,medium,0.15013457057505608,0.7288967058810057,0.12096872354393812,1.0,fresh_kronos_target_free_risk_v1,past_only_cross_sectional_vol_drawdown_liquidity_momentum,False
2023-09-29,2023-09-29T23:41:00,2023-09-29T23:40:00,AFLT,AFLT,moex,medium,0.11979019389599488,0.7579185868901851,0.12229121921381994,1.0,fresh_kronos_target_free_risk_v1,past_only_cross_sectional_vol_drawdown_liquidity_momentum,False
2023-09-29,2023-09-29T23:41:00,2023-09-29T23:40:00,ALRS,ALRS,moex,medium,0.11930991318286868,0.6306485980275108,0.2500414887896204,1.0,fresh_kronos_target_free_risk_v1,past_only_cross_sectional_vol_drawdown_liquidity_momentum,False
2023-09-29,2023-09-29T23:41:00,2023-09-29T23:40:00,BSPB,BSPB,moex,medium,0.3244912332891125,0.5610416274998441,0.1144671392110435,1.0,fresh_kronos_target_free_risk_v1,past_only_cross_sectional_vol_drawdown_liquidity_momentum,False
2023-09-29,2023-09-29T23:41:00,2023-09-29T23:40:00,CBOM,CBOM,moex,medium,0.2225548899997704,0.6570012775030577,0.120443832497172,1.0,fresh_kronos_target_free_risk_v1,past_only_cross_sectional_vol_drawdown_liquidity_momentum,False
2023-09-29,2023-09-29T23:41:00,2023-09-29T23:40:00,CHMF,CHMF,moex,medium,0.12060137953091363,0.7408282165519754,0.13857040391711095,1.0,fresh_kronos_target_free_risk_v1,past_only_cross_sectional_vol_drawdown_liquidity_momentum,False
2023-09-29,2023-09-29T23:41:00,2023-09-29T23:40:00,ENPG,ENPG,moex,high,0.07433884038651872,0.2748535592500658,0.6508076003634155,1.0,fresh_kronos_target_free_risk_v1,past_only_cross_sectional_vol_drawdown_liquidity_momentum,False
2023-09-29,2023-09-29T23:41:00,2023-09-29T23:40:00,FEES,FEES,moex,high,0.07008932854842503,0.2528434571084538,0.6770672143431212,1.0,fresh_kronos_target_free_risk_v1,past_only_cross_sectional_vol_drawdown_liquidity_momentum,False
2023-09-29,2023-09-29T23:41:00,2023-09-29T23:40:00,FLOT,FLOT,moex,medium,0.14519565980345994,0.7339731552271186,0.12083118496942151,1.0,fresh_kronos_target_free_risk_v1,past_only_cross_sectional_vol_drawdown_liquidity_momentum,False
2023-09-29,2023-09-29T23:41:00,2023-09-29T23:40:00,GAZP,GAZP,moex,low,0.583253188743956,0.3321291227032581,0.08461768855278583,1.0,fresh_kronos_target_free_risk_v1,past_only_cross_sectional_vol_drawdown_liquidity_momentum,False
2023-09-29,2023-09-29T23:41:00,2023-09-29T23:40:00,GMKN,GMKN,moex,medium,0.18603186011562708,0.6927364731926952,0.12123166669167787,1.0,fresh_kronos_target_free_risk_v1,past_only_cross_sectional_vol_drawdown_liquidity_momentum,False
2023-09-29,2023-09-29T23:41:00,2023-09-29T23:40:00,HYDR,HYDR,moex,high,0.06323168098786734,0.21909447247930808,0.7176738465328246,1.0,fresh_kronos_target_free_risk_v1,past_only_cross_sectional_vol_drawdown_liquidity_momentum,False
2023-09-29,2023-09-29T23:41:00,2023-09-29T23:40:00,IRAO,IRAO,moex,medium,0.15315224180715864,0.7258084446687433,0.12103931352409791,1.0,fresh_kronos_target_free_risk_v1,past_only_cross_sectional_vol_drawdown_liquidity_momentum,False
2023-09-29,2023-09-29T23:41:00,2023-09-29T23:40:00,LKOH,LKOH,moex,medium,0.37262091240463924,0.5171294807753182,0.11024960682004262,1.0,fresh_kronos_target_free_risk_v1,past_only_cross_sectional_vol_drawdown_liquidity_momentum,False
2023-09-29,2023-09-29T23:41:00,2023-09-29T23:40:00,MAGN,MAGN,moex,medium,0.2496077780436806,0.6310612924006715,0.11933092955564789,1.0,fresh_kronos_target_free_risk_v1,past_only_cross_sectional_vol_drawdown_liquidity_momentum,False
2023-09-29,2023-09-29T23:41:00,2023-09-29T23:40:00,MGNT,MGNT,moex,medium,0.12109666393659065,0.6821453516426368,0.19675798442077252,1.0,fresh_kronos_target_free_risk_v1,past_only_cross_sectional_vol_drawdown_liquidity_momentum,False
2023-09-29,2023-09-29T23:41:00,2023-09-29T23:40:00,MOEX,MOEX,moex,low,0.5818931574558914,0.333291859122863,0.0848149834212456,1.0,fresh_kronos_target_free_risk_v1,past_only_cross_sectional_vol_drawdown_liquidity_momentum,False
2023-09-29,2023-09-29T23:41:00,2023-09-29T23:40:00,MTLR,MTLR,moex,medium,0.11869758231506808,0.6193687935934349,0.261933624091497,1.0,fresh_kronos_target_free_risk_v1,past_only_cross_sectional_vol_drawdown_liquidity_momentum,False
2023-09-29,2023-09-29T23:41:00,2023-09-29T23:40:00,MTSS,MTSS,moex,medium,0.41329786242149,0.4805585327512955,0.10614360482721448,1.0,fresh_kronos_target_free_risk_v1,past_only_cross_sectional_vol_drawdown_liquidity_momentum,False
2023-09-29,2023-09-29T23:41:00,2023-09-29T23:40:00,NLMK,NLMK,moex,medium,0.12512768960281379,0.7549133884732121,0.11995892192397402,1.0,fresh_kronos_target_free_risk_v1,past_only_cross_sectional_vol_drawdown_liquidity_momentum,False
2023-09-29,2023-09-29T23:41:00,2023-09-29T23:40:00,NVTK,NVTK,moex,low,0.554625273795995,0.35668522814735865,0.08868949805664632,1.0,fresh_kronos_target_free_risk_v1,past_only_cross_sectional_vol_drawdown_liquidity_momentum,False
2023-09-29,2023-09-29T23:41:00,2023-09-29T23:40:00,OZON,OZON,moex,high,0.1020177797184744,0.44760581269670724,0.45037640758481834,1.0,fresh_kronos_target_free_risk_v1,past_only_cross_sectional_vol_drawdown_liquidity_momentum,False
2023-09-29,2023-09-29T23:41:00,2023-09-29T23:40:00,PHOR,PHOR,moex,medium,0.21047900029029046,0.6687173648604727,0.12080363484923687,1.0,fresh_kronos_target_free_risk_v1,past_only_cross_sectional_vol_drawdown_liquidity_momentum,False
2023-09-29,2023-09-29T23:41:00,2023-09-29T23:40:00,PIKK,PIKK,moex,high,0.08753447355518897,0.34959629319070146,0.5628692332541096,1.0,fresh_kronos_target_free_risk_v1,past_only_cross_sectional_vol_drawdown_liquidity_momentum,False
2023-09-29,2023-09-29T23:41:00,2023-09-29T23:40:00,PLZL,PLZL,moex,medium,0.1825032181602778,0.6962401444064954,0.12125663743322689,1.0,fresh_kronos_target_free_risk_v1,past_only_cross_sectional_vol_drawdown_liquidity_momentum,False
2023-09-29,2023-09-29T23:41:00,2023-09-29T23:40:00,POSI,POSI,moex,medium,0.2510702102586622,0.6296701033738238,0.11925968636751401,1.0,fresh_kronos_target_free_risk_v1,past_only_cross_sectional_vol_drawdown_liquidity_momentum,False
2023-09-29,2023-09-29T23:41:00,2023-09-29T23:40:00,RNFT,RNFT,moex,high,0.07058239041856518,0.2553522847360633,0.6740653248453715,1.0,fresh_kronos_target_free_risk_v1,past_only_cross_sectional_vol_drawdown_liquidity_momentum,False
2023-09-29,2023-09-29T23:41:00,2023-09-29T23:40:00,ROSN,ROSN,moex,medium,0.19509960865109502,0.6837772406103705,0.12112315073853455,1.0,fresh_kronos_target_free_risk_v1,past_only_cross_sectional_vol_drawdown_liquidity_momentum,False
2023-09-29,2023-09-29T23:41:00,2023-09-29T23:40:00,RTKM,RTKM,moex,medium,0.12093668291005587,0.7301731961838936,0.14889012090605044,1.0,fresh_kronos_target_free_risk_v1,past_only_cross_sectional_vol_drawdown_liquidity_momentum,False
2023-09-29,2023-09-29T23:41:00,2023-09-29T23:40:00,RUAL,RUAL,moex,medium,0.1203368439419707,0.7472736340037024,0.13238952205432694,1.0,fresh_kronos_target_free_risk_v1,past_only_cross_sectional_vol_drawdown_liquidity_momentum,False
2023-09-29,2023-09-29T23:41:00,2023-09-29T23:40:00,SBER,SBER,moex,low,0.689314540000628,0.2426274045074035,0.06805805549196844,1.0,fresh_kronos_target_free_risk_v1,past_only_cross_sectional_vol_drawdown_liquidity_momentum,False
2023-09-29,2023-09-29T23:41:00,2023-09-29T23:40:00,SGZH,SGZH,moex,medium,0.11014309421401601,0.5161185434495134,0.3737383623364706,1.0,fresh_kronos_target_free_risk_v1,past_only_cross_sectional_vol_drawdown_liquidity_momentum,False
2023-09-29,2023-09-29T23:41:00,2023-09-29T23:40:00,SIBN,SIBN,moex,medium,0.1804465964877872,0.6982868593481101,0.12126654416410275,1.0,fresh_kronos_target_free_risk_v1,past_only_cross_sectional_vol_drawdown_liquidity_momentum,False
2023-09-29,2023-09-29T23:41:00,2023-09-29T23:40:00,SMLT,SMLT,moex,medium,0.4000236842211438,0.4924423581359063,0.10753395764294975,1.0,fresh_kronos_target_free_risk_v1,past_only_cross_sectional_vol_drawdown_liquidity_momentum,False
2023-09-29,2023-09-29T23:41:00,2023-09-29T23:40:00,SNGS,SNGS,moex,medium,0.11957806730249908,0.6360714528995303,0.24435047979797073,1.0,fresh_kronos_target_free_risk_v1,past_only_cross_sectional_vol_drawdown_liquidity_momentum,False
2023-09-29,2023-09-29T23:41:00,2023-09-29T23:40:00,SPBE,SPBE,moex,high,0.07405009542518877,0.27332960595239947,0.6526202986224118,1.0,fresh_kronos_target_free_risk_v1,past_only_cross_sectional_vol_drawdown_liquidity_momentum,False
2023-09-29,2023-09-29T23:41:00,2023-09-29T23:40:00,T,T,moex,high,0.07615011071560167,0.28451182758548904,0.6393380616989094,1.0,fresh_kronos_target_free_risk_v1,past_only_cross_sectional_vol_drawdown_liquidity_momentum,False
2023-09-29,2023-09-29T23:41:00,2023-09-29T23:40:00,TATN,TATN,moex,low,0.566397192094735,0.34656696901031947,0.08703583889494543,1.0,fresh_kronos_target_free_risk_v1,past_only_cross_sectional_vol_drawdown_liquidity_momentum,False
2023-09-29,2023-09-29T23:41:00,2023-09-29T23:40:00,VTBR,VTBR,moex,medium,0.12074888262627095,0.7366105896805432,0.14264052769318603,1.0,fresh_kronos_target_free_risk_v1,past_only_cross_sectional_vol_drawdown_liquidity_momentum,False
2023-09-29,2023-09-29T23:41:00,2023-09-29T23:40:00,WUSH,WUSH,moex,high,0.05007393573408012,0.1597839482211126,0.7901421160448072,1.0,fresh_kronos_target_free_risk_v1,past_only_cross_sectional_vol_drawdown_liquidity_momentum,False
2023-10-31,2023-10-31T23:41:00,2023-10-31T23:40:00,AFKS,AFKS,moex,medium,0.19386585426272285,0.6849925940320862,0.12114155170519102,1.0,fresh_kronos_target_free_risk_v1,past_only_cross_sectional_vol_drawdown_liquidity_momentum,False
2023-10-31,2023-10-31T23:41:00,2023-10-31T23:40:00,AFLT,AFLT,moex,medium,0.11972106663030063,0.7590930811887994,0.1211858521809001,1.0,fresh_kronos_target_free_risk_v1,past_only_cross_sectional_vol_drawdown_liquidity_momentum,False
2023-10-31,2023-10-31T23:41:00,2023-10-31T23:40:00,ALRS,ALRS,moex,high,0.09615721305043394,0.4052647614561117,0.4985780254934544,1.0,fresh_kronos_target_free_risk_v1,past_only_cross_sectional_vol_drawdown_liquidity_momentum,False
2023-10-31,2023-10-31T23:41:00,2023-10-31T23:40:00,BSPB,BSPB,moex,high,0.08194183774964278,0.31661229859593654,0.6014458636544205,1.0,fresh_kronos_target_free_risk_v1,past_only_cross_sectional_vol_drawdown_liquidity_momentum,False
2023-10-31,2023-10-31T23:41:00,2023-10-31T23:40:00,CBOM,CBOM,moex,medium,0.33413169986839425,0.5521852889250262,0.11368301120657963,1.0,fresh_kronos_target_free_risk_v1,past_only_cross_sectional_vol_drawdown_liquidity_momentum,False
2023-10-31,2023-10-31T23:41:00,2023-10-31T23:40:00,CHMF,CHMF,moex,medium,0.3437590990458195,0.5433723308450764,0.11286857010910395,1.0,fresh_kronos_target_free_risk_v1,past_only_cross_sectional_vol_drawdown_liquidity_momentum,False
2023-10-31,2023-10-31T23:41:00,2023-10-31T23:40:00,ENPG,ENPG,moex,medium,0.11798301571994568,0.6075957556242937,0.27442122865576063,1.0,fresh_kronos_target_free_risk_v1,past_only_cross_sectional_vol_drawdown_liquidity_momentum,False
2023-10-31,2023-10-31T23:41:00,2023-10-31T23:40:00,FEES,FEES,moex,high,0.07517824009872326,0.2793081686856637,0.645513591215613,1.0,fresh_kronos_target_free_risk_v1,past_only_cross_sectional_vol_drawdown_liquidity_momentum,False
2023-10-31,2023-10-31T23:41:00,2023-10-31T23:40:00,FLOT,FLOT,moex,medium,0.2695385682579908,0.6121905941768654,0.11827083756514375,1.0,fresh_kronos_target_free_risk_v1,past_only_cross_sectional_vol_drawdown_liquidity_momentum,False
2023-10-31,2023-10-31T23:41:00,2023-10-31T23:40:00,GAZP,GAZP,moex,low,0.6969652921488186,0.23626168534705894,0.0667730225041224,1.0,fresh_kronos_target_free_risk_v1,past_only_cross_sectional_vol_drawdown_liquidity_momentum,False
2023-10-31,2023-10-31T23:41:00,2023-10-31T23:40:00,GMKN,GMKN,moex,medium,0.31881844204206555,0.5662681824603071,0.11491337549762741,1.0,fresh_kronos_target_free_risk_v1,past_only_cross_sectional_vol_drawdown_liquidity_momentum,False
2023-10-31,2023-10-31T23:41:00,2023-10-31T23:40:00,HYDR,HYDR,moex,high,0.08400274787697942,0.3285218288555811,0.5874754232674395,1.0,fresh_kronos_target_free_risk_v1,past_only_cross_sectional_vol_drawdown_liquidity_momentum,False
2023-10-31,2023-10-31T23:41:00,2023-10-31T23:40:00,IRAO,IRAO,moex,medium,0.25277477488918093,0.6280499265590083,0.11917529855181067,1.0,fresh_kronos_target_free_risk_v1,past_only_cross_sectional_vol_drawdown_liquidity_momentum,False
2023-10-31,2023-10-31T23:41:00,2023-10-31T23:40:00,LKOH,LKOH,moex,medium,0.40951467302935796,0.4839406529192674,0.10654467405137462,1.0,fresh_kronos_target_free_risk_v1,past_only_cross_sectional_vol_drawdown_liquidity_momentum,False
2023-10-31,2023-10-31T23:41:00,2023-10-31T23:40:00,MAGN,MAGN,moex,medium,0.1646014612690236,0.7141780323154922,0.12122050641548411,1.0,fresh_kronos_target_free_risk_v1,past_only_cross_sectional_vol_drawdown_liquidity_momentum,False
2023-10-31,2023-10-31T23:41:00,2023-10-31T23:40:00,MGNT,MGNT,moex,medium,0.1280248890695708,0.7518563248868774,0.1201187860435519,1.0,fresh_kronos_target_free_risk_v1,past_only_cross_sectional_vol_drawdown_liquidity_momentum,False
2023-10-31,2023-10-31T23:41:00,2023-10-31T23:40:00,MOEX,MOEX,moex,low,0.5055627538819365,0.3991733366273515,0.09526390949071209,1.0,fresh_kronos_target_free_risk_v1,past_only_cross_sectional_vol_drawdown_liquidity_momentum,False
2023-10-31,2023-10-31T23:41:00,2023-10-31T23:40:00,MTLR,MTLR,moex,medium,0.11743183174756539,0.5992512782557278,0.28331688999670684,1.0,fresh_kronos_target_free_risk_v1,past_only_cross_sectional_vol_drawdown_liquidity_momentum,False
2023-10-31,2023-10-31T23:41:00,2023-10-31T23:40:00,MTSS,MTSS,moex,medium,0.3799602274143886,0.5104964357574616,0.10954333682814969,1.0,fresh_kronos_target_free_risk_v1,past_only_cross_sectional_vol_drawdown_liquidity_momentum,False
2023-10-31,2023-10-31T23:41:00,2023-10-31T23:40:00,NLMK,NLMK,moex,medium,0.29428755439010024,0.5890061209549949,0.11670632465490487,1.0,fresh_kronos_target_free_risk_v1,past_only_cross_sectional_vol_drawdown_liquidity_momentum,False
2023-10-31,2023-10-31T23:41:00,2023-10-31T23:40:00,NVTK,NVTK,moex,low,0.6179668568412986,0.3025802576597237,0.07945288549897782,1.0,fresh_kronos_target_free_risk_v1,past_only_cross_sectional_vol_drawdown_liquidity_momentum,False
2023-10-31,2023-10-31T23:41:00,2023-10-31T23:40:00,OZON,OZON,moex,medium,0.11807135456388225,0.6089870012418483,0.2729416441942694,1.0,fresh_kronos_target_free_risk_v1,past_only_cross_sectional_vol_drawdown_liquidity_momentum,False
2023-10-31,2023-10-31T23:41:00,2023-10-31T23:40:00,PHOR,PHOR,moex,medium,0.12127594484317987,0.7029309948734307,0.1757930602833895,1.0,fresh_kronos_target_free_risk_v1,past_only_cross_sectional_vol_drawdown_liquidity_momentum,False
2023-10-31,2023-10-31T23:41:00,2023-10-31T23:40:00,PIKK,PIKK,moex,high,0.0770027748486465,0.2891187517153062,0.6338784734360473,1.0,fresh_kronos_target_free_risk_v1,past_only_cross_sectional_vol_drawdown_liquidity_momentum,False
2023-10-31,2023-10-31T23:41:00,2023-10-31T23:40:00,PLZL,PLZL,moex,medium,0.14504808202752148,0.734125275780573,0.12082664219190549,1.0,fresh_kronos_target_free_risk_v1,past_only_cross_sectional_vol_drawdown_liquidity_momentum,False
2023-10-31,2023-10-31T23:41:00,2023-10-31T23:40:00,POSI,POSI,moex,medium,0.1103883008700253,0.5184517149535643,0.3711599841764104,1.0,fresh_kronos_target_free_risk_v1,past_only_cross_sectional_vol_drawdown_liquidity_momentum,False
2023-10-31,2023-10-31T23:41:00,2023-10-31T23:40:00,RNFT,RNFT,moex,high,0.061821586411268385,0.21240762454837606,0.7257707890403555,1.0,fresh_kronos_target_free_risk_v1,past_only_cross_sectional_vol_drawdown_liquidity_momentum,False
2023-10-31,2023-10-31T23:41:00,2023-10-31T23:40:00,ROSN,ROSN,moex,medium,0.16701970962309706,0.7117380730813299,0.12124221729557305,1.0,fresh_kronos_target_free_risk_v1,past_only_cross_sectional_vol_drawdown_liquidity_momentum,False
2023-10-31,2023-10-31T23:41:00,2023-10-31T23:40:00,RTKM,RTKM,moex,medium,0.1210294327218866,0.7262676035112539,0.15270296376685955,1.0,fresh_kronos_target_free_risk_v1,past_only_cross_sectional_vol_drawdown_liquidity_momentum,False
2023-10-31,2023-10-31T23:41:00,2023-10-31T23:40:00,RUAL,RUAL,moex,medium,0.19174542265405145,0.6870840345000053,0.12117054284594321,1.0,fresh_kronos_target_free_risk_v1,past_only_cross_sectional_vol_drawdown_liquidity_momentum,False
2023-10-31,2023-10-31T23:41:00,2023-10-31T23:40:00,SBER,SBER,moex,low,0.7538957244895973,0.1892951596693074,0.056809115841095305,1.0,fresh_kronos_target_free_risk_v1,past_only_cross_sectional_vol_drawdown_liquidity_momentum,False
2023-10-31,2023-10-31T23:41:00,2023-10-31T23:40:00,SGZH,SGZH,moex,high,0.10017842531435449,0.4338279762065636,0.4659935984790819,1.0,fresh_kronos_target_free_risk_v1,past_only_cross_sectional_vol_drawdown_liquidity_momentum,False
2023-10-31,2023-10-31T23:41:00,2023-10-31T23:40:00,SIBN,SIBN,moex,medium,0.19122808175775602,0.6875948129022242,0.12117710534001966,1.0,fresh_kronos_target_free_risk_v1,past_only_cross_sectional_vol_drawdown_liquidity_momentum,False
2023-10-31,2023-10-31T23:41:00,2023-10-31T23:40:00,SMLT,SMLT,moex,low,0.49773812294466413,0.4059979787155075,0.0962638983398283,1.0,fresh_kronos_target_free_risk_v1,past_only_cross_sectional_vol_drawdown_liquidity_momentum,False
2023-10-31,2023-10-31T23:41:00,2023-10-31T23:40:00,SNGS,SNGS,moex,medium,0.1208776006982782,0.7323684216607517,0.14675397764097006,1.0,fresh_kronos_target_free_risk_v1,past_only_cross_sectional_vol_drawdown_liquidity_momentum,False
2023-10-31,2023-10-31T23:41:00,2023-10-31T23:40:00,SPBE,SPBE,moex,high,0.07091706967477249,0.2570617951983,0.6720211351269274,1.0,fresh_kronos_target_free_risk_v1,past_only_cross_sectional_vol_drawdown_liquidity_momentum,False
2023-10-31,2023-10-31T23:41:00,2023-10-31T23:40:00,T,T,moex,medium,0.11674679305799986,0.5895586525974784,0.29369455434452163,1.0,fresh_kronos_target_free_risk_v1,past_only_cross_sectional_vol_drawdown_liquidity_momentum,False
2023-10-31,2023-10-31T23:41:00,2023-10-31T23:40:00,TATN,TATN,moex,medium,0.3334581593318879,0.5528030107307644,0.11373882993734777,1.0,fresh_kronos_target_free_risk_v1,past_only_cross_sectional_vol_drawdown_liquidity_momentum,False
2023-10-31,2023-10-31T23:41:00,2023-10-31T23:40:00,VTBR,VTBR,moex,medium,0.11996806662716272,0.7547443920271346,0.12528754134570264,1.0,fresh_kronos_target_free_risk_v1,past_only_cross_sectional_vol_drawdown_liquidity_momentum,False
2023-10-31,2023-10-31T23:41:00,2023-10-31T23:40:00,WUSH,WUSH,moex,high,0.06748641251035244,0.23978646866417147,0.692727118825476,1.0,fresh_kronos_target_free_risk_v1,past_only_cross_sectional_vol_drawdown_liquidity_momentum,False
2023-11-30,2023-11-30T23:41:00,2023-11-30T23:40:00,AFKS,AFKS,moex,medium,0.162156710290131,0.7166504272761259,0.12119286243374319,1.0,fresh_kronos_target_free_risk_v1,past_only_cross_sectional_vol_drawdown_liquidity_momentum,False
2023-11-30,2023-11-30T23:41:00,2023-11-30T23:40:00,AFLT,AFLT,moex,medium,0.12126703956327192,0.7075012185965985,0.17123174184012957,1.0,fresh_kronos_target_free_risk_v1,past_only_cross_sectional_vol_drawdown_liquidity_momentum,False
2023-11-30,2023-11-30T23:41:00,2023-11-30T23:40:00,ALRS,ALRS,moex,medium,0.1129984457478685,0.544753714165113,0.34224784008701853,1.0,fresh_kronos_target_free_risk_v1,past_only_cross_sectional_vol_drawdown_liquidity_momentum,False
2023-11-30,2023-11-30T23:41:00,2023-11-30T23:40:00,BSPB,BSPB,moex,high,0.061870199748835245,0.21263677604757786,0.725493024203587,1.0,fresh_kronos_target_free_risk_v1,past_only_cross_sectional_vol_drawdown_liquidity_momentum,False
2023-11-30,2023-11-30T23:41:00,2023-11-30T23:40:00,CBOM,CBOM,moex,low,0.5300928621445123,0.37786549766863803,0.09204164018684967,1.0,fresh_kronos_target_free_risk_v1,past_only_cross_sectional_vol_drawdown_liquidity_momentum,False
2023-11-30,2023-11-30T23:41:00,2023-11-30T23:40:00,CHMF,CHMF,moex,medium,0.2476432990165934,0.6329317698828663,0.11942493110054042,1.0,fresh_kronos_target_free_risk_v1,past_only_cross_sectional_vol_drawdown_liquidity_momentum,False
2023-11-30,2023-11-30T23:41:00,2023-11-30T23:40:00,ENPG,ENPG,moex,high,0.087463388639722,0.3491633086082805,0.5633733027519975,1.0,fresh_kronos_target_free_risk_v1,past_only_cross_sectional_vol_drawdown_liquidity_momentum,False
2023-11-30,2023-11-30T23:41:00,2023-11-30T23:40:00,FEES,FEES,moex,high,0.08091896423907245,0.31080049732694415,0.6082805384339834,1.0,fresh_kronos_target_free_risk_v1,past_only_cross_sectional_vol_drawdown_liquidity_momentum,False
2023-11-30,2023-11-30T23:41:00,2023-11-30T23:40:00,FLOT,FLOT,moex,medium,0.3355317199880637,0.5509017839603747,0.11356649605156156,1.0,fresh_kronos_target_free_risk_v1,past_only_cross_sectional_vol_drawdown_liquidity_momentum,False
2023-11-30,2023-11-30T23:41:00,2023-11-30T23:40:00,GAZP,GAZP,moex,low,0.6850921926584205,0.24614588180161828,0.0687619255399612,1.0,fresh_kronos_target_free_risk_v1,past_only_cross_sectional_vol_drawdown_liquidity_momentum,False
2023-11-30,2023-11-30T23:41:00,2023-11-30T23:40:00,GMKN,GMKN,moex,medium,0.314831152876853,0.5699487239291203,0.11522012319402672,1.0,fresh_kronos_target_free_risk_v1,past_only_cross_sectional_vol_drawdown_liquidity_momentum,False
2023-11-30,2023-11-30T23:41:00,2023-11-30T23:40:00,HYDR,HYDR,moex,high,0.08728449866090023,0.34807533662976625,0.5646401647093334,1.0,fresh_kronos_target_free_risk_v1,past_only_cross_sectional_vol_drawdown_liquidity_momentum,False
2023-11-30,2023-11-30T23:41:00,2023-11-30T23:40:00,IRAO,IRAO,moex,medium,0.26889517810009383,0.61279685483414,0.11830796706576621,1.0,fresh_kronos_target_free_risk_v1,past_only_cross_sectional_vol_drawdown_liquidity_momentum,False
2023-11-30,2023-11-30T23:41:00,2023-11-30T23:40:00,LKOH,LKOH,moex,low,0.6468786773808289,0.2781589726113636,0.07496235000780756,1.0,fresh_kronos_target_free_risk_v1,past_only_cross_sectional_vol_drawdown_liquidity_momentum,False
2023-11-30,2023-11-30T23:41:00,2023-11-30T23:40:00,MAGN,MAGN,moex,low,0.5429730436783964,0.3667293295477445,0.09029762677385911,1.0,fresh_kronos_target_free_risk_v1,past_only_cross_sectional_vol_drawdown_liquidity_momentum,False
2023-11-30,2023-11-30T23:41:00,2023-11-30T23:40:00,MGNT,MGNT,moex,medium,0.22341129458745934,0.6561737875478463,0.12041491786469441,1.0,fresh_kronos_target_free_risk_v1,past_only_cross_sectional_vol_drawdown_liquidity_momentum,False
2023-11-30,2023-11-30T23:41:00,2023-11-30T23:40:00,MOEX,MOEX,moex,medium,0.25362983084700996,0.6272377445306185,0.11913242462237157,1.0,fresh_kronos_target_free_risk_v1,past_only_cross_sectional_vol_drawdown_liquidity_momentum,False
2023-11-30,2023-11-30T23:41:00,2023-11-30T23:40:00,MTLR,MTLR,moex,medium,0.12098436078399115,0.676254365271842,0.20276127394416688,1.0,fresh_kronos_target_free_risk_v1,past_only_cross_sectional_vol_drawdown_liquidity_momentum,False
2023-11-30,2023-11-30T23:41:00,2023-11-30T23:40:00,MTSS,MTSS,moex,medium,0.2293794404090763,0.6504191115295079,0.12020144806141585,1.0,fresh_kronos_target_free_risk_v1,past_only_cross_sectional_vol_drawdown_liquidity_momentum,False
2023-11-30,2023-11-30T23:41:00,2023-11-30T23:40:00,NLMK,NLMK,moex,medium,0.1212615442625027,0.6971647632546374,0.18157369248285984,1.0,fresh_kronos_target_free_risk_v1,past_only_cross_sectional_vol_drawdown_liquidity_momentum,False
2023-11-30,2023-11-30T23:41:00,2023-11-30T23:40:00,NVTK,NVTK,moex,medium,0.23717777172117258,0.6429302679524654,0.11989196032636196,1.0,fresh_kronos_target_free_risk_v1,past_only_cross_sectional_vol_drawdown_liquidity_momentum,False
2023-11-30,2023-11-30T23:41:00,2023-11-30T23:40:00,OZON,OZON,moex,medium,0.11736441283278412,0.5982666404822794,0.28436894668493645,1.0,fresh_kronos_target_free_risk_v1,past_only_cross_sectional_vol_drawdown_liquidity_momentum,False
2023-11-30,2023-11-30T23:41:00,2023-11-30T23:40:00,PHOR,PHOR,moex,medium,0.23126416999015276,0.6486060616287291,0.12012976838111808,1.0,fresh_kronos_target_free_risk_v1,past_only_cross_sectional_vol_drawdown_liquidity_momentum,False
2023-11-30,2023-11-30T23:41:00,2023-11-30T23:40:00,PIKK,PIKK,moex,medium,0.10827808288529568,0.4989977407958809,0.39272417631882334,1.0,fresh_kronos_target_free_risk_v1,past_only_cross_sectional_vol_drawdown_liquidity_momentum,False
2023-11-30,2023-11-30T23:41:00,2023-11-30T23:40:00,PLZL,PLZL,moex,medium,0.12049433318244686,0.7435799921865867,0.13592567463096653,1.0,fresh_kronos_target_free_risk_v1,past_only_cross_sectional_vol_drawdown_liquidity_momentum,False
2023-11-30,2023-11-30T23:41:00,2023-11-30T23:40:00,POSI,POSI,moex,high,0.10145471868107184,0.4433350953986659,0.4552101859202623,1.0,fresh_kronos_target_free_risk_v1,past_only_cross_sectional_vol_drawdown_liquidity_momentum,False
2023-11-30,2023-11-30T23:41:00,2023-11-30T23:40:00,RNFT,RNFT,moex,high,0.04954851569875329,0.15755377450235938,0.7928977097988873,1.0,fresh_kronos_target_free_risk_v1,past_only_cross_sectional_vol_drawdown_liquidity_momentum,False
2023-11-30,2023-11-30T23:41:00,2023-11-30T23:40:00,ROSN,ROSN,moex,medium,0.2687493217205291,0.6129343200235378,0.11831635825593308,1.0,fresh_kronos_target_free_risk_v1,past_only_cross_sectional_vol_drawdown_liquidity_momentum,False
2023-11-30,2023-11-30T23:41:00,2023-11-30T23:40:00,RTKM,RTKM,moex,medium,0.22806007293727296,0.6516895072118947,0.12025041985083242,1.0,fresh_kronos_target_free_risk_v1,past_only_cross_sectional_vol_drawdown_liquidity_momentum,False
2023-11-30,2023-11-30T23:41:00,2023-11-30T23:40:00,RUAL,RUAL,moex,medium,0.14847528134972332,0.7305991033014176,0.12092561534885894,1.0,fresh_kronos_target_free_risk_v1,past_only_cross_sectional_vol_drawdown_liquidity_momentum,False
2023-11-30,2023-11-30T23:41:00,2023-11-30T23:40:00,SBER,SBER,moex,low,0.7213361068858072,0.21606820800432386,0.06259568510986886,1.0,fresh_kronos_target_free_risk_v1,past_only_cross_sectional_vol_drawdown_liquidity_momentum,False
2023-11-30,2023-11-30T23:41:00,2023-11-30T23:40:00,SGZH,SGZH,moex,high,0.06823013637625865,0.2434855070950071,0.6882843565287343,1.0,fresh_kronos_target_free_risk_v1,past_only_cross_sectional_vol_drawdown_liquidity_momentum,False
2023-11-30,2023-11-30T23:41:00,2023-11-30T23:40:00,SIBN,SIBN,moex,medium,0.30495542735748066,0.579089904983136,0.11595466765938345,1.0,fresh_kronos_target_free_risk_v1,past_only_cross_sectional_vol_drawdown_liquidity_momentum,False
2023-11-30,2023-11-30T23:41:00,2023-11-30T23:40:00,SMLT,SMLT,moex,low,0.5811660913083051,0.3339136093797728,0.08492029931192199,1.0,fresh_kronos_target_free_risk_v1,past_only_cross_sectional_vol_drawdown_liquidity_momentum,False
2023-11-30,2023-11-30T23:41:00,2023-11-30T23:40:00,SNGS,SNGS,moex,medium,0.12099514544674501,0.7277897859599711,0.15121506859328382,1.0,fresh_kronos_target_free_risk_v1,past_only_cross_sectional_vol_drawdown_liquidity_momentum,False
2023-11-30,2023-11-30T23:41:00,2023-11-30T23:40:00,SPBE,SPBE,moex,high,0.036340624485120064,0.10482326926527546,0.8588361062496044,1.0,fresh_kronos_target_free_risk_v1,past_only_cross_sectional_vol_drawdown_liquidity_momentum,False
2023-11-30,2023-11-30T23:41:00,2023-11-30T23:40:00,T,T,moex,medium,0.12014343888363453,0.6489477878809305,0.23090877323543493,1.0,fresh_kronos_target_free_risk_v1,past_only_cross_sectional_vol_drawdown_liquidity_momentum,False
2023-11-30,2023-11-30T23:41:00,2023-11-30T23:40:00,TATN,TATN,moex,medium,0.2955734393975965,0.5878084715741401,0.11661808902826334,1.0,fresh_kronos_target_free_risk_v1,past_only_cross_sectional_vol_drawdown_liquidity_momentum,False
2023-11-30,2023-11-30T23:41:00,2023-11-30T23:40:00,VKCO,VKCO,moex,high,0.08738185369496715,0.34866713524507686,0.5639510110599559,0.6666666666666666,fresh_kronos_target_free_risk_v1,past_only_cross_sectional_vol_drawdown_liquidity_momentum,False
2023-11-30,2023-11-30T23:41:00,2023-11-30T23:40:00,VTBR,VTBR,moex,medium,0.11977530035506652,0.7581742468340705,0.12205045281086294,1.0,fresh_kronos_target_free_risk_v1,past_only_cross_sectional_vol_drawdown_liquidity_momentum,False
2023-11-30,2023-11-30T23:41:00,2023-11-30T23:40:00,WUSH,WUSH,moex,high,0.10115751093767325,0.4411001275496215,0.4577423615127051,1.0,fresh_kronos_target_free_risk_v1,past_only_cross_sectional_vol_drawdown_liquidity_momentum,False
2023-12-29,2023-12-29T23:41:00,2023-12-29T23:40:00,AFKS,AFKS,moex,medium,0.12430680709905287,0.7557818380189668,0.11991135488198032,1.0,fresh_kronos_target_free_risk_v1,past_only_cross_sectional_vol_drawdown_liquidity_momentum,False
2023-12-29,2023-12-29T23:41:00,2023-12-29T23:40:00,AFLT,AFLT,moex,medium,0.20364529675808382,0.675389005965166,0.12096569727675012,1.0,fresh_kronos_target_free_risk_v1,past_only_cross_sectional_vol_drawdown_liquidity_momentum,False
2023-12-29,2023-12-29T23:41:00,2023-12-29T23:40:00,ALRS,ALRS,moex,medium,0.14698405274438828,0.7321317322045435,0.12088421505106829,1.0,fresh_kronos_target_free_risk_v1,past_only_cross_sectional_vol_drawdown_liquidity_momentum,False
2023-12-29,2023-12-29T23:41:00,2023-12-29T23:40:00,ASTR,ASTR,moex,high,0.07662599238401692,0.28707816401640696,0.636295843599576,0.9333333333333333,fresh_kronos_target_free_risk_v1,past_only_cross_sectional_vol_drawdown_liquidity_momentum,False
2023-12-29,2023-12-29T23:41:00,2023-12-29T23:40:00,BSPB,BSPB,moex,high,0.050436114169451415,0.1613272228098514,0.7882366630206972,1.0,fresh_kronos_target_free_risk_v1,past_only_cross_sectional_vol_drawdown_liquidity_momentum,False
2023-12-29,2023-12-29T23:41:00,2023-12-29T23:40:00,CBOM,CBOM,moex,medium,0.12049785426694244,0.7434929016058425,0.13600924412721507,1.0,fresh_kronos_target_free_risk_v1,past_only_cross_sectional_vol_drawdown_liquidity_momentum,False
2023-12-29,2023-12-29T23:41:00,2023-12-29T23:40:00,CHMF,CHMF,moex,medium,0.25909790083536405,0.6220522967610453,0.11884980240359064,1.0,fresh_kronos_target_free_risk_v1,past_only_cross_sectional_vol_drawdown_liquidity_momentum,False
2023-12-29,2023-12-29T23:41:00,2023-12-29T23:40:00,ENPG,ENPG,moex,medium,0.1068542034781485,0.48657575009585163,0.4065700464259998,1.0,fresh_kronos_target_free_risk_v1,past_only_cross_sectional_vol_drawdown_liquidity_momentum,False
2023-12-29,2023-12-29T23:41:00,2023-12-29T23:40:00,FEES,FEES,moex,medium,0.11631914697566091,0.5838197137204676,0.2998611393038714,1.0,fresh_kronos_target_free_risk_v1,past_only_cross_sectional_vol_drawdown_liquidity_momentum,False
2023-12-29,2023-12-29T23:41:00,2023-12-29T23:40:00,FLOT,FLOT,moex,medium,0.14361620834989883,0.7356025625239277,0.12078122912617342,1.0,fresh_kronos_target_free_risk_v1,past_only_cross_sectional_vol_drawdown_liquidity_momentum,False
2023-12-29,2023-12-29T23:41:00,2023-12-29T23:40:00,GAZP,GAZP,moex,low,0.7548370660784153,0.18852473004735354,0.056638203874231255,1.0,fresh_kronos_target_free_risk_v1,past_only_cross_sectional_vol_drawdown_liquidity_momentum,False
2023-12-29,2023-12-29T23:41:00,2023-12-29T23:40:00,GMKN,GMKN,moex,medium,0.16758014643599192,0.7111733904284925,0.12124646313551551,1.0,fresh_kronos_target_free_risk_v1,past_only_cross_sectional_vol_drawdown_liquidity_momentum,False
2023-12-29,2023-12-29T23:41:00,2023-12-29T23:40:00,HYDR,HYDR,moex,medium,0.11098637416681177,0.5242321975421809,0.3647814282910073,1.0,fresh_kronos_target_free_risk_v1,past_only_cross_sectional_vol_drawdown_liquidity_momentum,False
2023-12-29,2023-12-29T23:41:00,2023-12-29T23:40:00,IRAO,IRAO,moex,medium,0.3195228990915263,0.56561851657982,0.11485858432865383,1.0,fresh_kronos_target_free_risk_v1,past_only_cross_sectional_vol_drawdown_liquidity_momentum,False
2023-12-29,2023-12-29T23:41:00,2023-12-29T23:40:00,LKOH,LKOH,moex,low,0.499180912109263,0.4047385514352057,0.09608053645553132,1.0,fresh_kronos_target_free_risk_v1,past_only_cross_sectional_vol_drawdown_liquidity_momentum,False
2023-12-29,2023-12-29T23:41:00,2023-12-29T23:40:00,MAGN,MAGN,moex,low,0.46556333818556805,0.43420678318406597,0.10022987863036585,1.0,fresh_kronos_target_free_risk_v1,past_only_cross_sectional_vol_drawdown_liquidity_momentum,False
2023-12-29,2023-12-29T23:41:00,2023-12-29T23:40:00,MGNT,MGNT,moex,low,0.5224561726904451,0.38448498469172177,0.09305884261783312,1.0,fresh_kronos_target_free_risk_v1,past_only_cross_sectional_vol_drawdown_liquidity_momentum,False
2023-12-29,2023-12-29T23:41:00,2023-12-29T23:40:00,MOEX,MOEX,moex,medium,0.1708930757364756,0.7078412822998286,0.12126564196369577,1.0,fresh_kronos_target_free_risk_v1,past_only_cross_sectional_vol_drawdown_liquidity_momentum,False
2023-12-29,2023-12-29T23:41:00,2023-12-29T23:40:00,MTLR,MTLR,moex,medium,0.12116821190890731,0.686906334520283,0.19192545357080962,1.0,fresh_kronos_target_free_risk_v1,past_only_cross_sectional_vol_drawdown_liquidity_momentum,False
2023-12-29,2023-12-29T23:41:00,2023-12-29T23:40:00,MTSS,MTSS,moex,low,0.5096905841542706,0.39557851897431257,0.09473089687141681,1.0,fresh_kronos_target_free_risk_v1,past_only_cross_sectional_vol_drawdown_liquidity_momentum,False
2023-12-29,2023-12-29T23:41:00,2023-12-29T23:40:00,NLMK,NLMK,moex,medium,0.14989806850968776,0.7291391638782012,0.12096276761211103,1.0,fresh_kronos_target_free_risk_v1,past_only_cross_sectional_vol_drawdown_liquidity_momentum,False
2023-12-29,2023-12-29T23:41:00,2023-12-29T23:40:00,NVTK,NVTK,moex,medium,0.13613390968146816,0.7433630004152249,0.12050308990330699,1.0,fresh_kronos_target_free_risk_v1,past_only_cross_sectional_vol_drawdown_liquidity_momentum,False
2023-12-29,2023-12-29T23:41:00,2023-12-29T23:40:00,OZON,OZON,moex,medium,0.11746338705565147,0.5997146496825743,0.28282196326177433,1.0,fresh_kronos_target_free_risk_v1,past_only_cross_sectional_vol_drawdown_liquidity_momentum,False
2023-12-29,2023-12-29T23:41:00,2023-12-29T23:40:00,PHOR,PHOR,moex,low,0.5412869288838157,0.3681851252823479,0.09052794583383644,1.0,fresh_kronos_target_free_risk_v1,past_only_cross_sectional_vol_drawdown_liquidity_momentum,False
2023-12-29,2023-12-29T23:41:00,2023-12-29T23:40:00,PIKK,PIKK,moex,medium,0.11990345290873358,0.7559244258013114,0.12417212128995507,1.0,fresh_kronos_target_free_risk_v1,past_only_cross_sectional_vol_drawdown_liquidity_momentum,False
2023-12-29,2023-12-29T23:41:00,2023-12-29T23:40:00,PLZL,PLZL,moex,medium,0.12016634259064425,0.6495245329995689,0.2303091244097867,1.0,fresh_kronos_target_free_risk_v1,past_only_cross_sectional_vol_drawdown_liquidity_momentum,False
2023-12-29,2023-12-29T23:41:00,2023-12-29T23:40:00,POSI,POSI,moex,high,0.09282483119746458,0.38295373347546796,0.5242214353270673,1.0,fresh_kronos_target_free_risk_v1,past_only_cross_sectional_vol_drawdown_liquidity_momentum,False
2023-12-29,2023-12-29T23:41:00,2023-12-29T23:40:00,RNFT,RNFT,moex,high,0.04668674818964659,0.1455863600850125,0.807726891725341,1.0,fresh_kronos_target_free_risk_v1,past_only_cross_sectional_vol_drawdown_liquidity_momentum,False
2023-12-29,2023-12-29T23:41:00,2023-12-29T23:40:00,ROSN,ROSN,moex,medium,0.4358619092811503,0.4604639472838959,0.10367414343495378,1.0,fresh_kronos_target_free_risk_v1,past_only_cross_sectional_vol_drawdown_liquidity_momentum,False
2023-12-29,2023-12-29T23:41:00,2023-12-29T23:40:00,RTKM,RTKM,moex,medium,0.11351373184250632,0.5503231401150152,0.33616312804247855,1.0,fresh_kronos_target_free_risk_v1,past_only_cross_sectional_vol_drawdown_liquidity_momentum,False
2023-12-29,2023-12-29T23:41:00,2023-12-29T23:40:00,RUAL,RUAL,moex,medium,0.2325805716559503,0.6473409157255343,0.12007851261851545,1.0,fresh_kronos_target_free_risk_v1,past_only_cross_sectional_vol_drawdown_liquidity_momentum,False
2023-12-29,2023-12-29T23:41:00,2023-12-29T23:40:00,SBER,SBER,moex,medium,0.31685490799908606,0.5680799395395344,0.1150651524613796,1.0,fresh_kronos_target_free_risk_v1,past_only_cross_sectional_vol_drawdown_liquidity_momentum,False
2023-12-29,2023-12-29T23:41:00,2023-12-29T23:40:00,SGZH,SGZH,moex,medium,0.11910131233114662,0.6266528235625399,0.2542458641063134,1.0,fresh_kronos_target_free_risk_v1,past_only_cross_sectional_vol_drawdown_liquidity_momentum,False
2023-12-29,2023-12-29T23:41:00,2023-12-29T23:40:00,SIBN,SIBN,moex,medium,0.12022112923236003,0.7497719954558966,0.1300068753117434,1.0,fresh_kronos_target_free_risk_v1,past_only_cross_sectional_vol_drawdown_liquidity_momentum,False
2023-12-29,2023-12-29T23:41:00,2023-12-29T23:40:00,SMLT,SMLT,moex,low,0.5558145110536167,0.35566172908311233,0.08852375986327098,1.0,fresh_kronos_target_free_risk_v1,past_only_cross_sectional_vol_drawdown_liquidity_momentum,False
2023-12-29,2023-12-29T23:41:00,2023-12-29T23:40:00,SNGS,SNGS,moex,medium,0.10727864745698519,0.49022574786216677,0.4024956046808481,1.0,fresh_kronos_target_free_risk_v1,past_only_cross_sectional_vol_drawdown_liquidity_momentum,False
2023-12-29,2023-12-29T23:41:00,2023-12-29T23:40:00,SPBE,SPBE,moex,high,0.028404075913907072,0.07623799234865886,0.8953579317374342,1.0,fresh_kronos_target_free_risk_v1,past_only_cross_sectional_vol_drawdown_liquidity_momentum,False
2023-12-29,2023-12-29T23:41:00,2023-12-29T23:40:00,T,T,moex,high,0.09933256360538005,0.42765201358523647,0.47301542280938336,1.0,fresh_kronos_target_free_risk_v1,past_only_cross_sectional_vol_drawdown_liquidity_momentum,False
2023-12-29,2023-12-29T23:41:00,2023-12-29T23:40:00,TATN,TATN,moex,medium,0.39106184036448643,0.5004926832196749,0.10844547641583858,1.0,fresh_kronos_target_free_risk_v1,past_only_cross_sectional_vol_drawdown_liquidity_momentum,False
2023-12-29,2023-12-29T23:41:00,2023-12-29T23:40:00,VKCO,VKCO,moex,medium,0.11430062162089974,0.5591274613192242,0.32657191705987604,0.85,fresh_kronos_target_free_risk_v1,past_only_cross_sectional_vol_drawdown_liquidity_momentum,False
2023-12-29,2023-12-29T23:41:00,2023-12-29T23:40:00,VTBR,VTBR,moex,medium,0.12157997653531318,0.758674088545152,0.11974593491953493,1.0,fresh_kronos_target_free_risk_v1,past_only_cross_sectional_vol_drawdown_liquidity_momentum,False
2023-12-29,2023-12-29T23:41:00,2023-12-29T23:40:00,WUSH,WUSH,moex,medium,0.10440272910669889,0.46627001930559475,0.42932725158770635,1.0,fresh_kronos_target_free_risk_v1,past_only_cross_sectional_vol_drawdown_liquidity_momentum,False
2024-01-31,2024-01-31T23:41:00,2024-01-31T23:40:00,AFKS,AFKS,moex,medium,0.2648516136515204,0.6166113882687072,0.1185369980797723,1.0,fresh_kronos_target_free_risk_v1,past_only_cross_sectional_vol_drawdown_liquidity_momentum,False
2024-01-31,2024-01-31T23:41:00,2024-01-31T23:40:00,AFLT,AFLT,moex,medium,0.12068073123008768,0.7386298813697324,0.14068938740018,1.0,fresh_kronos_target_free_risk_v1,past_only_cross_sectional_vol_drawdown_liquidity_momentum,False
2024-01-31,2024-01-31T23:41:00,2024-01-31T23:40:00,ALRS,ALRS,moex,medium,0.41272260009615397,0.4810725647832532,0.10620483512059287,1.0,fresh_kronos_target_free_risk_v1,past_only_cross_sectional_vol_drawdown_liquidity_momentum,False
2024-01-31,2024-01-31T23:41:00,2024-01-31T23:40:00,ASTR,ASTR,moex,medium,0.1134101804767568,0.549192156235991,0.3373976632872521,1.0,fresh_kronos_target_free_risk_v1,past_only_cross_sectional_vol_drawdown_liquidity_momentum,False
2024-01-31,2024-01-31T23:41:00,2024-01-31T23:40:00,BSPB,BSPB,moex,high,0.0861796124409089,0.3414075500666382,0.572412837492453,1.0,fresh_kronos_target_free_risk_v1,past_only_cross_sectional_vol_drawdown_liquidity_momentum,False
2024-01-31,2024-01-31T23:41:00,2024-01-31T23:40:00,CBOM,CBOM,moex,medium,0.12070387302249204,0.7379590000313406,0.14133712694616743,1.0,fresh_kronos_target_free_risk_v1,past_only_cross_sectional_vol_drawdown_liquidity_momentum,False
2024-01-31,2024-01-31T23:41:00,2024-01-31T23:40:00,CHMF,CHMF,moex,medium,0.17124466284222667,0.7074882463167709,0.12126709084100236,1.0,fresh_kronos_target_free_risk_v1,past_only_cross_sectional_vol_drawdown_liquidity_momentum,False
2024-01-31,2024-01-31T23:41:00,2024-01-31T23:40:00,ENPG,ENPG,moex,medium,0.10301463143684947,0.4552894491128037,0.44169591945034675,1.0,fresh_kronos_target_free_risk_v1,past_only_cross_sectional_vol_drawdown_liquidity_momentum,False
2024-01-31,2024-01-31T23:41:00,2024-01-31T23:40:00,FEES,FEES,moex,medium,0.1101784170130755,0.5164533718575762,0.37336821112934826,1.0,fresh_kronos_target_free_risk_v1,past_only_cross_sectional_vol_drawdown_liquidity_momentum,False
2024-01-31,2024-01-31T23:41:00,2024-01-31T23:40:00,FLOT,FLOT,moex,medium,0.22558604335828158,0.6540744178093512,0.12033953883236735,1.0,fresh_kronos_target_free_risk_v1,past_only_cross_sectional_vol_drawdown_liquidity_momentum,False
2024-01-31,2024-01-31T23:41:00,2024-01-31T23:40:00,GAZP,GAZP,moex,low,0.7114554852452991,0.2242396729372226,0.06430484181747836,1.0,fresh_kronos_target_free_risk_v1,past_only_cross_sectional_vol_drawdown_liquidity_momentum,False
2024-01-31,2024-01-31T23:41:00,2024-01-31T23:40:00,GMKN,GMKN,moex,medium,0.14527145697428914,0.7338950347931942,0.12083350823251669,1.0,fresh_kronos_target_free_risk_v1,past_only_cross_sectional_vol_drawdown_liquidity_momentum,False
2024-01-31,2024-01-31T23:41:00,2024-01-31T23:40:00,HYDR,HYDR,moex,high,0.10061401810017646,0.43704652101357744,0.46233946088624617,1.0,fresh_kronos_target_free_risk_v1,past_only_cross_sectional_vol_drawdown_liquidity_momentum,False
2024-01-31,2024-01-31T23:41:00,2024-01-31T23:40:00,IRAO,IRAO,moex,medium,0.39751108740647306,0.49469715649292534,0.1077917561006016,1.0,fresh_kronos_target_free_risk_v1,past_only_cross_sectional_vol_drawdown_liquidity_momentum,False
2024-01-31,2024-01-31T23:41:00,2024-01-31T23:40:00,LKOH,LKOH,moex,medium,0.4214046907317477,0.4733238278880313,0.10527148138022106,1.0,fresh_kronos_target_free_risk_v1,past_only_cross_sectional_vol_drawdown_liquidity_momentum,False
2024-01-31,2024-01-31T23:41:00,2024-01-31T23:40:00,MAGN,MAGN,moex,medium,0.3323094220287759,0.5538569031292525,0.11383367484197165,1.0,fresh_kronos_target_free_risk_v1,past_only_cross_sectional_vol_drawdown_liquidity_momentum,False
2024-01-31,2024-01-31T23:41:00,2024-01-31T23:40:00,MGNT,MGNT,moex,medium,0.43143545749363166,0.4643956904156236,0.10416885209074471,1.0,fresh_kronos_target_free_risk_v1,past_only_cross_sectional_vol_drawdown_liquidity_momentum,False
2024-01-31,2024-01-31T23:41:00,2024-01-31T23:40:00,MOEX,MOEX,moex,medium,0.126355549671584,0.753616264668567,0.12002818565984907,1.0,fresh_kronos_target_free_risk_v1,past_only_cross_sectional_vol_drawdown_liquidity_momentum,False
2024-01-31,2024-01-31T23:41:00,2024-01-31T23:40:00,MTLR,MTLR,moex,medium,0.11666879879351445,0.5884955964777209,0.2948356047287647,1.0,fresh_kronos_target_free_risk_v1,past_only_cross_sectional_vol_drawdown_liquidity_momentum,False
2024-01-31,2024-01-31T23:41:00,2024-01-31T23:40:00,MTSS,MTSS,moex,medium,0.42283129166820094,0.47205247013266805,0.10511623819913099,1.0,fresh_kronos_target_free_risk_v1,past_only_cross_sectional_vol_drawdown_liquidity_momentum,False
2024-01-31,2024-01-31T23:41:00,2024-01-31T23:40:00,NLMK,NLMK,moex,medium,0.12106439478209984,0.7245954516613302,0.15434015355657005,1.0,fresh_kronos_target_free_risk_v1,past_only_cross_sectional_vol_drawdown_liquidity_momentum,False
2024-01-31,2024-01-31T23:41:00,2024-01-31T23:40:00,NVTK,NVTK,moex,medium,0.28002841822529495,0.6023320314963558,0.11763955027834916,1.0,fresh_kronos_target_free_risk_v1,past_only_cross_sectional_vol_drawdown_liquidity_momentum,False
2024-01-31,2024-01-31T23:41:00,2024-01-31T23:40:00,OZON,OZON,moex,medium,0.1171241618334362,0.5948148429381591,0.2880609952284047,1.0,fresh_kronos_target_free_risk_v1,past_only_cross_sectional_vol_drawdown_liquidity_momentum,False
2024-01-31,2024-01-31T23:41:00,2024-01-31T23:40:00,PHOR,PHOR,moex,low,0.5081418431301847,0.39692683514417215,0.09493132172564313,1.0,fresh_kronos_target_free_risk_v1,past_only_cross_sectional_vol_drawdown_liquidity_momentum,False
2024-01-31,2024-01-31T23:41:00,2024-01-31T23:40:00,PIKK,PIKK,moex,medium,0.1203706666293973,0.6549316302570783,0.22469770311352436,1.0,fresh_kronos_target_free_risk_v1,past_only_cross_sectional_vol_drawdown_liquidity_momentum,False
2024-01-31,2024-01-31T23:41:00,2024-01-31T23:40:00,PLZL,PLZL,moex,medium,0.12080027072766716,0.6685914317252042,0.2106082975471287,1.0,fresh_kronos_target_free_risk_v1,past_only_cross_sectional_vol_drawdown_liquidity_momentum,False
2024-01-31,2024-01-31T23:41:00,2024-01-31T23:40:00,POSI,POSI,moex,medium,0.12043751340708043,0.6568193242821891,0.2227431623107304,1.0,fresh_kronos_target_free_risk_v1,past_only_cross_sectional_vol_drawdown_liquidity_momentum,False
2024-01-31,2024-01-31T23:41:00,2024-01-31T23:40:00,RNFT,RNFT,moex,high,0.05128852942864321,0.1649787887889262,0.7837326817824306,1.0,fresh_kronos_target_free_risk_v1,past_only_cross_sectional_vol_drawdown_liquidity_momentum,False
2024-01-31,2024-01-31T23:41:00,2024-01-31T23:40:00,ROSN,ROSN,moex,medium,0.32294652719521494,0.5624636928091283,0.11458977999565678,1.0,fresh_kronos_target_free_risk_v1,past_only_cross_sectional_vol_drawdown_liquidity_momentum,False
2024-01-31,2024-01-31T23:41:00,2024-01-31T23:40:00,RTKM,RTKM,moex,medium,0.11025229880658508,0.5171550813911878,0.3725926198022272,1.0,fresh_kronos_target_free_risk_v1,past_only_cross_sectional_vol_drawdown_liquidity_momentum,False
2024-01-31,2024-01-31T23:41:00,2024-01-31T23:40:00,RUAL,RUAL,moex,medium,0.141560917214883,0.7377273343176638,0.12071174846745325,1.0,fresh_kronos_target_free_risk_v1,past_only_cross_sectional_vol_drawdown_liquidity_momentum,False
2024-01-31,2024-01-31T23:41:00,2024-01-31T23:40:00,SBER,SBER,moex,low,0.4923141762774079,0.4107367836253434,0.09694904009724857,1.0,fresh_kronos_target_free_risk_v1,past_only_cross_sectional_vol_drawdown_liquidity_momentum,False
2024-01-31,2024-01-31T23:41:00,2024-01-31T23:40:00,SGZH,SGZH,moex,high,0.07785480560401566,0.29376185876760286,0.6283833356283814,1.0,fresh_kronos_target_free_risk_v1,past_only_cross_sectional_vol_drawdown_liquidity_momentum,False
2024-01-31,2024-01-31T23:41:00,2024-01-31T23:40:00,SIBN,SIBN,moex,medium,0.12090819878125586,0.7312550509615463,0.14783675025719786,1.0,fresh_kronos_target_free_risk_v1,past_only_cross_sectional_vol_drawdown_liquidity_momentum,False
2024-01-31,2024-01-31T23:41:00,2024-01-31T23:40:00,SMLT,SMLT,moex,low,0.4551604665703826,0.44337899448904156,0.10146053894057586,1.0,fresh_kronos_target_free_risk_v1,past_only_cross_sectional_vol_drawdown_liquidity_momentum,False
2024-01-31,2024-01-31T23:41:00,2024-01-31T23:40:00,SNGS,SNGS,moex,medium,0.11449260701260464,0.561336067600034,0.3241713253873615,1.0,fresh_kronos_target_free_risk_v1,past_only_cross_sectional_vol_drawdown_liquidity_momentum,False
2024-01-31,2024-01-31T23:41:00,2024-01-31T23:40:00,SPBE,SPBE,moex,high,0.03557941928699585,0.10197904599636565,0.8624415347166384,1.0,fresh_kronos_target_free_risk_v1,past_only_cross_sectional_vol_drawdown_liquidity_momentum,False
2024-01-31,2024-01-31T23:41:00,2024-01-31T23:40:00,T,T,moex,high,0.06604632750282524,0.2326944279046321,0.7012592445925427,1.0,fresh_kronos_target_free_risk_v1,past_only_cross_sectional_vol_drawdown_liquidity_momentum,False
2024-01-31,2024-01-31T23:41:00,2024-01-31T23:40:00,TATN,TATN,moex,medium,0.35732222942935693,0.5310076916004054,0.11167007897023765,1.0,fresh_kronos_target_free_risk_v1,past_only_cross_sectional_vol_drawdown_liquidity_momentum,False
2024-01-31,2024-01-31T23:41:00,2024-01-31T23:40:00,UGLD,UGLD,moex,medium,0.12124284576040462,0.6941362391893496,0.18462091505024583,0.8166666666666667,fresh_kronos_target_free_risk_v1,past_only_cross_sectional_vol_drawdown_liquidity_momentum,False
2024-01-31,2024-01-31T23:41:00,2024-01-31T23:40:00,VKCO,VKCO,moex,medium,0.11805165639629456,0.6086753662921349,0.27327297731157063,1.0,fresh_kronos_target_free_risk_v1,past_only_cross_sectional_vol_drawdown_liquidity_momentum,False
2024-01-31,2024-01-31T23:41:00,2024-01-31T23:40:00,VTBR,VTBR,moex,medium,0.1426287071502727,0.7366228091382779,0.12074848371144922,1.0,fresh_kronos_target_free_risk_v1,past_only_cross_sectional_vol_drawdown_liquidity_momentum,False
2024-01-31,2024-01-31T23:41:00,2024-01-31T23:40:00,WUSH,WUSH,moex,medium,0.10889180668583481,0.5045170037108069,0.3865911896033583,1.0,fresh_kronos_target_free_risk_v1,past_only_cross_sectional_vol_drawdown_liquidity_momentum,False
2024-02-29,2024-02-29T23:41:00,2024-02-29T23:40:00,AFKS,AFKS,moex,medium,0.2417916084833946,0.6385152104039181,0.1196931811126872,1.0,fresh_kronos_target_free_risk_v1,past_only_cross_sectional_vol_drawdown_liquidity_momentum,False
2024-02-29,2024-02-29T23:41:00,2024-02-29T23:40:00,AFLT,AFLT,moex,medium,0.12086235242280802,0.7329061679721732,0.14623147960501867,1.0,fresh_kronos_target_free_risk_v1,past_only_cross_sectional_vol_drawdown_liquidity_momentum,False
2024-02-29,2024-02-29T23:41:00,2024-02-29T23:40:00,ALRS,ALRS,moex,medium,0.25173280551455973,0.6290401393744265,0.11922705511101366,1.0,fresh_kronos_target_free_risk_v1,past_only_cross_sectional_vol_drawdown_liquidity_momentum,False
2024-02-29,2024-02-29T23:41:00,2024-02-29T23:40:00,ASTR,ASTR,moex,medium,0.12110973512031456,0.7221932103284466,0.15669705455123886,1.0,fresh_kronos_target_free_risk_v1,past_only_cross_sectional_vol_drawdown_liquidity_momentum,False
2024-02-29,2024-02-29T23:41:00,2024-02-29T23:40:00,BSPB,BSPB,moex,medium,0.10522747821860895,0.47296297415512534,0.42180954762626577,1.0,fresh_kronos_target_free_risk_v1,past_only_cross_sectional_vol_drawdown_liquidity_momentum,False
2024-02-29,2024-02-29T23:41:00,2024-02-29T23:40:00,CBOM,CBOM,moex,medium,0.11945669188109792,0.633573198760597,0.246970109358305,1.0,fresh_kronos_target_free_risk_v1,past_only_cross_sectional_vol_drawdown_liquidity_momentum,False
2024-02-29,2024-02-29T23:41:00,2024-02-29T23:40:00,CHMF,CHMF,moex,medium,0.31745191600019446,0.5675289317766999,0.11501915222310558,1.0,fresh_kronos_target_free_risk_v1,past_only_cross_sectional_vol_drawdown_liquidity_momentum,False
2024-02-29,2024-02-29T23:41:00,2024-02-29T23:40:00,ENPG,ENPG,moex,medium,0.11232065698334398,0.5376370818561218,0.3500422611605342,1.0,fresh_kronos_target_free_risk_v1,past_only_cross_sectional_vol_drawdown_liquidity_momentum,False
2024-02-29,2024-02-29T23:41:00,2024-02-29T23:40:00,FEES,FEES,moex,medium,0.12071212477404329,0.7377162209634074,0.1415716542625493,1.0,fresh_kronos_target_free_risk_v1,past_only_cross_sectional_vol_drawdown_liquidity_momentum,False
2024-02-29,2024-02-29T23:41:00,2024-02-29T23:40:00,FLOT,FLOT,moex,medium,0.1185766096653319,0.6172849046840411,0.264138485650627,1.0,fresh_kronos_target_free_risk_v1,past_only_cross_sectional_vol_drawdown_liquidity_momentum,False
2024-02-29,2024-02-29T23:41:00,2024-02-29T23:40:00,GAZP,GAZP,moex,low,0.7336767836587238,0.20589252239249126,0.06043069394878495,1.0,fresh_kronos_target_free_risk_v1,past_only_cross_sectional_vol_drawdown_liquidity_momentum,False
2024-02-29,2024-02-29T23:41:00,2024-02-29T23:40:00,GMKN,GMKN,moex,medium,0.10492633114344932,0.47050375991119564,0.424569908945355,1.0,fresh_kronos_target_free_risk_v1,past_only_cross_sectional_vol_drawdown_liquidity_momentum,False
2024-02-29,2024-02-29T23:41:00,2024-02-29T23:40:00,HYDR,HYDR,moex,medium,0.12126939030025963,0.6990641944439767,0.17966641525576368,1.0,fresh_kronos_target_free_risk_v1,past_only_cross_sectional_vol_drawdown_liquidity_momentum,False
2024-02-29,2024-02-29T23:41:00,2024-02-29T23:40:00,IRAO,IRAO,moex,low,0.4808222084564579,0.4207991247461614,0.09837866679738082,1.0,fresh_kronos_target_free_risk_v1,past_only_cross_sectional_vol_drawdown_liquidity_momentum,False
2024-02-29,2024-02-29T23:41:00,2024-02-29T23:40:00,LKOH,LKOH,moex,medium,0.2981014874280142,0.5854558065384835,0.11644270603350242,1.0,fresh_kronos_target_free_risk_v1,past_only_cross_sectional_vol_drawdown_liquidity_momentum,False
2024-02-29,2024-02-29T23:41:00,2024-02-29T23:40:00,MAGN,MAGN,moex,medium,0.19837599526071414,0.6805550972485767,0.12106890749070919,1.0,fresh_kronos_target_free_risk_v1,past_only_cross_sectional_vol_drawdown_liquidity_momentum,False
2024-02-29,2024-02-29T23:41:00,2024-02-29T23:40:00,MGNT,MGNT,moex,low,0.4960482774447593,0.4074736572676272,0.09647806528761348,1.0,fresh_kronos_target_free_risk_v1,past_only_cross_sectional_vol_drawdown_liquidity_momentum,False
2024-02-29,2024-02-29T23:41:00,2024-02-29T23:40:00,MOEX,MOEX,moex,medium,0.12119724445700802,0.6892748597592898,0.18952789578370216,1.0,fresh_kronos_target_free_risk_v1,past_only_cross_sectional_vol_drawdown_liquidity_momentum,False
2024-02-29,2024-02-29T23:41:00,2024-02-29T23:40:00,MTLR,MTLR,moex,high,0.09818884320782997,0.4194490005810893,0.48236215621108075,1.0,fresh_kronos_target_free_risk_v1,past_only_cross_sectional_vol_drawdown_liquidity_momentum,False
2024-02-29,2024-02-29T23:41:00,2024-02-29T23:40:00,MTSS,MTSS,moex,low,0.655445457995837,0.27095582105794824,0.0735987209462147,1.0,fresh_kronos_target_free_risk_v1,past_only_cross_sectional_vol_drawdown_liquidity_momentum,False
2024-02-29,2024-02-29T23:41:00,2024-02-29T23:40:00,NLMK,NLMK,moex,medium,0.2956900290642421,0.5876999146699899,0.1166100562657679,1.0,fresh_kronos_target_free_risk_v1,past_only_cross_sectional_vol_drawdown_liquidity_momentum,False
2024-02-29,2024-02-29T23:41:00,2024-02-29T23:40:00,NVTK,NVTK,moex,medium,0.12121354008151114,0.6907948987759486,0.18799156114254034,1.0,fresh_kronos_target_free_risk_v1,past_only_cross_sectional_vol_drawdown_liquidity_momentum,False
2024-02-29,2024-02-29T23:41:00,2024-02-29T23:40:00,OZON,OZON,moex,medium,0.11760264195309636,0.6017792727900465,0.2806180852568572,1.0,fresh_kronos_target_free_risk_v1,past_only_cross_sectional_vol_drawdown_liquidity_momentum,False
2024-02-29,2024-02-29T23:41:00,2024-02-29T23:40:00,PHOR,PHOR,moex,medium,0.3861239517932026,0.5049379209108472,0.1089381272959502,1.0,fresh_kronos_target_free_risk_v1,past_only_cross_sectional_vol_drawdown_liquidity_momentum,False
2024-02-29,2024-02-29T23:41:00,2024-02-29T23:40:00,PIKK,PIKK,moex,medium,0.1391047531660957,0.7402733256540849,0.12062192117981947,1.0,fresh_kronos_target_free_risk_v1,past_only_cross_sectional_vol_drawdown_liquidity_momentum,False
2024-02-29,2024-02-29T23:41:00,2024-02-29T23:40:00,PLZL,PLZL,moex,medium,0.12125206445366804,0.7103606897666814,0.16838724577965059,1.0,fresh_kronos_target_free_risk_v1,past_only_cross_sectional_vol_drawdown_liquidity_momentum,False
2024-02-29,2024-02-29T23:41:00,2024-02-29T23:40:00,POSI,POSI,moex,medium,0.12099393953531372,0.6767086939723707,0.20229736649231567,1.0,fresh_kronos_target_free_risk_v1,past_only_cross_sectional_vol_drawdown_liquidity_momentum,False
2024-02-29,2024-02-29T23:41:00,2024-02-29T23:40:00,RNFT,RNFT,moex,high,0.06772846162377283,0.24098759536286982,0.6912839430133574,1.0,fresh_kronos_target_free_risk_v1,past_only_cross_sectional_vol_drawdown_liquidity_momentum,False
2024-02-29,2024-02-29T23:41:00,2024-02-29T23:40:00,ROSN,ROSN,moex,medium,0.30040882050075357,0.5833107361985769,0.11628044330066961,1.0,fresh_kronos_target_free_risk_v1,past_only_cross_sectional_vol_drawdown_liquidity_momentum,False
2024-02-29,2024-02-29T23:41:00,2024-02-29T23:40:00,RTKM,RTKM,moex,medium,0.17822268941850058,0.7005039932126675,0.12127331736883191,1.0,fresh_kronos_target_free_risk_v1,past_only_cross_sectional_vol_drawdown_liquidity_momentum,False
2024-02-29,2024-02-29T23:41:00,2024-02-29T23:40:00,RUAL,RUAL,moex,medium,0.21584761189069798,0.6634974690015795,0.12065491910772257,1.0,fresh_kronos_target_free_risk_v1,past_only_cross_sectional_vol_drawdown_liquidity_momentum,False
2024-02-29,2024-02-29T23:41:00,2024-02-29T23:40:00,SBER,SBER,moex,medium,0.3547172952793178,0.5333779177262118,0.11190478699447047,1.0,fresh_kronos_target_free_risk_v1,past_only_cross_sectional_vol_drawdown_liquidity_momentum,False
2024-02-29,2024-02-29T23:41:00,2024-02-29T23:40:00,SGZH,SGZH,moex,medium,0.12108547165689784,0.6814908472499918,0.19742368109311043,1.0,fresh_kronos_target_free_risk_v1,past_only_cross_sectional_vol_drawdown_liquidity_momentum,False
2024-02-29,2024-02-29T23:41:00,2024-02-29T23:40:00,SIBN,SIBN,moex,medium,0.11297476248244104,0.5445011642714628,0.34252407324609613,1.0,fresh_kronos_target_free_risk_v1,past_only_cross_sectional_vol_drawdown_liquidity_momentum,False
2024-02-29,2024-02-29T23:41:00,2024-02-29T23:40:00,SMLT,SMLT,moex,medium,0.11887980494164495,0.6225897732159599,0.2585304218423952,1.0,fresh_kronos_target_free_risk_v1,past_only_cross_sectional_vol_drawdown_liquidity_momentum,False
2024-02-29,2024-02-29T23:41:00,2024-02-29T23:40:00,SNGS,SNGS,moex,medium,0.10226376820977909,0.44948700942029723,0.4482492223699237,1.0,fresh_kronos_target_free_risk_v1,past_only_cross_sectional_vol_drawdown_liquidity_momentum,False
2024-02-29,2024-02-29T23:41:00,2024-02-29T23:40:00,SPBE,SPBE,moex,high,0.06457532977733617,0.2255442631381389,0.7098804070845249,1.0,fresh_kronos_target_free_risk_v1,past_only_cross_sectional_vol_drawdown_liquidity_momentum,False
2024-02-29,2024-02-29T23:41:00,2024-02-29T23:40:00,SVCB,SVCB,moex,medium,0.12119806738786598,0.7162217059607524,0.16258022665138167,0.8666666666666667,fresh_kronos_target_free_risk_v1,past_only_cross_sectional_vol_drawdown_liquidity_momentum,False
2024-02-29,2024-02-29T23:41:00,2024-02-29T23:40:00,TATN,TATN,moex,medium,0.4268255348646617,0.4684956709645507,0.1046787941707878,1.0,fresh_kronos_target_free_risk_v1,past_only_cross_sectional_vol_drawdown_liquidity_momentum,False
2024-02-29,2024-02-29T23:41:00,2024-02-29T23:40:00,UGLD,UGLD,moex,medium,0.12005066070318465,0.6466637029627005,0.23328563633411475,1.0,fresh_kronos_target_free_risk_v1,past_only_cross_sectional_vol_drawdown_liquidity_momentum,False
2024-02-29,2024-02-29T23:41:00,2024-02-29T23:40:00,VKCO,VKCO,moex,medium,0.11921032367697637,0.6287188416135151,0.25207083470950836,1.0,fresh_kronos_target_free_risk_v1,past_only_cross_sectional_vol_drawdown_liquidity_momentum,False
2024-02-29,2024-02-29T23:41:00,2024-02-29T23:40:00,VTBR,VTBR,moex,medium,0.12074437795803582,0.7367482857672962,0.142507336274668,1.0,fresh_kronos_target_free_risk_v1,past_only_cross_sectional_vol_drawdown_liquidity_momentum,False
2024-02-29,2024-02-29T23:41:00,2024-02-29T23:40:00,WUSH,WUSH,moex,medium,0.11562989503121243,0.5749876963381674,0.3093824086306201,1.0,fresh_kronos_target_free_risk_v1,past_only_cross_sectional_vol_drawdown_liquidity_momentum,False
2024-03-29,2024-03-29T23:41:00,2024-03-29T23:40:00,AFKS,AFKS,moex,medium,0.18488662380544776,0.6938725148583545,0.1212408613361977,1.0,fresh_kronos_target_free_risk_v1,past_only_cross_sectional_vol_drawdown_liquidity_momentum,False
2024-03-29,2024-03-29T23:41:00,2024-03-29T23:40:00,AFLT,AFLT,moex,medium,0.1163620155436786,0.5843854022646591,0.29925258219166245,1.0,fresh_kronos_target_free_risk_v1,past_only_cross_sectional_vol_drawdown_liquidity_momentum,False
2024-03-29,2024-03-29T23:41:00,2024-03-29T23:40:00,ALRS,ALRS,moex,medium,0.23113758975453624,0.6487277647145617,0.1201346455309019,1.0,fresh_kronos_target_free_risk_v1,past_only_cross_sectional_vol_drawdown_liquidity_momentum,False
2024-03-29,2024-03-29T23:41:00,2024-03-29T23:40:00,ASTR,ASTR,moex,high,0.09539884823436093,0.4000880657236326,0.5045130860420065,1.0,fresh_kronos_target_free_risk_v1,past_only_cross_sectional_vol_drawdown_liquidity_momentum,False
2024-03-29,2024-03-29T23:41:00,2024-03-29T23:40:00,BSPB,BSPB,moex,medium,0.16490095339703878,0.7138755501089756,0.12122349649398559,1.0,fresh_kronos_target_free_risk_v1,past_only_cross_sectional_vol_drawdown_liquidity_momentum,False
2024-03-29,2024-03-29T23:41:00,2024-03-29T23:40:00,CBOM,CBOM,moex,medium,0.16085687430256884,0.7179673403455891,0.12117578535184206,1.0,fresh_kronos_target_free_risk_v1,past_only_cross_sectional_vol_drawdown_liquidity_momentum,False
2024-03-29,2024-03-29T23:41:00,2024-03-29T23:40:00,CHMF,CHMF,moex,medium,0.23162311882905712,0.6482609922820881,0.12011588888885484,1.0,fresh_kronos_target_free_risk_v1,past_only_cross_sectional_vol_drawdown_liquidity_momentum,False
2024-03-29,2024-03-29T23:41:00,2024-03-29T23:40:00,ENPG,ENPG,moex,medium,0.11219617205080666,0.5363539672960606,0.35144986065313283,1.0,fresh_kronos_target_free_risk_v1,past_only_cross_sectional_vol_drawdown_liquidity_momentum,False
2024-03-29,2024-03-29T23:41:00,2024-03-29T23:40:00,FEES,FEES,moex,medium,0.10810995129341729,0.49750386341715513,0.3943861852894274,1.0,fresh_kronos_target_free_risk_v1,past_only_cross_sectional_vol_drawdown_liquidity_momentum,False
2024-03-29,2024-03-29T23:41:00,2024-03-29T23:40:00,FLOT,FLOT,moex,medium,0.11587300732253158,0.5780488977726531,0.3060780949048153,1.0,fresh_kronos_target_free_risk_v1,past_only_cross_sectional_vol_drawdown_liquidity_momentum,False
2024-03-29,2024-03-29T23:41:00,2024-03-29T23:40:00,GAZP,GAZP,moex,low,0.6429189197788842,0.2814935483841643,0.07558753183695155,1.0,fresh_kronos_target_free_risk_v1,past_only_cross_sectional_vol_drawdown_liquidity_momentum,False
2024-03-29,2024-03-29T23:41:00,2024-03-29T23:40:00,GMKN,GMKN,moex,medium,0.11630611827585227,0.5836481936164812,0.3000456881076665,1.0,fresh_kronos_target_free_risk_v1,past_only_cross_sectional_vol_drawdown_liquidity_momentum,False
2024-03-29,2024-03-29T23:41:00,2024-03-29T23:40:00,HYDR,HYDR,moex,medium,0.12028695892346558,0.7483706632175118,0.1313423778590227,1.0,fresh_kronos_target_free_risk_v1,past_only_cross_sectional_vol_drawdown_liquidity_momentum,False
2024-03-29,2024-03-29T23:41:00,2024-03-29T23:40:00,IRAO,IRAO,moex,low,0.5525796260993141,0.3584464802273189,0.08897389367336696,1.0,fresh_kronos_target_free_risk_v1,past_only_cross_sectional_vol_drawdown_liquidity_momentum,False
2024-03-29,2024-03-29T23:41:00,2024-03-29T23:40:00,LKOH,LKOH,moex,low,0.7018110998558672,0.2322362536890057,0.06595264645512708,1.0,fresh_kronos_target_free_risk_v1,past_only_cross_sectional_vol_drawdown_liquidity_momentum,False
2024-03-29,2024-03-29T23:41:00,2024-03-29T23:40:00,MAGN,MAGN,moex,medium,0.2759878515682698,0.6061237186489695,0.11788842978276065,1.0,fresh_kronos_target_free_risk_v1,past_only_cross_sectional_vol_drawdown_liquidity_momentum,False
2024-03-29,2024-03-29T23:41:00,2024-03-29T23:40:00,MGNT,MGNT,moex,medium,0.2531794061700776,0.6276655391529264,0.11915505467699603,1.0,fresh_kronos_target_free_risk_v1,past_only_cross_sectional_vol_drawdown_liquidity_momentum,False
2024-03-29,2024-03-29T23:41:00,2024-03-29T23:40:00,MOEX,MOEX,moex,medium,0.23642172131684908,0.6436548399403286,0.11992343874282227,1.0,fresh_kronos_target_free_risk_v1,past_only_cross_sectional_vol_drawdown_liquidity_momentum,False
2024-03-29,2024-03-29T23:41:00,2024-03-29T23:40:00,MTLR,MTLR,moex,medium,0.1028141487650126,0.45373112895444934,0.44345472228053817,1.0,fresh_kronos_target_free_risk_v1,past_only_cross_sectional_vol_drawdown_liquidity_momentum,False
2024-03-29,2024-03-29T23:41:00,2024-03-29T23:40:00,MTSS,MTSS,moex,low,0.5868297727374936,0.32907320610808605,0.08409702115442043,1.0,fresh_kronos_target_free_risk_v1,past_only_cross_sectional_vol_drawdown_liquidity_momentum,False
2024-03-29,2024-03-29T23:41:00,2024-03-29T23:40:00,NLMK,NLMK,moex,medium,0.162796680507857,0.7160026596448322,0.12120065984731088,1.0,fresh_kronos_target_free_risk_v1,past_only_cross_sectional_vol_drawdown_liquidity_momentum,False
2024-03-29,2024-03-29T23:41:00,2024-03-29T23:40:00,NVTK,NVTK,moex,medium,0.12119557951374736,0.7164284111228427,0.16237600936341,1.0,fresh_kronos_target_free_risk_v1,past_only_cross_sectional_vol_drawdown_liquidity_momentum,False
2024-03-29,2024-03-29T23:41:00,2024-03-29T23:40:00,OZON,OZON,moex,medium,0.12086928625854274,0.6712651586416755,0.20786555509978177,1.0,fresh_kronos_target_free_risk_v1,past_only_cross_sectional_vol_drawdown_liquidity_momentum,False
2024-03-29,2024-03-29T23:41:00,2024-03-29T23:40:00,PHOR,PHOR,moex,medium,0.3989805093283802,0.49337829046516446,0.10764120020645551,1.0,fresh_kronos_target_free_risk_v1,past_only_cross_sectional_vol_drawdown_liquidity_momentum,False
2024-03-29,2024-03-29T23:41:00,2024-03-29T23:40:00,PIKK,PIKK,moex,medium,0.11460764006835153,0.5626716749937362,0.3227206849379123,1.0,fresh_kronos_target_free_risk_v1,past_only_cross_sectional_vol_drawdown_liquidity_momentum,False
2024-03-29,2024-03-29T23:41:00,2024-03-29T23:40:00,PLZL,PLZL,moex,medium,0.12007046686823153,0.6471445617223844,0.232784971409384,1.0,fresh_kronos_target_free_risk_v1,past_only_cross_sectional_vol_drawdown_liquidity_momentum,False
2024-03-29,2024-03-29T23:41:00,2024-03-29T23:40:00,POSI,POSI,moex,medium,0.12106179064177018,0.7247247958082784,0.15421341354995147,1.0,fresh_kronos_target_free_risk_v1,past_only_cross_sectional_vol_drawdown_liquidity_momentum,False
2024-03-29,2024-03-29T23:41:00,2024-03-29T23:40:00,RNFT,RNFT,moex,high,0.09686880071051264,0.4101790848283217,0.4929521144611655,1.0,fresh_kronos_target_free_risk_v1,past_only_cross_sectional_vol_drawdown_liquidity_momentum,False
2024-03-29,2024-03-29T23:41:00,2024-03-29T23:40:00,ROSN,ROSN,moex,medium,0.17058070098412345,0.7081550378623974,0.12126426115347902,1.0,fresh_kronos_target_free_risk_v1,past_only_cross_sectional_vol_drawdown_liquidity_momentum,False
2024-03-29,2024-03-29T23:41:00,2024-03-29T23:40:00,RTKM,RTKM,moex,medium,0.15066498969322262,0.7283531549129634,0.12098185539381415,1.0,fresh_kronos_target_free_risk_v1,past_only_cross_sectional_vol_drawdown_liquidity_momentum,False
2024-03-29,2024-03-29T23:41:00,2024-03-29T23:40:00,RUAL,RUAL,moex,medium,0.14676268779420232,0.732359459990584,0.12087785221521354,1.0,fresh_kronos_target_free_risk_v1,past_only_cross_sectional_vol_drawdown_liquidity_momentum,False
2024-03-29,2024-03-29T23:41:00,2024-03-29T23:40:00,SBER,SBER,moex,low,0.7788676383755292,0.16892882676988907,0.052203534854581665,1.0,fresh_kronos_target_free_risk_v1,past_only_cross_sectional_vol_drawdown_liquidity_momentum,False
2024-03-29,2024-03-29T23:41:00,2024-03-29T23:40:00,SGZH,SGZH,moex,medium,0.10410714611235276,0.46390285465181674,0.43198999923583065,1.0,fresh_kronos_target_free_risk_v1,past_only_cross_sectional_vol_drawdown_liquidity_momentum,False
2024-03-29,2024-03-29T23:41:00,2024-03-29T23:40:00,SIBN,SIBN,moex,high,0.0939660541682449,0.39047024648508016,0.5155636993466749,1.0,fresh_kronos_target_free_risk_v1,past_only_cross_sectional_vol_drawdown_liquidity_momentum,False
2024-03-29,2024-03-29T23:41:00,2024-03-29T23:40:00,SMLT,SMLT,moex,medium,0.11480938774809907,0.5650371251226847,0.3201534871292164,1.0,fresh_kronos_target_free_risk_v1,past_only_cross_sectional_vol_drawdown_liquidity_momentum,False
2024-03-29,2024-03-29T23:41:00,2024-03-29T23:40:00,SNGS,SNGS,moex,medium,0.11995000351976566,0.7550775605475274,0.12497243593270696,1.0,fresh_kronos_target_free_risk_v1,past_only_cross_sectional_vol_drawdown_liquidity_momentum,False
2024-03-29,2024-03-29T23:41:00,2024-03-29T23:40:00,SPBE,SPBE,moex,high,0.06708220814416377,0.2377865446297468,0.6951312472260894,1.0,fresh_kronos_target_free_risk_v1,past_only_cross_sectional_vol_drawdown_liquidity_momentum,False
2024-03-29,2024-03-29T23:41:00,2024-03-29T23:40:00,SVCB,SVCB,moex,medium,0.13291336369043127,0.7467254010025254,0.12036123530704337,1.0,fresh_kronos_target_free_risk_v1,past_only_cross_sectional_vol_drawdown_liquidity_momentum,False
2024-03-29,2024-03-29T23:41:00,2024-03-29T23:40:00,TATN,TATN,moex,medium,0.12034469447941577,0.7470980559131238,0.13255724960746032,1.0,fresh_kronos_target_free_risk_v1,past_only_cross_sectional_vol_drawdown_liquidity_momentum,False
2024-03-29,2024-03-29T23:41:00,2024-03-29T23:40:00,UGLD,UGLD,moex,medium,0.11643174649295858,0.5853099862657597,0.29825826724128174,1.0,fresh_kronos_target_free_risk_v1,past_only_cross_sectional_vol_drawdown_liquidity_momentum,False
2024-03-29,2024-03-29T23:41:00,2024-03-29T23:40:00,VKCO,VKCO,moex,medium,0.11943493032894682,0.6331331818634438,0.24743188780760944,1.0,fresh_kronos_target_free_risk_v1,past_only_cross_sectional_vol_drawdown_liquidity_momentum,False
2024-03-29,2024-03-29T23:41:00,2024-03-29T23:40:00,VTBR,VTBR,moex,medium,0.1487648595302702,0.730301778942221,0.1209333615275088,1.0,fresh_kronos_target_free_risk_v1,past_only_cross_sectional_vol_drawdown_liquidity_momentum,False
2024-03-29,2024-03-29T23:41:00,2024-03-29T23:40:00,WUSH,WUSH,moex,medium,0.12126465646351188,0.7080672229993396,0.1706681205371484,1.0,fresh_kronos_target_free_risk_v1,past_only_cross_sectional_vol_drawdown_liquidity_momentum,False
2024-04-30,2024-04-30T23:41:00,2024-04-30T23:40:00,AFKS,AFKS,moex,medium,0.1898144747953429,0.6889915211125749,0.12119400409208224,1.0,fresh_kronos_target_free_risk_v1,past_only_cross_sectional_vol_drawdown_liquidity_momentum,False
2024-04-30,2024-04-30T23:41:00,2024-04-30T23:40:00,AFLT,AFLT,moex,medium,0.12102464290059886,0.6782167400663002,0.2007586170331009,1.0,fresh_kronos_target_free_risk_v1,past_only_cross_sectional_vol_drawdown_liquidity_momentum,False
2024-04-30,2024-04-30T23:41:00,2024-04-30T23:40:00,ALRS,ALRS,moex,medium,0.29029925723007804,0.592724968264087,0.11697577450583493,1.0,fresh_kronos_target_free_risk_v1,past_only_cross_sectional_vol_drawdown_liquidity_momentum,False
2024-04-30,2024-04-30T23:41:00,2024-04-30T23:40:00,ASTR,ASTR,moex,high,0.06585077073514935,0.23173843825755666,0.702410791007294,1.0,fresh_kronos_target_free_risk_v1,past_only_cross_sectional_vol_drawdown_liquidity_momentum,False
2024-04-30,2024-04-30T23:41:00,2024-04-30T23:40:00,BSPB,BSPB,moex,medium,0.12109597499633623,0.7229550504535951,0.15594897455006876,1.0,fresh_kronos_target_free_risk_v1,past_only_cross_sectional_vol_drawdown_liquidity_momentum,False
2024-04-30,2024-04-30T23:41:00,2024-04-30T23:40:00,CBOM,CBOM,moex,medium,0.11383489750189647,0.5538705245842069,0.33229457791389666,1.0,fresh_kronos_target_free_risk_v1,past_only_cross_sectional_vol_drawdown_liquidity_momentum,False
2024-04-30,2024-04-30T23:41:00,2024-04-30T23:40:00,CHMF,CHMF,moex,medium,0.4429361973823887,0.4541904687696082,0.10287333384800312,1.0,fresh_kronos_target_free_risk_v1,past_only_cross_sectional_vol_drawdown_liquidity_momentum,False
2024-04-30,2024-04-30T23:41:00,2024-04-30T23:40:00,ENPG,ENPG,moex,high,0.07755369883452133,0.29211641455292214,0.6303298866125566,1.0,fresh_kronos_target_free_risk_v1,past_only_cross_sectional_vol_drawdown_liquidity_momentum,False
2024-04-30,2024-04-30T23:41:00,2024-04-30T23:40:00,FEES,FEES,moex,high,0.09897441274856619,0.4250654588234219,0.4759601284280118,1.0,fresh_kronos_target_free_risk_v1,past_only_cross_sectional_vol_drawdown_liquidity_momentum,False
2024-04-30,2024-04-30T23:41:00,2024-04-30T23:40:00,FLOT,FLOT,moex,medium,0.11413504040373545,0.557242489350557,0.3286224702457075,1.0,fresh_kronos_target_free_risk_v1,past_only_cross_sectional_vol_drawdown_liquidity_momentum,False
2024-04-30,2024-04-30T23:41:00,2024-04-30T23:40:00,GAZP,GAZP,moex,low,0.6765916727089176,0.2532407648653719,0.07016756242571041,1.0,fresh_kronos_target_free_risk_v1,past_only_cross_sectional_vol_drawdown_liquidity_momentum,False
2024-04-30,2024-04-30T23:41:00,2024-04-30T23:40:00,GMKN,GMKN,moex,medium,0.11948413882428949,0.6341315089741122,0.24638435220159843,0.9,fresh_kronos_target_free_risk_v1,past_only_cross_sectional_vol_drawdown_liquidity_momentum,False
2024-04-30,2024-04-30T23:41:00,2024-04-30T23:40:00,HYDR,HYDR,moex,medium,0.15520654332443298,0.7237117162335261,0.12108174044204098,1.0,fresh_kronos_target_free_risk_v1,past_only_cross_sectional_vol_drawdown_liquidity_momentum,False
2024-04-30,2024-04-30T23:41:00,2024-04-30T23:40:00,IRAO,IRAO,moex,medium,0.4459409130008845,0.4515296346242881,0.10252945237482737,1.0,fresh_kronos_target_free_risk_v1,past_only_cross_sectional_vol_drawdown_liquidity_momentum,False
2024-04-30,2024-04-30T23:41:00,2024-04-30T23:40:00,LKOH,LKOH,moex,low,0.7308547319665004,0.20821648907358664,0.060928778959912964,1.0,fresh_kronos_target_free_risk_v1,past_only_cross_sectional_vol_drawdown_liquidity_momentum,False
2024-04-30,2024-04-30T23:41:00,2024-04-30T23:40:00,MAGN,MAGN,moex,medium,0.12038102989851449,0.6552199969100793,0.2243989731914062,1.0,fresh_kronos_target_free_risk_v1,past_only_cross_sectional_vol_drawdown_liquidity_momentum,False
2024-04-30,2024-04-30T23:41:00,2024-04-30T23:40:00,MGNT,MGNT,moex,medium,0.4111660063185694,0.4824639158474293,0.10637007783400118,1.0,fresh_kronos_target_free_risk_v1,past_only_cross_sectional_vol_drawdown_liquidity_momentum,False
2024-04-30,2024-04-30T23:41:00,2024-04-30T23:40:00,MOEX,MOEX,moex,medium,0.22013518905010696,0.659341660630727,0.12052315031916604,1.0,fresh_kronos_target_free_risk_v1,past_only_cross_sectional_vol_drawdown_liquidity_momentum,False
2024-04-30,2024-04-30T23:41:00,2024-04-30T23:40:00,MTLR,MTLR,moex,medium,0.10893802924599127,0.5049370292654498,0.38612494148855886,1.0,fresh_kronos_target_free_risk_v1,past_only_cross_sectional_vol_drawdown_liquidity_momentum,False
2024-04-30,2024-04-30T23:41:00,2024-04-30T23:40:00,MTSS,MTSS,moex,low,0.46660848331041416,0.43328669906618605,0.10010481762339976,1.0,fresh_kronos_target_free_risk_v1,past_only_cross_sectional_vol_drawdown_liquidity_momentum,False
2024-04-30,2024-04-30T23:41:00,2024-04-30T23:40:00,NLMK,NLMK,moex,medium,0.26871934647250384,0.6129625719753856,0.11831808155211065,1.0,fresh_kronos_target_free_risk_v1,past_only_cross_sectional_vol_drawdown_liquidity_momentum,False
2024-04-30,2024-04-30T23:41:00,2024-04-30T23:40:00,NVTK,NVTK,moex,medium,0.13989722994784168,0.7394510460509374,0.12065172400122086,1.0,fresh_kronos_target_free_risk_v1,past_only_cross_sectional_vol_drawdown_liquidity_momentum,False
2024-04-30,2024-04-30T23:41:00,2024-04-30T23:40:00,OZON,OZON,moex,medium,0.2343140139722674,0.6456764451756302,0.12000954085210253,1.0,fresh_kronos_target_free_risk_v1,past_only_cross_sectional_vol_drawdown_liquidity_momentum,False
2024-04-30,2024-04-30T23:41:00,2024-04-30T23:40:00,PHOR,PHOR,moex,medium,0.33436289790177764,0.5519732864959905,0.11366381560223174,1.0,fresh_kronos_target_free_risk_v1,past_only_cross_sectional_vol_drawdown_liquidity_momentum,False
2024-04-30,2024-04-30T23:41:00,2024-04-30T23:40:00,PIKK,PIKK,moex,medium,0.10871262668601,0.5028946352627418,0.3883927380512482,1.0,fresh_kronos_target_free_risk_v1,past_only_cross_sectional_vol_drawdown_liquidity_momentum,False
2024-04-30,2024-04-30T23:41:00,2024-04-30T23:40:00,PLZL,PLZL,moex,high,0.09696499827235705,0.41084778705551417,0.49218721467212884,1.0,fresh_kronos_target_free_risk_v1,past_only_cross_sectional_vol_drawdown_liquidity_momentum,False
2024-04-30,2024-04-30T23:41:00,2024-04-30T23:40:00,POSI,POSI,moex,medium,0.12126844889946897,0.6987913002740406,0.1799402508264905,1.0,fresh_kronos_target_free_risk_v1,past_only_cross_sectional_vol_drawdown_liquidity_momentum,False
2024-04-30,2024-04-30T23:41:00,2024-04-30T23:40:00,RNFT,RNFT,moex,medium,0.104450195295966,0.466651667351519,0.4288981373525149,1.0,fresh_kronos_target_free_risk_v1,past_only_cross_sectional_vol_drawdown_liquidity_momentum,False
2024-04-30,2024-04-30T23:41:00,2024-04-30T23:40:00,ROSN,ROSN,moex,medium,0.3656153118863667,0.5234758048229952,0.11090888329063804,1.0,fresh_kronos_target_free_risk_v1,past_only_cross_sectional_vol_drawdown_liquidity_momentum,False
2024-04-30,2024-04-30T23:41:00,2024-04-30T23:40:00,RTKM,RTKM,moex,medium,0.16687951936139084,0.7118793713090258,0.12124110932958335,1.0,fresh_kronos_target_free_risk_v1,past_only_cross_sectional_vol_drawdown_liquidity_momentum,False
2024-04-30,2024-04-30T23:41:00,2024-04-30T23:40:00,RUAL,RUAL,moex,medium,0.14467336833073588,0.7345116392285896,0.12081499244067459,1.0,fresh_kronos_target_free_risk_v1,past_only_cross_sectional_vol_drawdown_liquidity_momentum,False
2024-04-30,2024-04-30T23:41:00,2024-04-30T23:40:00,SBER,SBER,moex,low,0.6671386886772451,0.2611484089644849,0.07171290235826995,1.0,fresh_kronos_target_free_risk_v1,past_only_cross_sectional_vol_drawdown_liquidity_momentum,False
2024-04-30,2024-04-30T23:41:00,2024-04-30T23:40:00,SGZH,SGZH,moex,medium,0.11888725374901253,0.6227236676334889,0.2583890786174986,1.0,fresh_kronos_target_free_risk_v1,past_only_cross_sectional_vol_drawdown_liquidity_momentum,False
2024-04-30,2024-04-30T23:41:00,2024-04-30T23:40:00,SIBN,SIBN,moex,medium,0.11136770218440237,0.5279880878498515,0.3606442099657461,1.0,fresh_kronos_target_free_risk_v1,past_only_cross_sectional_vol_drawdown_liquidity_momentum,False
2024-04-30,2024-04-30T23:41:00,2024-04-30T23:40:00,SMLT,SMLT,moex,medium,0.11965737989792145,0.6377469549972182,0.24259566510486028,1.0,fresh_kronos_target_free_risk_v1,past_only_cross_sectional_vol_drawdown_liquidity_momentum,False
2024-04-30,2024-04-30T23:41:00,2024-04-30T23:40:00,SNGS,SNGS,moex,medium,0.11890409535720531,0.6230270732398628,0.2580688314029319,1.0,fresh_kronos_target_free_risk_v1,past_only_cross_sectional_vol_drawdown_liquidity_momentum,False
2024-04-30,2024-04-30T23:41:00,2024-04-30T23:40:00,SPBE,SPBE,moex,high,0.047537459953684066,0.14911232023194326,0.8033502198143726,1.0,fresh_kronos_target_free_risk_v1,past_only_cross_sectional_vol_drawdown_liquidity_momentum,False
2024-04-30,2024-04-30T23:41:00,2024-04-30T23:40:00,SVCB,SVCB,moex,medium,0.21054830325358848,0.6686498637045757,0.12080183304183599,1.0,fresh_kronos_target_free_risk_v1,past_only_cross_sectional_vol_drawdown_liquidity_momentum,False
2024-04-30,2024-04-30T23:41:00,2024-04-30T23:40:00,T,T,moex,medium,0.12121375895034117,0.7148312486583933,0.16395499239126562,0.7333333333333333,fresh_kronos_target_free_risk_v1,past_only_cross_sectional_vol_drawdown_liquidity_momentum,False
2024-04-30,2024-04-30T23:41:00,2024-04-30T23:40:00,TATN,TATN,moex,medium,0.2857200947714404,0.597002757845848,0.1172771473827117,1.0,fresh_kronos_target_free_risk_v1,past_only_cross_sectional_vol_drawdown_liquidity_momentum,False
2024-04-30,2024-04-30T23:41:00,2024-04-30T23:40:00,UGLD,UGLD,moex,high,0.09602489399113982,0.4043570922839553,0.4996180137249047,1.0,fresh_kronos_target_free_risk_v1,past_only_cross_sectional_vol_drawdown_liquidity_momentum,False
2024-04-30,2024-04-30T23:41:00,2024-04-30T23:40:00,VKCO,VKCO,moex,medium,0.11208230827121472,0.5351865163615452,0.35273117536724,1.0,fresh_kronos_target_free_risk_v1,past_only_cross_sectional_vol_drawdown_liquidity_momentum,False
2024-04-30,2024-04-30T23:41:00,2024-04-30T23:40:00,VTBR,VTBR,moex,medium,0.13581205236578536,0.7436984164364198,0.12048953119779496,1.0,fresh_kronos_target_free_risk_v1,past_only_cross_sectional_vol_drawdown_liquidity_momentum,False
2024-04-30,2024-04-30T23:41:00,2024-04-30T23:40:00,WUSH,WUSH,moex,medium,0.11148219379264927,0.5291270205961939,0.3593907856111568,1.0,fresh_kronos_target_free_risk_v1,past_only_cross_sectional_vol_drawdown_liquidity_momentum,False
2024-05-31,2024-05-31T23:41:00,2024-05-31T23:40:00,AFKS,AFKS,moex,medium,0.1173586203006678,0.5981823786171858,0.2844590010821463,1.0,fresh_kronos_target_free_risk_v1,past_only_cross_sectional_vol_drawdown_liquidity_momentum,False
2024-05-31,2024-05-31T23:41:00,2024-05-31T23:40:00,AFLT,AFLT,moex,medium,0.1712332762049218,0.7074996781347385,0.12126704566033977,1.0,fresh_kronos_target_free_risk_v1,past_only_cross_sectional_vol_drawdown_liquidity_momentum,False
2024-05-31,2024-05-31T23:41:00,2024-05-31T23:40:00,ALRS,ALRS,moex,medium,0.4372654593986322,0.45921828804352494,0.10351625255784284,1.0,fresh_kronos_target_free_risk_v1,past_only_cross_sectional_vol_drawdown_liquidity_momentum,False
2024-05-31,2024-05-31T23:41:00,2024-05-31T23:40:00,ASTR,ASTR,moex,medium,0.11608271673444721,0.5807357441996752,0.30318153906587747,1.0,fresh_kronos_target_free_risk_v1,past_only_cross_sectional_vol_drawdown_liquidity_momentum,False
2024-05-31,2024-05-31T23:41:00,2024-05-31T23:40:00,BSPB,BSPB,moex,medium,0.11822660037313439,0.6114724694189859,0.2703009302078797,1.0,fresh_kronos_target_free_risk_v1,past_only_cross_sectional_vol_drawdown_liquidity_momentum,False
2024-05-31,2024-05-31T23:41:00,2024-05-31T23:40:00,CBOM,CBOM,moex,medium,0.11818107961916459,0.6107381688135907,0.2710807515672447,1.0,fresh_kronos_target_free_risk_v1,past_only_cross_sectional_vol_drawdown_liquidity_momentum,False
2024-05-31,2024-05-31T23:41:00,2024-05-31T23:40:00,CHMF,CHMF,moex,medium,0.21900363012363985,0.6604373447135126,0.12055902516284739,1.0,fresh_kronos_target_free_risk_v1,past_only_cross_sectional_vol_drawdown_liquidity_momentum,False
2024-05-31,2024-05-31T23:41:00,2024-05-31T23:40:00,ENPG,ENPG,moex,medium,0.1110446009738066,0.524802052660564,0.36415334636562924,1.0,fresh_kronos_target_free_risk_v1,past_only_cross_sectional_vol_drawdown_liquidity_momentum,False
2024-05-31,2024-05-31T23:41:00,2024-05-31T23:40:00,FEES,FEES,moex,medium,0.10494479253323155,0.47065400215111713,0.42440120531565134,1.0,fresh_kronos_target_free_risk_v1,past_only_cross_sectional_vol_drawdown_liquidity_momentum,False
2024-05-31,2024-05-31T23:41:00,2024-05-31T23:40:00,FLOT,FLOT,moex,medium,0.3425318014751218,0.5444940989936035,0.11297409953127481,1.0,fresh_kronos_target_free_risk_v1,past_only_cross_sectional_vol_drawdown_liquidity_momentum,False
2024-05-31,2024-05-31T23:41:00,2024-05-31T23:40:00,GAZP,GAZP,moex,medium,0.11560081679437788,0.5746252417082169,0.3097739414974053,1.0,fresh_kronos_target_free_risk_v1,past_only_cross_sectional_vol_drawdown_liquidity_momentum,False
2024-05-31,2024-05-31T23:41:00,2024-05-31T23:40:00,GMKN,GMKN,moex,medium,0.15404099001353927,0.7249007896068145,0.12105822037964624,0.9833333333333333,fresh_kronos_target_free_risk_v1,past_only_cross_sectional_vol_drawdown_liquidity_momentum,False
2024-05-31,2024-05-31T23:41:00,2024-05-31T23:40:00,HYDR,HYDR,moex,medium,0.11065987818781019,0.5210604114202204,0.36827971039196944,1.0,fresh_kronos_target_free_risk_v1,past_only_cross_sectional_vol_drawdown_liquidity_momentum,False
2024-05-31,2024-05-31T23:41:00,2024-05-31T23:40:00,IRAO,IRAO,moex,low,0.48035469407364956,0.4212091181964972,0.09843618772985319,1.0,fresh_kronos_target_free_risk_v1,past_only_cross_sectional_vol_drawdown_liquidity_momentum,False
2024-05-31,2024-05-31T23:41:00,2024-05-31T23:40:00,LKOH,LKOH,moex,low,0.6006576382999002,0.31728317600893685,0.08205918569116298,1.0,fresh_kronos_target_free_risk_v1,past_only_cross_sectional_vol_drawdown_liquidity_momentum,False
2024-05-31,2024-05-31T23:41:00,2024-05-31T23:40:00,MAGN,MAGN,moex,medium,0.2768141634195911,0.6053477283215639,0.11783810825884503,1.0,fresh_kronos_target_free_risk_v1,past_only_cross_sectional_vol_drawdown_liquidity_momentum,False
2024-05-31,2024-05-31T23:41:00,2024-05-31T23:40:00,MGNT,MGNT,moex,medium,0.12068963882660759,0.6646588275174772,0.21465153365591522,1.0,fresh_kronos_target_free_risk_v1,past_only_cross_sectional_vol_drawdown_liquidity_momentum,False
2024-05-31,2024-05-31T23:41:00,2024-05-31T23:40:00,MOEX,MOEX,moex,low,0.745966607775962,0.19579283948295798,0.058240552741079886,1.0,fresh_kronos_target_free_risk_v1,past_only_cross_sectional_vol_drawdown_liquidity_momentum,False
2024-05-31,2024-05-31T23:41:00,2024-05-31T23:40:00,MTLR,MTLR,moex,high,0.09797308405086606,0.4179197405104652,0.4841071754386689,1.0,fresh_kronos_target_free_risk_v1,past_only_cross_sectional_vol_drawdown_liquidity_momentum,False
2024-05-31,2024-05-31T23:41:00,2024-05-31T23:40:00,MTSS,MTSS,moex,low,0.5232783217709606,0.38377173947779,0.09294993875124952,1.0,fresh_kronos_target_free_risk_v1,past_only_cross_sectional_vol_drawdown_liquidity_momentum,False
2024-05-31,2024-05-31T23:41:00,2024-05-31T23:40:00,NLMK,NLMK,moex,high,0.0948232530873806,0.39619931816619425,0.5089774287464252,1.0,fresh_kronos_target_free_risk_v1,past_only_cross_sectional_vol_drawdown_liquidity_momentum,False
2024-05-31,2024-05-31T23:41:00,2024-05-31T23:40:00,NVTK,NVTK,moex,medium,0.12028039329695256,0.7485127271392168,0.13120687956383065,1.0,fresh_kronos_target_free_risk_v1,past_only_cross_sectional_vol_drawdown_liquidity_momentum,False
2024-05-31,2024-05-31T23:41:00,2024-05-31T23:40:00,OZON,OZON,moex,medium,0.24826455367404737,0.632340030875731,0.11939541545022163,1.0,fresh_kronos_target_free_risk_v1,past_only_cross_sectional_vol_drawdown_liquidity_momentum,False
2024-05-31,2024-05-31T23:41:00,2024-05-31T23:40:00,PHOR,PHOR,moex,medium,0.2095094640594233,0.6696620225664207,0.12082851337415607,1.0,fresh_kronos_target_free_risk_v1,past_only_cross_sectional_vol_drawdown_liquidity_momentum,False
2024-05-31,2024-05-31T23:41:00,2024-05-31T23:40:00,PIKK,PIKK,moex,medium,0.12109998368931649,0.6823432258381608,0.19655679047252267,1.0,fresh_kronos_target_free_risk_v1,past_only_cross_sectional_vol_drawdown_liquidity_momentum,False
2024-05-31,2024-05-31T23:41:00,2024-05-31T23:40:00,PLZL,PLZL,moex,medium,0.12081935541878457,0.6693114953763823,0.2098691492048331,1.0,fresh_kronos_target_free_risk_v1,past_only_cross_sectional_vol_drawdown_liquidity_momentum,False
2024-05-31,2024-05-31T23:41:00,2024-05-31T23:40:00,POSI,POSI,moex,medium,0.13342658275416375,0.7461886467833067,0.12038477046252959,1.0,fresh_kronos_target_free_risk_v1,past_only_cross_sectional_vol_drawdown_liquidity_momentum,False
2024-05-31,2024-05-31T23:41:00,2024-05-31T23:40:00,RNFT,RNFT,moex,high,0.09426132622123676,0.3924354434071462,0.5133032303716171,1.0,fresh_kronos_target_free_risk_v1,past_only_cross_sectional_vol_drawdown_liquidity_momentum,False
2024-05-31,2024-05-31T23:41:00,2024-05-31T23:40:00,ROSN,ROSN,moex,low,0.7320900820215078,0.20719895517495426,0.060710962803537966,1.0,fresh_kronos_target_free_risk_v1,past_only_cross_sectional_vol_drawdown_liquidity_momentum,False
2024-05-31,2024-05-31T23:41:00,2024-05-31T23:40:00,RTKM,RTKM,moex,medium,0.1155127073226816,0.5735316383385233,0.3109556543387951,1.0,fresh_kronos_target_free_risk_v1,past_only_cross_sectional_vol_drawdown_liquidity_momentum,False
2024-05-31,2024-05-31T23:41:00,2024-05-31T23:40:00,RUAL,RUAL,moex,medium,0.20727017286443455,0.671846215041441,0.12088361209412449,1.0,fresh_kronos_target_free_risk_v1,past_only_cross_sectional_vol_drawdown_liquidity_momentum,False
2024-05-31,2024-05-31T23:41:00,2024-05-31T23:40:00,SBER,SBER,moex,low,0.8431716325240758,0.11723135704429984,0.03959701043162433,1.0,fresh_kronos_target_free_risk_v1,past_only_cross_sectional_vol_drawdown_liquidity_momentum,False
2024-05-31,2024-05-31T23:41:00,2024-05-31T23:40:00,SGZH,SGZH,moex,high,0.04123833130594705,0.12363252403833347,0.8351291446557194,1.0,fresh_kronos_target_free_risk_v1,past_only_cross_sectional_vol_drawdown_liquidity_momentum,False
2024-05-31,2024-05-31T23:41:00,2024-05-31T23:40:00,SIBN,SIBN,moex,medium,0.12087463021592094,0.7324740329119644,0.1466513368721146,1.0,fresh_kronos_target_free_risk_v1,past_only_cross_sectional_vol_drawdown_liquidity_momentum,False
2024-05-31,2024-05-31T23:41:00,2024-05-31T23:40:00,SMLT,SMLT,moex,medium,0.11917628027157308,0.6280686085482373,0.2527551111801897,1.0,fresh_kronos_target_free_risk_v1,past_only_cross_sectional_vol_drawdown_liquidity_momentum,False
2024-05-31,2024-05-31T23:41:00,2024-05-31T23:40:00,SNGS,SNGS,moex,medium,0.11625525839117891,0.5829804221754986,0.30076431943332244,1.0,fresh_kronos_target_free_risk_v1,past_only_cross_sectional_vol_drawdown_liquidity_momentum,False
2024-05-31,2024-05-31T23:41:00,2024-05-31T23:40:00,SPBE,SPBE,moex,high,0.07845253640659382,0.2970432474490264,0.6245042161443799,1.0,fresh_kronos_target_free_risk_v1,past_only_cross_sectional_vol_drawdown_liquidity_momentum,False
2024-05-31,2024-05-31T23:41:00,2024-05-31T23:40:00,SVCB,SVCB,moex,medium,0.12074373349852593,0.6665339749641142,0.2127222915373599,1.0,fresh_kronos_target_free_risk_v1,past_only_cross_sectional_vol_drawdown_liquidity_momentum,False
2024-05-31,2024-05-31T23:41:00,2024-05-31T23:40:00,T,T,moex,medium,0.13775277726982688,0.7416779764431238,0.12056924628704922,0.9,fresh_kronos_target_free_risk_v1,past_only_cross_sectional_vol_drawdown_liquidity_momentum,False
2024-05-31,2024-05-31T23:41:00,2024-05-31T23:40:00,TATN,TATN,moex,low,0.46334787806387345,0.4361579967312423,0.10049412520488414,1.0,fresh_kronos_target_free_risk_v1,past_only_cross_sectional_vol_drawdown_liquidity_momentum,False
2024-05-31,2024-05-31T23:41:00,2024-05-31T23:40:00,UGLD,UGLD,moex,medium,0.1131076503783781,0.5459220367187742,0.3409703129028478,1.0,fresh_kronos_target_free_risk_v1,past_only_cross_sectional_vol_drawdown_liquidity_momentum,False
2024-05-31,2024-05-31T23:41:00,2024-05-31T23:40:00,VKCO,VKCO,moex,medium,0.11380811607177084,0.5535723652616368,0.3326195186665924,1.0,fresh_kronos_target_free_risk_v1,past_only_cross_sectional_vol_drawdown_liquidity_momentum,False
2024-05-31,2024-05-31T23:41:00,2024-05-31T23:40:00,VTBR,VTBR,moex,medium,0.18704561641251555,0.6917317189743694,0.12122266461311516,1.0,fresh_kronos_target_free_risk_v1,past_only_cross_sectional_vol_drawdown_liquidity_momentum,False
2024-05-31,2024-05-31T23:41:00,2024-05-31T23:40:00,WUSH,WUSH,moex,high,0.07599755540450116,0.2836916946342896,0.6403107499612093,1.0,fresh_kronos_target_free_risk_v1,past_only_cross_sectional_vol_drawdown_liquidity_momentum,False
2024-06-28,2024-06-28T23:41:00,2024-06-28T23:40:00,AFKS,AFKS,moex,medium,0.11299711632380698,0.5447395299234151,0.34226335375277794,1.0,fresh_kronos_target_free_risk_v1,past_only_cross_sectional_vol_drawdown_liquidity_momentum,False
2024-06-28,2024-06-28T23:41:00,2024-06-28T23:40:00,AFLT,AFLT,moex,medium,0.23371418715732728,0.6462522164326161,0.1200335964100566,1.0,fresh_kronos_target_free_risk_v1,past_only_cross_sectional_vol_drawdown_liquidity_momentum,False
2024-06-28,2024-06-28T23:41:00,2024-06-28T23:40:00,ALRS,ALRS,moex,medium,0.36060374781697735,0.5280248464974621,0.11137140568556067,1.0,fresh_kronos_target_free_risk_v1,past_only_cross_sectional_vol_drawdown_liquidity_momentum,False
2024-06-28,2024-06-28T23:41:00,2024-06-28T23:40:00,ASTR,ASTR,moex,medium,0.1206533937891511,0.663447147589076,0.21589945862177298,1.0,fresh_kronos_target_free_risk_v1,past_only_cross_sectional_vol_drawdown_liquidity_momentum,False
2024-06-28,2024-06-28T23:41:00,2024-06-28T23:40:00,BSPB,BSPB,moex,medium,0.16098800069353622,0.7178344154221008,0.12117758388436313,1.0,fresh_kronos_target_free_risk_v1,past_only_cross_sectional_vol_drawdown_liquidity_momentum,False
2024-06-28,2024-06-28T23:41:00,2024-06-28T23:40:00,CBOM,CBOM,moex,medium,0.11523656208368756,0.5701481093356,0.31461532858071245,1.0,fresh_kronos_target_free_risk_v1,past_only_cross_sectional_vol_drawdown_liquidity_momentum,False
2024-06-28,2024-06-28T23:41:00,2024-06-28T23:40:00,CHMF,CHMF,moex,high,0.09613891560646062,0.40513913313740374,0.49872195125613566,1.0,fresh_kronos_target_free_risk_v1,past_only_cross_sectional_vol_drawdown_liquidity_momentum,False
2024-06-28,2024-06-28T23:41:00,2024-06-28T23:40:00,ENPG,ENPG,moex,medium,0.1029717984423478,0.4549559512177196,0.4420722503399327,1.0,fresh_kronos_target_free_risk_v1,past_only_cross_sectional_vol_drawdown_liquidity_momentum,False
2024-06-28,2024-06-28T23:41:00,2024-06-28T23:40:00,FEES,FEES,moex,high,0.08296785815963383,0.32250737654419825,0.5945247652961678,1.0,fresh_kronos_target_free_risk_v1,past_only_cross_sectional_vol_drawdown_liquidity_momentum,False
2024-06-28,2024-06-28T23:41:00,2024-06-28T23:40:00,FLOT,FLOT,moex,medium,0.13670651696491254,0.7427666053109042,0.1205268777241833,1.0,fresh_kronos_target_free_risk_v1,past_only_cross_sectional_vol_drawdown_liquidity_momentum,False
2024-06-28,2024-06-28T23:41:00,2024-06-28T23:40:00,GAZP,GAZP,moex,medium,0.12002038546142794,0.7537643522725178,0.12621526226605417,1.0,fresh_kronos_target_free_risk_v1,past_only_cross_sectional_vol_drawdown_liquidity_momentum,False
2024-06-28,2024-06-28T23:41:00,2024-06-28T23:40:00,GMKN,GMKN,moex,medium,0.16474299199482476,0.7140350778786443,0.12122193012653086,0.9833333333333333,fresh_kronos_target_free_risk_v1,past_only_cross_sectional_vol_drawdown_liquidity_momentum,False
2024-06-28,2024-06-28T23:41:00,2024-06-28T23:40:00,HYDR,HYDR,moex,medium,0.12116047377614002,0.7190522880004511,0.15978723822340882,1.0,fresh_kronos_target_free_risk_v1,past_only_cross_sectional_vol_drawdown_liquidity_momentum,False
2024-06-28,2024-06-28T23:41:00,2024-06-28T23:40:00,IRAO,IRAO,moex,medium,0.11981345536130873,0.757516322863845,0.12267022177484634,1.0,fresh_kronos_target_free_risk_v1,past_only_cross_sectional_vol_drawdown_liquidity_momentum,False
2024-06-28,2024-06-28T23:41:00,2024-06-28T23:40:00,LKOH,LKOH,moex,low,0.4768547413363157,0.42428005199772223,0.09886520666596198,1.0,fresh_kronos_target_free_risk_v1,past_only_cross_sectional_vol_drawdown_liquidity_momentum,False
2024-06-28,2024-06-28T23:41:00,2024-06-28T23:40:00,MAGN,MAGN,moex,medium,0.2829289877869848,0.5996144400232553,0.11745657218975994,1.0,fresh_kronos_target_free_risk_v1,past_only_cross_sectional_vol_drawdown_liquidity_momentum,False
2024-06-28,2024-06-28T23:41:00,2024-06-28T23:40:00,MGNT,MGNT,moex,medium,0.1070924324899791,0.4886190884444097,0.40428847906561105,1.0,fresh_kronos_target_free_risk_v1,past_only_cross_sectional_vol_drawdown_liquidity_momentum,False
2024-06-28,2024-06-28T23:41:00,2024-06-28T23:40:00,MOEX,MOEX,moex,low,0.5755355376525261,0.3387322824451598,0.08573217990231408,1.0,fresh_kronos_target_free_risk_v1,past_only_cross_sectional_vol_drawdown_liquidity_momentum,False
2024-06-28,2024-06-28T23:41:00,2024-06-28T23:40:00,MTLR,MTLR,moex,medium,0.12117758388436313,0.7178344154221005,0.16098800069353636,1.0,fresh_kronos_target_free_risk_v1,past_only_cross_sectional_vol_drawdown_liquidity_momentum,False
2024-06-28,2024-06-28T23:41:00,2024-06-28T23:40:00,MTSS,MTSS,moex,low,0.5933892623985635,0.3234754880322095,0.08313524956922719,1.0,fresh_kronos_target_free_risk_v1,past_only_cross_sectional_vol_drawdown_liquidity_momentum,False
2024-06-28,2024-06-28T23:41:00,2024-06-28T23:40:00,NLMK,NLMK,moex,high,0.09972527935491939,0.4305074605081804,0.4697672601369003,1.0,fresh_kronos_target_free_risk_v1,past_only_cross_sectional_vol_drawdown_liquidity_momentum,False
2024-06-28,2024-06-28T23:41:00,2024-06-28T23:40:00,NVTK,NVTK,moex,medium,0.12134406691261673,0.758924853990643,0.11973107909674029,1.0,fresh_kronos_target_free_risk_v1,past_only_cross_sectional_vol_drawdown_liquidity_momentum,False
2024-06-28,2024-06-28T23:41:00,2024-06-28T23:40:00,OZON,OZON,moex,medium,0.11967888977156874,0.7597949552674141,0.12052615496101711,1.0,fresh_kronos_target_free_risk_v1,past_only_cross_sectional_vol_drawdown_liquidity_momentum,False
2024-06-28,2024-06-28T23:41:00,2024-06-28T23:40:00,PHOR,PHOR,moex,medium,0.12095474151112363,0.7294620521470644,0.14958320634181188,1.0,fresh_kronos_target_free_risk_v1,past_only_cross_sectional_vol_drawdown_liquidity_momentum,False
2024-06-28,2024-06-28T23:41:00,2024-06-28T23:40:00,PIKK,PIKK,moex,medium,0.20709745610766414,0.6720148201106532,0.12088772378168267,1.0,fresh_kronos_target_free_risk_v1,past_only_cross_sectional_vol_drawdown_liquidity_momentum,False
2024-06-28,2024-06-28T23:41:00,2024-06-28T23:40:00,PLZL,PLZL,moex,medium,0.11204836920353692,0.5348396645728565,0.35311196622360663,1.0,fresh_kronos_target_free_risk_v1,past_only_cross_sectional_vol_drawdown_liquidity_momentum,False
2024-06-28,2024-06-28T23:41:00,2024-06-28T23:40:00,POSI,POSI,moex,medium,0.12512721745849736,0.7549138876844954,0.11995889485700728,1.0,fresh_kronos_target_free_risk_v1,past_only_cross_sectional_vol_drawdown_liquidity_momentum,False
2024-06-28,2024-06-28T23:41:00,2024-06-28T23:40:00,RNFT,RNFT,moex,medium,0.11265320029649983,0.541100476232061,0.3462463234714391,1.0,fresh_kronos_target_free_risk_v1,past_only_cross_sectional_vol_drawdown_liquidity_momentum,False
2024-06-28,2024-06-28T23:41:00,2024-06-28T23:40:00,ROSN,ROSN,moex,low,0.7267545341839295,0.2115961885921753,0.061649277223895176,1.0,fresh_kronos_target_free_risk_v1,past_only_cross_sectional_vol_drawdown_liquidity_momentum,False
2024-06-28,2024-06-28T23:41:00,2024-06-28T23:40:00,RTKM,RTKM,moex,medium,0.11072251071023263,0.521665807752845,0.36761168153692236,1.0,fresh_kronos_target_free_risk_v1,past_only_cross_sectional_vol_drawdown_liquidity_momentum,False
2024-06-28,2024-06-28T23:41:00,2024-06-28T23:40:00,RUAL,RUAL,moex,low,0.5145597006872065,0.39134296041466277,0.09409733889813086,1.0,fresh_kronos_target_free_risk_v1,past_only_cross_sectional_vol_drawdown_liquidity_momentum,False
2024-06-28,2024-06-28T23:41:00,2024-06-28T23:40:00,SBER,SBER,moex,low,0.8685803821580703,0.09714685188559755,0.034272765956332156,1.0,fresh_kronos_target_free_risk_v1,past_only_cross_sectional_vol_drawdown_liquidity_momentum,False
2024-06-28,2024-06-28T23:41:00,2024-06-28T23:40:00,SGZH,SGZH,moex,high,0.050815511434777604,0.16294912162589423,0.786235366939328,1.0,fresh_kronos_target_free_risk_v1,past_only_cross_sectional_vol_drawdown_liquidity_momentum,False
2024-06-28,2024-06-28T23:41:00,2024-06-28T23:40:00,SIBN,SIBN,moex,medium,0.33073777033792734,0.5552995206091641,0.11396270905290842,1.0,fresh_kronos_target_free_risk_v1,past_only_cross_sectional_vol_drawdown_liquidity_momentum,False
2024-06-28,2024-06-28T23:41:00,2024-06-28T23:40:00,SMLT,SMLT,moex,medium,0.1130849452502845,0.5456786084793186,0.3412364462703969,1.0,fresh_kronos_target_free_risk_v1,past_only_cross_sectional_vol_drawdown_liquidity_momentum,False
2024-06-28,2024-06-28T23:41:00,2024-06-28T23:40:00,SNGS,SNGS,moex,medium,0.10940931178458621,0.5092558531363036,0.38133483507911015,1.0,fresh_kronos_target_free_risk_v1,past_only_cross_sectional_vol_drawdown_liquidity_momentum,False
2024-06-28,2024-06-28T23:41:00,2024-06-28T23:40:00,SPBE,SPBE,moex,high,0.09177491494387155,0.376145247834748,0.5320798372213804,1.0,fresh_kronos_target_free_risk_v1,past_only_cross_sectional_vol_drawdown_liquidity_momentum,False
2024-06-28,2024-06-28T23:41:00,2024-06-28T23:40:00,SVCB,SVCB,moex,medium,0.11436722649326346,0.5598908359521476,0.3257419375545888,1.0,fresh_kronos_target_free_risk_v1,past_only_cross_sectional_vol_drawdown_liquidity_momentum,False
2024-06-28,2024-06-28T23:41:00,2024-06-28T23:40:00,T,T,moex,medium,0.228875929516579,0.6509038154770472,0.12022025500637379,1.0,fresh_kronos_target_free_risk_v1,past_only_cross_sectional_vol_drawdown_liquidity_momentum,False
2024-06-28,2024-06-28T23:41:00,2024-06-28T23:40:00,TATN,TATN,moex,low,0.5754289767081886,0.3388235415490925,0.08574748174271879,1.0,fresh_kronos_target_free_risk_v1,past_only_cross_sectional_vol_drawdown_liquidity_momentum,False
2024-06-28,2024-06-28T23:41:00,2024-06-28T23:40:00,UGLD,UGLD,moex,medium,0.1096386648079918,0.5113822563982091,0.378979078793799,1.0,fresh_kronos_target_free_risk_v1,past_only_cross_sectional_vol_drawdown_liquidity_momentum,False
2024-06-28,2024-06-28T23:41:00,2024-06-28T23:40:00,VKCO,VKCO,moex,medium,0.1180962519901157,0.6093820685425337,0.2725216794673506,1.0,fresh_kronos_target_free_risk_v1,past_only_cross_sectional_vol_drawdown_liquidity_momentum,False
2024-06-28,2024-06-28T23:41:00,2024-06-28T23:40:00,VTBR,VTBR,moex,medium,0.12019639237817185,0.7502858602296893,0.12951774739213867,1.0,fresh_kronos_target_free_risk_v1,past_only_cross_sectional_vol_drawdown_liquidity_momentum,False
2024-06-28,2024-06-28T23:41:00,2024-06-28T23:40:00,WUSH,WUSH,moex,medium,0.10940324728139231,0.5091998500453964,0.3813969026732113,1.0,fresh_kronos_target_free_risk_v1,past_only_cross_sectional_vol_drawdown_liquidity_momentum,False
2024-07-31,2024-07-31T23:41:00,2024-07-31T23:40:00,AFKS,AFKS,moex,high,0.09732506539064786,0.4133601271740428,0.4893148074353095,1.0,fresh_kronos_target_free_risk_v1,past_only_cross_sectional_vol_drawdown_liquidity_momentum,False
2024-07-31,2024-07-31T23:41:00,2024-07-31T23:40:00,AFLT,AFLT,moex,medium,0.12067970175291876,0.7386593933457233,0.14066090490135794,1.0,fresh_kronos_target_free_risk_v1,past_only_cross_sectional_vol_drawdown_liquidity_momentum,False
2024-07-31,2024-07-31T23:41:00,2024-07-31T23:40:00,ALRS,ALRS,moex,medium,0.24918616697649743,0.6314625643342187,0.11935126868928396,1.0,fresh_kronos_target_free_risk_v1,past_only_cross_sectional_vol_drawdown_liquidity_momentum,False
2024-07-31,2024-07-31T23:41:00,2024-07-31T23:40:00,ASTR,ASTR,moex,medium,0.12079919837123747,0.7350271426134602,0.14417365901530227,1.0,fresh_kronos_target_free_risk_v1,past_only_cross_sectional_vol_drawdown_liquidity_momentum,False
2024-07-31,2024-07-31T23:41:00,2024-07-31T23:40:00,BSPB,BSPB,moex,medium,0.1604798675050947,0.718349613476173,0.1211705190187323,1.0,fresh_kronos_target_free_risk_v1,past_only_cross_sectional_vol_drawdown_liquidity_momentum,False
2024-07-31,2024-07-31T23:41:00,2024-07-31T23:40:00,CBOM,CBOM,moex,medium,0.15813342499731012,0.7207320427285119,0.12113453227417786,1.0,fresh_kronos_target_free_risk_v1,past_only_cross_sectional_vol_drawdown_liquidity_momentum,False
2024-07-31,2024-07-31T23:41:00,2024-07-31T23:40:00,CHMF,CHMF,moex,high,0.09995011963339212,0.4321515376721602,0.4678983426944477,1.0,fresh_kronos_target_free_risk_v1,past_only_cross_sectional_vol_drawdown_liquidity_momentum,False
2024-07-31,2024-07-31T23:41:00,2024-07-31T23:40:00,ENPG,ENPG,moex,medium,0.12104145438332961,0.7257076345948444,0.15325091102182598,1.0,fresh_kronos_target_free_risk_v1,past_only_cross_sectional_vol_drawdown_liquidity_momentum,False
2024-07-31,2024-07-31T23:41:00,2024-07-31T23:40:00,FEES,FEES,moex,high,0.10181277545312709,0.4460452660865901,0.45214195846028277,1.0,fresh_kronos_target_free_risk_v1,past_only_cross_sectional_vol_drawdown_liquidity_momentum,False
2024-07-31,2024-07-31T23:41:00,2024-07-31T23:40:00,FLOT,FLOT,moex,medium,0.12079066205843296,0.735301929938641,0.14390740800292603,1.0,fresh_kronos_target_free_risk_v1,past_only_cross_sectional_vol_drawdown_liquidity_momentum,False
2024-07-31,2024-07-31T23:41:00,2024-07-31T23:40:00,GAZP,GAZP,moex,medium,0.12002809968367945,0.753617899793656,0.1263540005226646,1.0,fresh_kronos_target_free_risk_v1,past_only_cross_sectional_vol_drawdown_liquidity_momentum,False
2024-07-31,2024-07-31T23:41:00,2024-07-31T23:40:00,GMKN,GMKN,moex,medium,0.3207974808509064,0.5644435204758224,0.11475899867327125,1.0,fresh_kronos_target_free_risk_v1,past_only_cross_sectional_vol_drawdown_liquidity_momentum,False
2024-07-31,2024-07-31T23:41:00,2024-07-31T23:40:00,HYDR,HYDR,moex,medium,0.13818250210938385,0.7412312569382835,0.1205862409523327,1.0,fresh_kronos_target_free_risk_v1,past_only_cross_sectional_vol_drawdown_liquidity_momentum,False
2024-07-31,2024-07-31T23:41:00,2024-07-31T23:40:00,IRAO,IRAO,moex,medium,0.31475847662318185,0.5700158626827229,0.11522566069409533,1.0,fresh_kronos_target_free_risk_v1,past_only_cross_sectional_vol_drawdown_liquidity_momentum,False
2024-07-31,2024-07-31T23:41:00,2024-07-31T23:40:00,LKOH,LKOH,moex,low,0.7321918513219007,0.20711514503570036,0.06069300364239904,1.0,fresh_kronos_target_free_risk_v1,past_only_cross_sectional_vol_drawdown_liquidity_momentum,False
2024-07-31,2024-07-31T23:41:00,2024-07-31T23:40:00,MAGN,MAGN,moex,medium,0.2915727563333129,0.5915368087549642,0.116890434911723,1.0,fresh_kronos_target_free_risk_v1,past_only_cross_sectional_vol_drawdown_liquidity_momentum,False
2024-07-31,2024-07-31T23:41:00,2024-07-31T23:40:00,MGNT,MGNT,moex,high,0.09780837229057754,0.4167560708747641,0.4854355568346583,1.0,fresh_kronos_target_free_risk_v1,past_only_cross_sectional_vol_drawdown_liquidity_momentum,False
2024-07-31,2024-07-31T23:41:00,2024-07-31T23:40:00,MOEX,MOEX,moex,low,0.7800785726835465,0.16794508871064684,0.05197633860580664,1.0,fresh_kronos_target_free_risk_v1,past_only_cross_sectional_vol_drawdown_liquidity_momentum,False
2024-07-31,2024-07-31T23:41:00,2024-07-31T23:40:00,MTLR,MTLR,moex,high,0.08380915223740255,0.3273913872817198,0.5887994604808776,1.0,fresh_kronos_target_free_risk_v1,past_only_cross_sectional_vol_drawdown_liquidity_momentum,False
2024-07-31,2024-07-31T23:41:00,2024-07-31T23:40:00,MTSS,MTSS,moex,high,0.09203738776705393,0.37783802191856697,0.5301245903143792,1.0,fresh_kronos_target_free_risk_v1,past_only_cross_sectional_vol_drawdown_liquidity_momentum,False
2024-07-31,2024-07-31T23:41:00,2024-07-31T23:40:00,NLMK,NLMK,moex,medium,0.10295376320792365,0.45481562077687004,0.44223061601520625,1.0,fresh_kronos_target_free_risk_v1,past_only_cross_sectional_vol_drawdown_liquidity_momentum,False
2024-07-31,2024-07-31T23:41:00,2024-07-31T23:40:00,NVTK,NVTK,moex,medium,0.42437494192730624,0.47067739217169297,0.10494766590100088,1.0,fresh_kronos_target_free_risk_v1,past_only_cross_sectional_vol_drawdown_liquidity_momentum,False
2024-07-31,2024-07-31T23:41:00,2024-07-31T23:40:00,OZON,OZON,moex,medium,0.1177993764780066,0.6047537570184776,0.27744686650351585,1.0,fresh_kronos_target_free_risk_v1,past_only_cross_sectional_vol_drawdown_liquidity_momentum,False
2024-07-31,2024-07-31T23:41:00,2024-07-31T23:40:00,PHOR,PHOR,moex,medium,0.219066560904038,0.660376388543801,0.120557050552161,1.0,fresh_kronos_target_free_risk_v1,past_only_cross_sectional_vol_drawdown_liquidity_momentum,False
2024-07-31,2024-07-31T23:41:00,2024-07-31T23:40:00,PIKK,PIKK,moex,medium,0.15557740039404938,0.7233336764632807,0.12108892314266989,1.0,fresh_kronos_target_free_risk_v1,past_only_cross_sectional_vol_drawdown_liquidity_momentum,False
2024-07-31,2024-07-31T23:41:00,2024-07-31T23:40:00,PLZL,PLZL,moex,medium,0.12013223431814933,0.6486675666135201,0.2312001990683305,1.0,fresh_kronos_target_free_risk_v1,past_only_cross_sectional_vol_drawdown_liquidity_momentum,False
2024-07-31,2024-07-31T23:41:00,2024-07-31T23:40:00,POSI,POSI,moex,medium,0.2100685636753417,0.6691171946581121,0.12081424166654613,1.0,fresh_kronos_target_free_risk_v1,past_only_cross_sectional_vol_drawdown_liquidity_momentum,False
2024-07-31,2024-07-31T23:41:00,2024-07-31T23:40:00,RNFT,RNFT,moex,high,0.06889890731823227,0.2468332595734243,0.6842678331083434,1.0,fresh_kronos_target_free_risk_v1,past_only_cross_sectional_vol_drawdown_liquidity_momentum,False
2024-07-31,2024-07-31T23:41:00,2024-07-31T23:40:00,ROSN,ROSN,moex,medium,0.22129858992846535,0.6582159554767152,0.12048545459481945,1.0,fresh_kronos_target_free_risk_v1,past_only_cross_sectional_vol_drawdown_liquidity_momentum,False
2024-07-31,2024-07-31T23:41:00,2024-07-31T23:40:00,RTKM,RTKM,moex,medium,0.11268792684678873,0.5414652303467142,0.34584684280649713,1.0,fresh_kronos_target_free_risk_v1,past_only_cross_sectional_vol_drawdown_liquidity_momentum,False
2024-07-31,2024-07-31T23:41:00,2024-07-31T23:40:00,RUAL,RUAL,moex,medium,0.11987163361960779,0.6424663100532282,0.23766205632716397,1.0,fresh_kronos_target_free_risk_v1,past_only_cross_sectional_vol_drawdown_liquidity_momentum,False
2024-07-31,2024-07-31T23:41:00,2024-07-31T23:40:00,SBER,SBER,moex,low,0.7349959659058425,0.20480678670746028,0.06019724738669717,1.0,fresh_kronos_target_free_risk_v1,past_only_cross_sectional_vol_drawdown_liquidity_momentum,False
2024-07-31,2024-07-31T23:41:00,2024-07-31T23:40:00,SGZH,SGZH,moex,high,0.06304774850985004,0.21821751753214796,0.7187347339580019,1.0,fresh_kronos_target_free_risk_v1,past_only_cross_sectional_vol_drawdown_liquidity_momentum,False
2024-07-31,2024-07-31T23:41:00,2024-07-31T23:40:00,SIBN,SIBN,moex,low,0.5645276575780415,0.34817194337855883,0.08730039904339963,1.0,fresh_kronos_target_free_risk_v1,past_only_cross_sectional_vol_drawdown_liquidity_momentum,False
2024-07-31,2024-07-31T23:41:00,2024-07-31T23:40:00,SMLT,SMLT,moex,medium,0.12120347434871225,0.7157604092024368,0.16303611644885085,1.0,fresh_kronos_target_free_risk_v1,past_only_cross_sectional_vol_drawdown_liquidity_momentum,False
2024-07-31,2024-07-31T23:41:00,2024-07-31T23:40:00,SNGS,SNGS,moex,medium,0.121272059876677,0.6999678673431222,0.1787600727802009,1.0,fresh_kronos_target_free_risk_v1,past_only_cross_sectional_vol_drawdown_liquidity_momentum,False
2024-07-31,2024-07-31T23:41:00,2024-07-31T23:40:00,SPBE,SPBE,moex,high,0.09263887657386659,0.3817405579471671,0.5256205654789663,1.0,fresh_kronos_target_free_risk_v1,past_only_cross_sectional_vol_drawdown_liquidity_momentum,False
2024-07-31,2024-07-31T23:41:00,2024-07-31T23:40:00,SVCB,SVCB,moex,high,0.09095338156326896,0.3708859338803858,0.5381606845563452,1.0,fresh_kronos_target_free_risk_v1,past_only_cross_sectional_vol_drawdown_liquidity_momentum,False
2024-07-31,2024-07-31T23:41:00,2024-07-31T23:40:00,T,T,moex,medium,0.1474720212782444,0.7316299367023992,0.12089804201935656,1.0,fresh_kronos_target_free_risk_v1,past_only_cross_sectional_vol_drawdown_liquidity_momentum,False
2024-07-31,2024-07-31T23:41:00,2024-07-31T23:40:00,TATN,TATN,moex,low,0.6713554428743683,0.2576186874441529,0.0710258696814787,1.0,fresh_kronos_target_free_risk_v1,past_only_cross_sectional_vol_drawdown_liquidity_momentum,False
2024-07-31,2024-07-31T23:41:00,2024-07-31T23:40:00,UGLD,UGLD,moex,medium,0.16978860098362117,0.7089510355329572,0.12126036348342148,1.0,fresh_kronos_target_free_risk_v1,past_only_cross_sectional_vol_drawdown_liquidity_momentum,False
2024-07-31,2024-07-31T23:41:00,2024-07-31T23:40:00,VKCO,VKCO,moex,high,0.09893832894534907,0.4248057771869763,0.4762558938676745,1.0,fresh_kronos_target_free_risk_v1,past_only_cross_sectional_vol_drawdown_liquidity_momentum,False
2024-07-31,2024-07-31T23:41:00,2024-07-31T23:40:00,VTBR,VTBR,moex,medium,0.28522987855315873,0.5974612247937339,0.1173088966531073,0.8,fresh_kronos_target_free_risk_v1,past_only_cross_sectional_vol_drawdown_liquidity_momentum,False
2024-07-31,2024-07-31T23:41:00,2024-07-31T23:40:00,WUSH,WUSH,moex,high,0.08947785967140383,0.3615832215301026,0.5489389187984937,1.0,fresh_kronos_target_free_risk_v1,past_only_cross_sectional_vol_drawdown_liquidity_momentum,False
2024-08-30,2024-08-30T23:41:00,2024-08-30T23:40:00,AFKS,AFKS,moex,high,0.08584810126378736,0.33942403867482146,0.5747278600613912,1.0,fresh_kronos_target_free_risk_v1,past_only_cross_sectional_vol_drawdown_liquidity_momentum,False
2024-08-30,2024-08-30T23:41:00,2024-08-30T23:40:00,AFLT,AFLT,moex,medium,0.12102178198958662,0.7266165004593946,0.1523617175510187,1.0,fresh_kronos_target_free_risk_v1,past_only_cross_sectional_vol_drawdown_liquidity_momentum,False
2024-08-30,2024-08-30T23:41:00,2024-08-30T23:40:00,ALRS,ALRS,moex,medium,0.12112318247572149,0.7214161430036683,0.1574606745206101,1.0,fresh_kronos_target_free_risk_v1,past_only_cross_sectional_vol_drawdown_liquidity_momentum,False
2024-08-30,2024-08-30T23:41:00,2024-08-30T23:40:00,ASTR,ASTR,moex,medium,0.3370911602814087,0.5494729025267164,0.11343593719187484,1.0,fresh_kronos_target_free_risk_v1,past_only_cross_sectional_vol_drawdown_liquidity_momentum,False
2024-08-30,2024-08-30T23:41:00,2024-08-30T23:40:00,BSPB,BSPB,moex,low,0.547074370417103,0.3631907535322555,0.08973487605064139,1.0,fresh_kronos_target_free_risk_v1,past_only_cross_sectional_vol_drawdown_liquidity_momentum,False
2024-08-30,2024-08-30T23:41:00,2024-08-30T23:40:00,CBOM,CBOM,moex,medium,0.25372893335552726,0.6271436345155852,0.11912743212888761,1.0,fresh_kronos_target_free_risk_v1,past_only_cross_sectional_vol_drawdown_liquidity_momentum,False
2024-08-30,2024-08-30T23:41:00,2024-08-30T23:40:00,CHMF,CHMF,moex,medium,0.1147526650972224,0.564369041742352,0.32087829316042565,1.0,fresh_kronos_target_free_risk_v1,past_only_cross_sectional_vol_drawdown_liquidity_momentum,False
2024-08-30,2024-08-30T23:41:00,2024-08-30T23:40:00,ENPG,ENPG,moex,high,0.10169211710264164,0.44512981128722046,0.45317807161013784,1.0,fresh_kronos_target_free_risk_v1,past_only_cross_sectional_vol_drawdown_liquidity_momentum,False
2024-08-30,2024-08-30T23:41:00,2024-08-30T23:40:00,FEES,FEES,moex,medium,0.12604635007169385,0.7539426949196985,0.12001095500860778,1.0,fresh_kronos_target_free_risk_v1,past_only_cross_sectional_vol_drawdown_liquidity_momentum,False
2024-08-30,2024-08-30T23:41:00,2024-08-30T23:40:00,FLOT,FLOT,moex,medium,0.11234415565471798,0.5378800957946522,0.3497757485506298,1.0,fresh_kronos_target_free_risk_v1,past_only_cross_sectional_vol_drawdown_liquidity_momentum,False
2024-08-30,2024-08-30T23:41:00,2024-08-30T23:40:00,GAZP,GAZP,moex,medium,0.21435713051103886,0.664944823005772,0.12069804648318912,1.0,fresh_kronos_target_free_risk_v1,past_only_cross_sectional_vol_drawdown_liquidity_momentum,False
2024-08-30,2024-08-30T23:41:00,2024-08-30T23:40:00,GMKN,GMKN,moex,medium,0.13829712799428426,0.7411121376530099,0.12059073435270602,1.0,fresh_kronos_target_free_risk_v1,past_only_cross_sectional_vol_drawdown_liquidity_momentum,False
2024-08-30,2024-08-30T23:41:00,2024-08-30T23:40:00,HYDR,HYDR,moex,medium,0.12122117888886651,0.6915741230399427,0.18720469807119094,1.0,fresh_kronos_target_free_risk_v1,past_only_cross_sectional_vol_drawdown_liquidity_momentum,False
2024-08-30,2024-08-30T23:41:00,2024-08-30T23:40:00,IRAO,IRAO,moex,low,0.47218925345585067,0.42837806219194235,0.09943268435220683,1.0,fresh_kronos_target_free_risk_v1,past_only_cross_sectional_vol_drawdown_liquidity_momentum,False
2024-08-30,2024-08-30T23:41:00,2024-08-30T23:40:00,LKOH,LKOH,moex,low,0.6761305699489042,0.2536260544563736,0.07024337559472231,1.0,fresh_kronos_target_free_risk_v1,past_only_cross_sectional_vol_drawdown_liquidity_momentum,False
2024-08-30,2024-08-30T23:41:00,2024-08-30T23:40:00,MAGN,MAGN,moex,medium,0.12001772878581803,0.7538146703160082,0.12616760089817378,1.0,fresh_kronos_target_free_risk_v1,past_only_cross_sectional_vol_drawdown_liquidity_momentum,False
2024-08-30,2024-08-30T23:41:00,2024-08-30T23:40:00,MGNT,MGNT,moex,medium,0.11981553168250893,0.641201155634488,0.23898331268300313,1.0,fresh_kronos_target_free_risk_v1,past_only_cross_sectional_vol_drawdown_liquidity_momentum,False
2024-08-30,2024-08-30T23:41:00,2024-08-30T23:40:00,MOEX,MOEX,moex,medium,0.4102116697058582,0.48331726146552967,0.10647106882861226,1.0,fresh_kronos_target_free_risk_v1,past_only_cross_sectional_vol_drawdown_liquidity_momentum,False
2024-08-30,2024-08-30T23:41:00,2024-08-30T23:40:00,MTLR,MTLR,moex,high,0.08517534584131448,0.33542245993766534,0.5794021942210201,1.0,fresh_kronos_target_free_risk_v1,past_only_cross_sectional_vol_drawdown_liquidity_momentum,False
2024-08-30,2024-08-30T23:41:00,2024-08-30T23:40:00,MTSS,MTSS,moex,medium,0.11365443371723429,0.5518697490221548,0.3344758172606109,1.0,fresh_kronos_target_free_risk_v1,past_only_cross_sectional_vol_drawdown_liquidity_momentum,False
2024-08-30,2024-08-30T23:41:00,2024-08-30T23:40:00,NLMK,NLMK,moex,medium,0.11225991021271903,0.53701005015077,0.3507300396365109,1.0,fresh_kronos_target_free_risk_v1,past_only_cross_sectional_vol_drawdown_liquidity_momentum,False
2024-08-30,2024-08-30T23:41:00,2024-08-30T23:40:00,NVTK,NVTK,moex,medium,0.26364639125563094,0.6177498028488876,0.11860380589548135,1.0,fresh_kronos_target_free_risk_v1,past_only_cross_sectional_vol_drawdown_liquidity_momentum,False
2024-08-30,2024-08-30T23:41:00,2024-08-30T23:40:00,OZON,OZON,moex,medium,0.11731301690601899,0.5975208358492193,0.28516614724476164,1.0,fresh_kronos_target_free_risk_v1,past_only_cross_sectional_vol_drawdown_liquidity_momentum,False
2024-08-30,2024-08-30T23:41:00,2024-08-30T23:40:00,PHOR,PHOR,moex,medium,0.3109768149556272,0.5735120602064161,0.11551112483795668,1.0,fresh_kronos_target_free_risk_v1,past_only_cross_sectional_vol_drawdown_liquidity_momentum,False
2024-08-30,2024-08-30T23:41:00,2024-08-30T23:40:00,PIKK,PIKK,moex,medium,0.11699965200144141,0.5930591806597874,0.28994116733877123,1.0,fresh_kronos_target_free_risk_v1,past_only_cross_sectional_vol_drawdown_liquidity_momentum,False
2024-08-30,2024-08-30T23:41:00,2024-08-30T23:40:00,PLZL,PLZL,moex,medium,0.26612848736056316,0.6154060277266282,0.11846548491280869,1.0,fresh_kronos_target_free_risk_v1,past_only_cross_sectional_vol_drawdown_liquidity_momentum,False
2024-08-30,2024-08-30T23:41:00,2024-08-30T23:40:00,POSI,POSI,moex,medium,0.34041684638605224,0.5464283591260355,0.11315479448791224,1.0,fresh_kronos_target_free_risk_v1,past_only_cross_sectional_vol_drawdown_liquidity_momentum,False
2024-08-30,2024-08-30T23:41:00,2024-08-30T23:40:00,RNFT,RNFT,moex,high,0.0927766081269282,0.38263881792927357,0.5245845739437983,1.0,fresh_kronos_target_free_risk_v1,past_only_cross_sectional_vol_drawdown_liquidity_momentum,False
2024-08-30,2024-08-30T23:41:00,2024-08-30T23:40:00,ROSN,ROSN,moex,low,0.5030344824284493,0.40137700411793475,0.09558851345361587,1.0,fresh_kronos_target_free_risk_v1,past_only_cross_sectional_vol_drawdown_liquidity_momentum,False
2024-08-30,2024-08-30T23:41:00,2024-08-30T23:40:00,RTKM,RTKM,moex,medium,0.11802147939356426,0.6081995286771489,0.27377899192928684,1.0,fresh_kronos_target_free_risk_v1,past_only_cross_sectional_vol_drawdown_liquidity_momentum,False
2024-08-30,2024-08-30T23:41:00,2024-08-30T23:40:00,RUAL,RUAL,moex,medium,0.10583562576594491,0.4779853672157619,0.41617900701829313,1.0,fresh_kronos_target_free_risk_v1,past_only_cross_sectional_vol_drawdown_liquidity_momentum,False
2024-08-30,2024-08-30T23:41:00,2024-08-30T23:40:00,SBER,SBER,moex,low,0.5303711689135824,0.3776244988008448,0.09200433228557273,1.0,fresh_kronos_target_free_risk_v1,past_only_cross_sectional_vol_drawdown_liquidity_momentum,False
2024-08-30,2024-08-30T23:41:00,2024-08-30T23:40:00,SGZH,SGZH,moex,high,0.04668383827451023,0.14557434497953006,0.8077418167459598,1.0,fresh_kronos_target_free_risk_v1,past_only_cross_sectional_vol_drawdown_liquidity_momentum,False
2024-08-30,2024-08-30T23:41:00,2024-08-30T23:40:00,SIBN,SIBN,moex,low,0.5032432909759573,0.40119495065815003,0.09556175836589262,1.0,fresh_kronos_target_free_risk_v1,past_only_cross_sectional_vol_drawdown_liquidity_momentum,False
2024-08-30,2024-08-30T23:41:00,2024-08-30T23:40:00,SMLT,SMLT,moex,high,0.0745114398885731,0.275766554104907,0.6497220060065199,1.0,fresh_kronos_target_free_risk_v1,past_only_cross_sectional_vol_drawdown_liquidity_momentum,False
2024-08-30,2024-08-30T23:41:00,2024-08-30T23:40:00,SNGS,SNGS,moex,medium,0.20130768557610562,0.6776784381827965,0.12101387624109786,1.0,fresh_kronos_target_free_risk_v1,past_only_cross_sectional_vol_drawdown_liquidity_momentum,False
2024-08-30,2024-08-30T23:41:00,2024-08-30T23:40:00,SPBE,SPBE,moex,high,0.09485972500068311,0.39644471355778893,0.5086955614415279,1.0,fresh_kronos_target_free_risk_v1,past_only_cross_sectional_vol_drawdown_liquidity_momentum,False
2024-08-30,2024-08-30T23:41:00,2024-08-30T23:40:00,SVCB,SVCB,moex,medium,0.12069654357618181,0.6648935588436116,0.21440989758020654,1.0,fresh_kronos_target_free_risk_v1,past_only_cross_sectional_vol_drawdown_liquidity_momentum,False
2024-08-30,2024-08-30T23:41:00,2024-08-30T23:40:00,T,T,moex,medium,0.27493076083038637,0.6071168686486987,0.11795237052091495,1.0,fresh_kronos_target_free_risk_v1,past_only_cross_sectional_vol_drawdown_liquidity_momentum,False
2024-08-30,2024-08-30T23:41:00,2024-08-30T23:40:00,TATN,TATN,moex,low,0.6865049234396278,0.2449682348574482,0.06852684170292406,1.0,fresh_kronos_target_free_risk_v1,past_only_cross_sectional_vol_drawdown_liquidity_momentum,False
2024-08-30,2024-08-30T23:41:00,2024-08-30T23:40:00,UGLD,UGLD,moex,high,0.0869165934178663,0.34584523825266295,0.5672381683294708,1.0,fresh_kronos_target_free_risk_v1,past_only_cross_sectional_vol_drawdown_liquidity_momentum,False
2024-08-30,2024-08-30T23:41:00,2024-08-30T23:40:00,VKCO,VKCO,moex,medium,0.11273654079494391,0.5419768542110557,0.34528660499400043,1.0,fresh_kronos_target_free_risk_v1,past_only_cross_sectional_vol_drawdown_liquidity_momentum,False
2024-08-30,2024-08-30T23:41:00,2024-08-30T23:40:00,VTBR,VTBR,moex,low,0.5684943430506704,0.3447674564058783,0.08673820054345151,0.9833333333333333,fresh_kronos_target_free_risk_v1,past_only_cross_sectional_vol_drawdown_liquidity_momentum,False
2024-08-30,2024-08-30T23:41:00,2024-08-30T23:40:00,WUSH,WUSH,moex,high,0.04912023510258451,0.15574350635556314,0.7951362585418523,1.0,fresh_kronos_target_free_risk_v1,past_only_cross_sectional_vol_drawdown_liquidity_momentum,False
2024-09-30,2024-09-30T23:41:00,2024-09-30T23:40:00,AFKS,AFKS,moex,high,0.08185299616499268,0.3161049617339132,0.602042042101094,1.0,fresh_kronos_target_free_risk_v1,past_only_cross_sectional_vol_drawdown_liquidity_momentum,False
2024-09-30,2024-09-30T23:41:00,2024-09-30T23:40:00,AFLT,AFLT,moex,medium,0.12023023799939948,0.7495810746743976,0.13018868732620292,1.0,fresh_kronos_target_free_risk_v1,past_only_cross_sectional_vol_drawdown_liquidity_momentum,False
2024-09-30,2024-09-30T23:41:00,2024-09-30T23:40:00,ALRS,ALRS,moex,medium,0.11747650497256105,0.5999077571517348,0.28261573787570415,1.0,fresh_kronos_target_free_risk_v1,past_only_cross_sectional_vol_drawdown_liquidity_momentum,False
2024-09-30,2024-09-30T23:41:00,2024-09-30T23:40:00,ASTR,ASTR,moex,medium,0.24333630504081002,0.6370395933938708,0.11962410156531904,1.0,fresh_kronos_target_free_risk_v1,past_only_cross_sectional_vol_drawdown_liquidity_momentum,False
2024-09-30,2024-09-30T23:41:00,2024-09-30T23:40:00,BSPB,BSPB,moex,medium,0.4333844966406166,0.46266387154618516,0.10395163181319815,1.0,fresh_kronos_target_free_risk_v1,past_only_cross_sectional_vol_drawdown_liquidity_momentum,False
2024-09-30,2024-09-30T23:41:00,2024-09-30T23:40:00,CBOM,CBOM,moex,medium,0.10808178485125482,0.4972543403572971,0.39466387479144804,1.0,fresh_kronos_target_free_risk_v1,past_only_cross_sectional_vol_drawdown_liquidity_momentum,False
2024-09-30,2024-09-30T23:41:00,2024-09-30T23:40:00,CHMF,CHMF,moex,medium,0.12064402236744799,0.6631392226607447,0.21621675497180734,1.0,fresh_kronos_target_free_risk_v1,past_only_cross_sectional_vol_drawdown_liquidity_momentum,False
2024-09-30,2024-09-30T23:41:00,2024-09-30T23:40:00,ENPG,ENPG,moex,medium,0.11463051332341674,0.56293836982062,0.3224311168559632,1.0,fresh_kronos_target_free_risk_v1,past_only_cross_sectional_vol_drawdown_liquidity_momentum,False
2024-09-30,2024-09-30T23:41:00,2024-09-30T23:40:00,FEES,FEES,moex,high,0.09943194458938048,0.4283726928125412,0.47219536259807837,1.0,fresh_kronos_target_free_risk_v1,past_only_cross_sectional_vol_drawdown_liquidity_momentum,False
2024-09-30,2024-09-30T23:41:00,2024-09-30T23:40:00,FLOT,FLOT,moex,high,0.10089070293549617,0.43910482987664795,0.4600044671878558,1.0,fresh_kronos_target_free_risk_v1,past_only_cross_sectional_vol_drawdown_liquidity_momentum,False
2024-09-30,2024-09-30T23:41:00,2024-09-30T23:40:00,GAZP,GAZP,moex,medium,0.34992060163791017,0.537748011728975,0.11233138663311482,1.0,fresh_kronos_target_free_risk_v1,past_only_cross_sectional_vol_drawdown_liquidity_momentum,False
2024-09-30,2024-09-30T23:41:00,2024-09-30T23:40:00,GMKN,GMKN,moex,medium,0.2112912186575785,0.6679264592762687,0.1207823220661529,1.0,fresh_kronos_target_free_risk_v1,past_only_cross_sectional_vol_drawdown_liquidity_momentum,False
2024-09-30,2024-09-30T23:41:00,2024-09-30T23:40:00,HYDR,HYDR,moex,medium,0.12049366653341838,0.6584590483796408,0.22104728508694074,1.0,fresh_kronos_target_free_risk_v1,past_only_cross_sectional_vol_drawdown_liquidity_momentum,False
2024-09-30,2024-09-30T23:41:00,2024-09-30T23:40:00,IRAO,IRAO,moex,low,0.5423057648496847,0.3673053874852031,0.0903888476651122,1.0,fresh_kronos_target_free_risk_v1,past_only_cross_sectional_vol_drawdown_liquidity_momentum,False
2024-09-30,2024-09-30T23:41:00,2024-09-30T23:40:00,LKOH,LKOH,moex,low,0.8429281324808626,0.1174248668874994,0.03964700063163808,1.0,fresh_kronos_target_free_risk_v1,past_only_cross_sectional_vol_drawdown_liquidity_momentum,False
2024-09-30,2024-09-30T23:41:00,2024-09-30T23:40:00,MAGN,MAGN,moex,medium,0.1667755058732425,0.71198421874569,0.12124027538106752,1.0,fresh_kronos_target_free_risk_v1,past_only_cross_sectional_vol_drawdown_liquidity_momentum,False
2024-09-30,2024-09-30T23:41:00,2024-09-30T23:40:00,MGNT,MGNT,moex,medium,0.12100379581504783,0.7274154736008085,0.1515807305841436,1.0,fresh_kronos_target_free_risk_v1,past_only_cross_sectional_vol_drawdown_liquidity_momentum,False
2024-09-30,2024-09-30T23:41:00,2024-09-30T23:40:00,MOEX,MOEX,moex,medium,0.36630565213896205,0.5228497756620761,0.11084457219896189,1.0,fresh_kronos_target_free_risk_v1,past_only_cross_sectional_vol_drawdown_liquidity_momentum,False
2024-09-30,2024-09-30T23:41:00,2024-09-30T23:40:00,MTLR,MTLR,moex,high,0.10033647162979735,0.4349927021554852,0.4646708262147175,1.0,fresh_kronos_target_free_risk_v1,past_only_cross_sectional_vol_drawdown_liquidity_momentum,False
2024-09-30,2024-09-30T23:41:00,2024-09-30T23:40:00,MTSS,MTSS,moex,medium,0.119992830948253,0.64527938774164,0.23472778131010713,1.0,fresh_kronos_target_free_risk_v1,past_only_cross_sectional_vol_drawdown_liquidity_momentum,False
2024-09-30,2024-09-30T23:41:00,2024-09-30T23:40:00,NLMK,NLMK,moex,medium,0.11452710091520121,0.5617355834239859,0.3237373156608129,1.0,fresh_kronos_target_free_risk_v1,past_only_cross_sectional_vol_drawdown_liquidity_momentum,False
2024-09-30,2024-09-30T23:41:00,2024-09-30T23:40:00,NVTK,NVTK,moex,low,0.6056465661312265,0.313039134249392,0.08131429961938164,1.0,fresh_kronos_target_free_risk_v1,past_only_cross_sectional_vol_drawdown_liquidity_momentum,False
2024-09-30,2024-09-30T23:41:00,2024-09-30T23:40:00,OZON,OZON,moex,medium,0.10849558658525095,0.5009417028180554,0.3905627105966937,1.0,fresh_kronos_target_free_risk_v1,past_only_cross_sectional_vol_drawdown_liquidity_momentum,False
2024-09-30,2024-09-30T23:41:00,2024-09-30T23:40:00,PHOR,PHOR,moex,medium,0.24884916812352076,0.6317833704789423,0.11936746139753691,1.0,fresh_kronos_target_free_risk_v1,past_only_cross_sectional_vol_drawdown_liquidity_momentum,False
2024-09-30,2024-09-30T23:41:00,2024-09-30T23:40:00,PIKK,PIKK,moex,high,0.07656129295408758,0.2867285369585542,0.6367101700873582,1.0,fresh_kronos_target_free_risk_v1,past_only_cross_sectional_vol_drawdown_liquidity_momentum,False
2024-09-30,2024-09-30T23:41:00,2024-09-30T23:40:00,PLZL,PLZL,moex,medium,0.3832741938395367,0.507506509344145,0.10921929681631835,1.0,fresh_kronos_target_free_risk_v1,past_only_cross_sectional_vol_drawdown_liquidity_momentum,False
2024-09-30,2024-09-30T23:41:00,2024-09-30T23:40:00,POSI,POSI,moex,medium,0.12097624022996932,0.7285871210037302,0.15043663876630045,1.0,fresh_kronos_target_free_risk_v1,past_only_cross_sectional_vol_drawdown_liquidity_momentum,False
2024-09-30,2024-09-30T23:41:00,2024-09-30T23:40:00,RNFT,RNFT,moex,medium,0.12111257783189447,0.7220317586339139,0.15685566353419167,1.0,fresh_kronos_target_free_risk_v1,past_only_cross_sectional_vol_drawdown_liquidity_momentum,False
2024-09-30,2024-09-30T23:41:00,2024-09-30T23:40:00,ROSN,ROSN,moex,medium,0.39179187554135836,0.4998360657544926,0.10837205870414915,1.0,fresh_kronos_target_free_risk_v1,past_only_cross_sectional_vol_drawdown_liquidity_momentum,False
2024-09-30,2024-09-30T23:41:00,2024-09-30T23:40:00,RTKM,RTKM,moex,medium,0.12072002293706159,0.6657016474683375,0.21357832959460082,1.0,fresh_kronos_target_free_risk_v1,past_only_cross_sectional_vol_drawdown_liquidity_momentum,False
2024-09-30,2024-09-30T23:41:00,2024-09-30T23:40:00,RUAL,RUAL,moex,medium,0.11836510529575608,0.6137362432333451,0.26789865147089886,1.0,fresh_kronos_target_free_risk_v1,past_only_cross_sectional_vol_drawdown_liquidity_momentum,False
2024-09-30,2024-09-30T23:41:00,2024-09-30T23:40:00,SBER,SBER,moex,low,0.4642014639303104,0.4354060838893615,0.10039245218032808,1.0,fresh_kronos_target_free_risk_v1,past_only_cross_sectional_vol_drawdown_liquidity_momentum,False
2024-09-30,2024-09-30T23:41:00,2024-09-30T23:40:00,SGZH,SGZH,moex,high,0.04797291878026973,0.15092748738240716,0.8010995938373232,1.0,fresh_kronos_target_free_risk_v1,past_only_cross_sectional_vol_drawdown_liquidity_momentum,False
2024-09-30,2024-09-30T23:41:00,2024-09-30T23:40:00,SIBN,SIBN,moex,low,0.7434305582146074,0.19787412461511633,0.0586953171702763,1.0,fresh_kronos_target_free_risk_v1,past_only_cross_sectional_vol_drawdown_liquidity_momentum,False
2024-09-30,2024-09-30T23:41:00,2024-09-30T23:40:00,SMLT,SMLT,moex,high,0.06895126519477336,0.24709622091655853,0.6839525138886682,1.0,fresh_kronos_target_free_risk_v1,past_only_cross_sectional_vol_drawdown_liquidity_momentum,False
2024-09-30,2024-09-30T23:41:00,2024-09-30T23:40:00,SNGS,SNGS,moex,medium,0.12072799411157915,0.7372438373331516,0.14202816855526937,1.0,fresh_kronos_target_free_risk_v1,past_only_cross_sectional_vol_drawdown_liquidity_momentum,False
2024-09-30,2024-09-30T23:41:00,2024-09-30T23:40:00,SPBE,SPBE,moex,high,0.09194016296626695,0.3772102729103256,0.5308495641234074,1.0,fresh_kronos_target_free_risk_v1,past_only_cross_sectional_vol_drawdown_liquidity_momentum,False
2024-09-30,2024-09-30T23:41:00,2024-09-30T23:40:00,SVCB,SVCB,moex,medium,0.12127375363765946,0.705228288002333,0.1734979583600075,1.0,fresh_kronos_target_free_risk_v1,past_only_cross_sectional_vol_drawdown_liquidity_momentum,False
2024-09-30,2024-09-30T23:41:00,2024-09-30T23:40:00,T,T,moex,medium,0.21810011316810585,0.661312779535218,0.12058710729667613,1.0,fresh_kronos_target_free_risk_v1,past_only_cross_sectional_vol_drawdown_liquidity_momentum,False
2024-09-30,2024-09-30T23:41:00,2024-09-30T23:40:00,TATN,TATN,moex,low,0.5741051594927343,0.3399574590596329,0.08593738144763269,1.0,fresh_kronos_target_free_risk_v1,past_only_cross_sectional_vol_drawdown_liquidity_momentum,False
2024-09-30,2024-09-30T23:41:00,2024-09-30T23:40:00,UGLD,UGLD,moex,high,0.06386728778281629,0.22213593525766856,0.713996776959515,1.0,fresh_kronos_target_free_risk_v1,past_only_cross_sectional_vol_drawdown_liquidity_momentum,False
2024-09-30,2024-09-30T23:41:00,2024-09-30T23:40:00,VKCO,VKCO,moex,high,0.08940651254280757,0.3611379180828508,0.5494555693743417,1.0,fresh_kronos_target_free_risk_v1,past_only_cross_sectional_vol_drawdown_liquidity_momentum,False
2024-09-30,2024-09-30T23:41:00,2024-09-30T23:40:00,VTBR,VTBR,moex,low,0.45701353930371336,0.44174324835227063,0.10124321234401597,0.9833333333333333,fresh_kronos_target_free_risk_v1,past_only_cross_sectional_vol_drawdown_liquidity_momentum,False
2024-09-30,2024-09-30T23:41:00,2024-09-30T23:40:00,WUSH,WUSH,moex,high,0.058135695037582626,0.1953141126451727,0.7465501923172446,1.0,fresh_kronos_target_free_risk_v1,past_only_cross_sectional_vol_drawdown_liquidity_momentum,False
2024-09-30,2024-09-30T23:41:00,2024-09-30T23:40:00,YDEX,YDEX,moex,medium,0.44453911384279604,0.4527707253559497,0.10269016080125426,0.8166666666666667,fresh_kronos_target_free_risk_v1,past_only_cross_sectional_vol_drawdown_liquidity_momentum,False
2024-10-31,2024-10-31T23:41:00,2024-10-31T23:40:00,AFKS,AFKS,moex,medium,0.10375987810660638,0.46114218297564963,0.435097938917744,1.0,fresh_kronos_target_free_risk_v1,past_only_cross_sectional_vol_drawdown_liquidity_momentum,False
2024-10-31,2024-10-31T23:41:00,2024-10-31T23:40:00,AFLT,AFLT,moex,medium,0.18524495943484204,0.6935169444093445,0.1212380961558135,1.0,fresh_kronos_target_free_risk_v1,past_only_cross_sectional_vol_drawdown_liquidity_momentum,False
2024-10-31,2024-10-31T23:41:00,2024-10-31T23:40:00,ALRS,ALRS,moex,medium,0.12076994160437404,0.6674743438324413,0.21175571456318476,1.0,fresh_kronos_target_free_risk_v1,past_only_cross_sectional_vol_drawdown_liquidity_momentum,False
2024-10-31,2024-10-31T23:41:00,2024-10-31T23:40:00,ASTR,ASTR,moex,medium,0.37814444210453363,0.5121360202261204,0.10971953766934597,1.0,fresh_kronos_target_free_risk_v1,past_only_cross_sectional_vol_drawdown_liquidity_momentum,False
2024-10-31,2024-10-31T23:41:00,2024-10-31T23:40:00,BSPB,BSPB,moex,medium,0.412861627315051,0.4809483274499821,0.10619004523496692,1.0,fresh_kronos_target_free_risk_v1,past_only_cross_sectional_vol_drawdown_liquidity_momentum,False
2024-10-31,2024-10-31T23:41:00,2024-10-31T23:40:00,CBOM,CBOM,moex,medium,0.1209200939804288,0.6733727430174289,0.20570716300214223,1.0,fresh_kronos_target_free_risk_v1,past_only_cross_sectional_vol_drawdown_liquidity_momentum,False
2024-10-31,2024-10-31T23:41:00,2024-10-31T23:40:00,CHMF,CHMF,moex,medium,0.12019417265544756,0.7503316462620268,0.12947418108252579,1.0,fresh_kronos_target_free_risk_v1,past_only_cross_sectional_vol_drawdown_liquidity_momentum,False
2024-10-31,2024-10-31T23:41:00,2024-10-31T23:40:00,ENPG,ENPG,moex,medium,0.12116051883989976,0.7190492080805261,0.15979027307957405,1.0,fresh_kronos_target_free_risk_v1,past_only_cross_sectional_vol_drawdown_liquidity_momentum,False
2024-10-31,2024-10-31T23:41:00,2024-10-31T23:40:00,FEES,FEES,moex,high,0.08078509912831122,0.31004461401105793,0.6091702868606308,1.0,fresh_kronos_target_free_risk_v1,past_only_cross_sectional_vol_drawdown_liquidity_momentum,False
2024-10-31,2024-10-31T23:41:00,2024-10-31T23:40:00,FLOT,FLOT,moex,medium,0.1199800325607257,0.754522239736981,0.12549772770229334,1.0,fresh_kronos_target_free_risk_v1,past_only_cross_sectional_vol_drawdown_liquidity_momentum,False
2024-10-31,2024-10-31T23:41:00,2024-10-31T23:40:00,GAZP,GAZP,moex,low,0.47454369521517525,0.4263093663837636,0.09914693840106105,1.0,fresh_kronos_target_free_risk_v1,past_only_cross_sectional_vol_drawdown_liquidity_momentum,False
2024-10-31,2024-10-31T23:41:00,2024-10-31T23:40:00,GMKN,GMKN,moex,medium,0.12062583780671142,0.6625476892208924,0.21682647297239624,1.0,fresh_kronos_target_free_risk_v1,past_only_cross_sectional_vol_drawdown_liquidity_momentum,False
2024-10-31,2024-10-31T23:41:00,2024-10-31T23:40:00,HYDR,HYDR,moex,medium,0.1174547713866363,0.5995879726632792,0.2829572559500844,1.0,fresh_kronos_target_free_risk_v1,past_only_cross_sectional_vol_drawdown_liquidity_momentum,False
2024-10-31,2024-10-31T23:41:00,2024-10-31T23:40:00,IRAO,IRAO,moex,low,0.5794186245295266,0.33540840235749975,0.08517297311297349,1.0,fresh_kronos_target_free_risk_v1,past_only_cross_sectional_vol_drawdown_liquidity_momentum,False
2024-10-31,2024-10-31T23:41:00,2024-10-31T23:40:00,LKOH,LKOH,moex,low,0.8668015342176435,0.09854567877266429,0.03465278700969226,1.0,fresh_kronos_target_free_risk_v1,past_only_cross_sectional_vol_drawdown_liquidity_momentum,False
2024-10-31,2024-10-31T23:41:00,2024-10-31T23:40:00,MAGN,MAGN,moex,high,0.09973413520265088,0.4305720876421589,0.46969377715519034,1.0,fresh_kronos_target_free_risk_v1,past_only_cross_sectional_vol_drawdown_liquidity_momentum,False
2024-10-31,2024-10-31T23:41:00,2024-10-31T23:40:00,MGNT,MGNT,moex,medium,0.1198393284328427,0.7570645603248355,0.12309611124232178,1.0,fresh_kronos_target_free_risk_v1,past_only_cross_sectional_vol_drawdown_liquidity_momentum,False
2024-10-31,2024-10-31T23:41:00,2024-10-31T23:40:00,MOEX,MOEX,moex,medium,0.42018447014070165,0.47441168191183736,0.105403847947461,1.0,fresh_kronos_target_free_risk_v1,past_only_cross_sectional_vol_drawdown_liquidity_momentum,False
2024-10-31,2024-10-31T23:41:00,2024-10-31T23:40:00,MTLR,MTLR,moex,medium,0.11002220036667115,0.5149757685017179,0.37500203113161107,1.0,fresh_kronos_target_free_risk_v1,past_only_cross_sectional_vol_drawdown_liquidity_momentum,False
2024-10-31,2024-10-31T23:41:00,2024-10-31T23:40:00,MTSS,MTSS,moex,medium,0.3245404156614913,0.5609963637136708,0.11446322062483788,1.0,fresh_kronos_target_free_risk_v1,past_only_cross_sectional_vol_drawdown_liquidity_momentum,False
2024-10-31,2024-10-31T23:41:00,2024-10-31T23:40:00,NLMK,NLMK,moex,medium,0.11850518898843022,0.616073583654555,0.26542122735701484,1.0,fresh_kronos_target_free_risk_v1,past_only_cross_sectional_vol_drawdown_liquidity_momentum,False
2024-10-31,2024-10-31T23:41:00,2024-10-31T23:40:00,NVTK,NVTK,moex,medium,0.42457052923687516,0.47050320751223695,0.10492626325088773,1.0,fresh_kronos_target_free_risk_v1,past_only_cross_sectional_vol_drawdown_liquidity_momentum,False
2024-10-31,2024-10-31T23:41:00,2024-10-31T23:40:00,OZON,OZON,moex,medium,0.12053144621660034,0.6595928565362291,0.2198756972471706,1.0,fresh_kronos_target_free_risk_v1,past_only_cross_sectional_vol_drawdown_liquidity_momentum,False
2024-10-31,2024-10-31T23:41:00,2024-10-31T23:40:00,PHOR,PHOR,moex,medium,0.39144859129490295,0.5001448082161216,0.10840660048897546,1.0,fresh_kronos_target_free_risk_v1,past_only_cross_sectional_vol_drawdown_liquidity_momentum,False
2024-10-31,2024-10-31T23:41:00,2024-10-31T23:40:00,PIKK,PIKK,moex,high,0.0476925470507979,0.14975798383524605,0.8025494691139561,1.0,fresh_kronos_target_free_risk_v1,past_only_cross_sectional_vol_drawdown_liquidity_momentum,False
2024-10-31,2024-10-31T23:41:00,2024-10-31T23:40:00,PLZL,PLZL,moex,medium,0.23388001370892447,0.6460930202575453,0.1200269660335303,1.0,fresh_kronos_target_free_risk_v1,past_only_cross_sectional_vol_drawdown_liquidity_momentum,False
2024-10-31,2024-10-31T23:41:00,2024-10-31T23:40:00,POSI,POSI,moex,medium,0.1211882057318642,0.7170223956279707,0.16178939864016523,1.0,fresh_kronos_target_free_risk_v1,past_only_cross_sectional_vol_drawdown_liquidity_momentum,False
2024-10-31,2024-10-31T23:41:00,2024-10-31T23:40:00,RNFT,RNFT,moex,medium,0.11924918604367903,0.6294669027960873,0.25128391116023363,1.0,fresh_kronos_target_free_risk_v1,past_only_cross_sectional_vol_drawdown_liquidity_momentum,False
2024-10-31,2024-10-31T23:41:00,2024-10-31T23:40:00,ROSN,ROSN,moex,low,0.511179440394481,0.3942828361544054,0.09453772345111355,1.0,fresh_kronos_target_free_risk_v1,past_only_cross_sectional_vol_drawdown_liquidity_momentum,False
2024-10-31,2024-10-31T23:41:00,2024-10-31T23:40:00,RTKM,RTKM,moex,high,0.07533449995275136,0.28014146796853256,0.644524032078716,1.0,fresh_kronos_target_free_risk_v1,past_only_cross_sectional_vol_drawdown_liquidity_momentum,False
2024-10-31,2024-10-31T23:41:00,2024-10-31T23:40:00,RUAL,RUAL,moex,medium,0.27331611178217025,0.6086347997983839,0.11804908841944596,1.0,fresh_kronos_target_free_risk_v1,past_only_cross_sectional_vol_drawdown_liquidity_momentum,False
2024-10-31,2024-10-31T23:41:00,2024-10-31T23:40:00,SBER,SBER,moex,low,0.7436904226226467,0.19766079121448302,0.05864878616287044,1.0,fresh_kronos_target_free_risk_v1,past_only_cross_sectional_vol_drawdown_liquidity_momentum,False
2024-10-31,2024-10-31T23:41:00,2024-10-31T23:40:00,SGZH,SGZH,moex,high,0.04991942564426052,0.15912705514717226,0.7909535192085673,1.0,fresh_kronos_target_free_risk_v1,past_only_cross_sectional_vol_drawdown_liquidity_momentum,False
2024-10-31,2024-10-31T23:41:00,2024-10-31T23:40:00,SIBN,SIBN,moex,medium,0.12080813961663507,0.734736459728909,0.14445540065445583,1.0,fresh_kronos_target_free_risk_v1,past_only_cross_sectional_vol_drawdown_liquidity_momentum,False
2024-10-31,2024-10-31T23:41:00,2024-10-31T23:40:00,SMLT,SMLT,moex,high,0.05429925667471012,0.17809537711311424,0.7676053662121756,1.0,fresh_kronos_target_free_risk_v1,past_only_cross_sectional_vol_drawdown_liquidity_momentum,False
2024-10-31,2024-10-31T23:41:00,2024-10-31T23:40:00,SNGS,SNGS,moex,medium,0.30132260238966957,0.5824617890874781,0.11621560852285213,1.0,fresh_kronos_target_free_risk_v1,past_only_cross_sectional_vol_drawdown_liquidity_momentum,False
2024-10-31,2024-10-31T23:41:00,2024-10-31T23:40:00,SPBE,SPBE,moex,medium,0.1066828080000337,0.48511389197070387,0.4082033000292623,1.0,fresh_kronos_target_free_risk_v1,past_only_cross_sectional_vol_drawdown_liquidity_momentum,False
2024-10-31,2024-10-31T23:41:00,2024-10-31T23:40:00,SVCB,SVCB,moex,medium,0.21512661818548992,0.664197425988511,0.12067595582599923,1.0,fresh_kronos_target_free_risk_v1,past_only_cross_sectional_vol_drawdown_liquidity_momentum,False
2024-10-31,2024-10-31T23:41:00,2024-10-31T23:40:00,T,T,moex,medium,0.12461964779300636,0.7554507492989191,0.11992960290807461,1.0,fresh_kronos_target_free_risk_v1,past_only_cross_sectional_vol_drawdown_liquidity_momentum,False
2024-10-31,2024-10-31T23:41:00,2024-10-31T23:40:00,TATN,TATN,moex,medium,0.23310111922232254,0.6468409043558371,0.12005797642184043,1.0,fresh_kronos_target_free_risk_v1,past_only_cross_sectional_vol_drawdown_liquidity_momentum,False
2024-10-31,2024-10-31T23:41:00,2024-10-31T23:40:00,UGLD,UGLD,moex,high,0.05730169669298056,0.19152200253181068,0.7511763007752087,1.0,fresh_kronos_target_free_risk_v1,past_only_cross_sectional_vol_drawdown_liquidity_momentum,False
2024-10-31,2024-10-31T23:41:00,2024-10-31T23:40:00,VKCO,VKCO,moex,high,0.07683715284400057,0.2882208226102717,0.6349420245457278,1.0,fresh_kronos_target_free_risk_v1,past_only_cross_sectional_vol_drawdown_liquidity_momentum,False
2024-10-31,2024-10-31T23:41:00,2024-10-31T23:40:00,VTBR,VTBR,moex,medium,0.12127498175002663,0.701481721688578,0.17724329656139534,1.0,fresh_kronos_target_free_risk_v1,past_only_cross_sectional_vol_drawdown_liquidity_momentum,False
2024-10-31,2024-10-31T23:41:00,2024-10-31T23:40:00,WUSH,WUSH,moex,high,0.04510457653770582,0.13909936691366248,0.8157960565486317,1.0,fresh_kronos_target_free_risk_v1,past_only_cross_sectional_vol_drawdown_liquidity_momentum,False
2024-10-31,2024-10-31T23:41:00,2024-10-31T23:40:00,YDEX,YDEX,moex,low,0.6144998075114376,0.3055203367789071,0.07997985570965535,1.0,fresh_kronos_target_free_risk_v1,past_only_cross_sectional_vol_drawdown_liquidity_momentum,False
2024-11-29,2024-11-29T23:41:00,2024-11-29T23:40:00,AFKS,AFKS,moex,medium,0.10939927183659026,0.5091631446829693,0.3814375834804405,1.0,fresh_kronos_target_free_risk_v1,past_only_cross_sectional_vol_drawdown_liquidity_momentum,False
2024-11-29,2024-11-29T23:41:00,2024-11-29T23:40:00,AFLT,AFLT,moex,medium,0.16440563721562393,0.7143758578834462,0.12121850490092997,1.0,fresh_kronos_target_free_risk_v1,past_only_cross_sectional_vol_drawdown_liquidity_momentum,False
2024-11-29,2024-11-29T23:41:00,2024-11-29T23:40:00,ALRS,ALRS,moex,medium,0.136168104006438,0.7433273735637461,0.1205045224298158,1.0,fresh_kronos_target_free_risk_v1,past_only_cross_sectional_vol_drawdown_liquidity_momentum,False
2024-11-29,2024-11-29T23:41:00,2024-11-29T23:40:00,ASTR,ASTR,moex,medium,0.1196920848018681,0.7606833477495034,0.11962456744862839,1.0,fresh_kronos_target_free_risk_v1,past_only_cross_sectional_vol_drawdown_liquidity_momentum,False
2024-11-29,2024-11-29T23:41:00,2024-11-29T23:40:00,BSPB,BSPB,moex,medium,0.12029768319414937,0.7481374782442504,0.1315648385616002,1.0,fresh_kronos_target_free_risk_v1,past_only_cross_sectional_vol_drawdown_liquidity_momentum,False
2024-11-29,2024-11-29T23:41:00,2024-11-29T23:40:00,CBOM,CBOM,moex,medium,0.24080093095273597,0.6394622471588337,0.11973682188843035,1.0,fresh_kronos_target_free_risk_v1,past_only_cross_sectional_vol_drawdown_liquidity_momentum,False
2024-11-29,2024-11-29T23:41:00,2024-11-29T23:40:00,CHMF,CHMF,moex,medium,0.12067714542361951,0.6642373449766233,0.2150855095997571,1.0,fresh_kronos_target_free_risk_v1,past_only_cross_sectional_vol_drawdown_liquidity_momentum,False
2024-11-29,2024-11-29T23:41:00,2024-11-29T23:40:00,ENPG,ENPG,moex,medium,0.12104986402194669,0.7253068673354423,0.15364326864261102,1.0,fresh_kronos_target_free_risk_v1,past_only_cross_sectional_vol_drawdown_liquidity_momentum,False
2024-11-29,2024-11-29T23:41:00,2024-11-29T23:40:00,FEES,FEES,moex,medium,0.1026233079439672,0.45225393439579287,0.44512275766023984,1.0,fresh_kronos_target_free_risk_v1,past_only_cross_sectional_vol_drawdown_liquidity_momentum,False
2024-11-29,2024-11-29T23:41:00,2024-11-29T23:40:00,FLOT,FLOT,moex,medium,0.14403816750092985,0.735166967600076,0.12079486489899421,1.0,fresh_kronos_target_free_risk_v1,past_only_cross_sectional_vol_drawdown_liquidity_momentum,False
2024-11-29,2024-11-29T23:41:00,2024-11-29T23:40:00,GAZP,GAZP,moex,medium,0.2614586486933904,0.6198180072550484,0.1187233440515612,1.0,fresh_kronos_target_free_risk_v1,past_only_cross_sectional_vol_drawdown_liquidity_momentum,False
2024-11-29,2024-11-29T23:41:00,2024-11-29T23:40:00,GMKN,GMKN,moex,medium,0.3236304983660997,0.5618339213403618,0.11453558029353855,1.0,fresh_kronos_target_free_risk_v1,past_only_cross_sectional_vol_drawdown_liquidity_momentum,False
2024-11-29,2024-11-29T23:41:00,2024-11-29T23:40:00,HEAD,HEAD,moex,low,0.6007646359293324,0.31719210027909683,0.0820432637915708,0.7833333333333333,fresh_kronos_target_free_risk_v1,past_only_cross_sectional_vol_drawdown_liquidity_momentum,False
2024-11-29,2024-11-29T23:41:00,2024-11-29T23:40:00,HYDR,HYDR,moex,medium,0.2653574266739538,0.616133814042812,0.11850875928323425,1.0,fresh_kronos_target_free_risk_v1,past_only_cross_sectional_vol_drawdown_liquidity_momentum,False
2024-11-29,2024-11-29T23:41:00,2024-11-29T23:40:00,IRAO,IRAO,moex,low,0.6309100899510617,0.2916261118514523,0.07746379819748608,1.0,fresh_kronos_target_free_risk_v1,past_only_cross_sectional_vol_drawdown_liquidity_momentum,False
2024-11-29,2024-11-29T23:41:00,2024-11-29T23:40:00,LKOH,LKOH,moex,low,0.8774898978397249,0.09015837610389779,0.032351726056377234,1.0,fresh_kronos_target_free_risk_v1,past_only_cross_sectional_vol_drawdown_liquidity_momentum,False
2024-11-29,2024-11-29T23:41:00,2024-11-29T23:40:00,MAGN,MAGN,moex,medium,0.1119666118085966,0.5340062170376504,0.3540271711537531,1.0,fresh_kronos_target_free_risk_v1,past_only_cross_sectional_vol_drawdown_liquidity_momentum,False
2024-11-29,2024-11-29T23:41:00,2024-11-29T23:40:00,MGNT,MGNT,moex,medium,0.11455097668116074,0.5620126075092013,0.323436415809638,1.0,fresh_kronos_target_free_risk_v1,past_only_cross_sectional_vol_drawdown_liquidity_momentum,False
2024-11-29,2024-11-29T23:41:00,2024-11-29T23:40:00,MOEX,MOEX,moex,medium,0.41920712371549657,0.4752832871100569,0.10550958917444639,1.0,fresh_kronos_target_free_risk_v1,past_only_cross_sectional_vol_drawdown_liquidity_momentum,False
2024-11-29,2024-11-29T23:41:00,2024-11-29T23:40:00,MTLR,MTLR,moex,high,0.08522908024951348,0.3357409211500404,0.5790299986004461,1.0,fresh_kronos_target_free_risk_v1,past_only_cross_sectional_vol_drawdown_liquidity_momentum,False
2024-11-29,2024-11-29T23:41:00,2024-11-29T23:40:00,MTSS,MTSS,moex,medium,0.17380723685961655,0.7049184459892734,0.12127431715110987,1.0,fresh_kronos_target_free_risk_v1,past_only_cross_sectional_vol_drawdown_liquidity_momentum,False
2024-11-29,2024-11-29T23:41:00,2024-11-29T23:40:00,NLMK,NLMK,moex,medium,0.12086661401429145,0.7594326429047378,0.11970074308097085,1.0,fresh_kronos_target_free_risk_v1,past_only_cross_sectional_vol_drawdown_liquidity_momentum,False
2024-11-29,2024-11-29T23:41:00,2024-11-29T23:40:00,NVTK,NVTK,moex,medium,0.12746810140077208,0.7524428789750581,0.12008901962416975,1.0,fresh_kronos_target_free_risk_v1,past_only_cross_sectional_vol_drawdown_liquidity_momentum,False
2024-11-29,2024-11-29T23:41:00,2024-11-29T23:40:00,OZON,OZON,moex,medium,0.11731144968256293,0.5974981584611924,0.28519039185624473,1.0,fresh_kronos_target_free_risk_v1,past_only_cross_sectional_vol_drawdown_liquidity_momentum,False
2024-11-29,2024-11-29T23:41:00,2024-11-29T23:40:00,PHOR,PHOR,moex,medium,0.33302609257905097,0.5531993515141537,0.11377455590679533,1.0,fresh_kronos_target_free_risk_v1,past_only_cross_sectional_vol_drawdown_liquidity_momentum,False
2024-11-29,2024-11-29T23:41:00,2024-11-29T23:40:00,PIKK,PIKK,moex,high,0.06464646176274068,0.2258878616215432,0.7094656766157161,1.0,fresh_kronos_target_free_risk_v1,past_only_cross_sectional_vol_drawdown_liquidity_momentum,False
2024-11-29,2024-11-29T23:41:00,2024-11-29T23:40:00,PLZL,PLZL,moex,low,0.5413949146684749,0.3680918719638618,0.09051321336766335,1.0,fresh_kronos_target_free_risk_v1,past_only_cross_sectional_vol_drawdown_liquidity_momentum,False
2024-11-29,2024-11-29T23:41:00,2024-11-29T23:40:00,POSI,POSI,moex,medium,0.10912658448930007,0.5066569451918832,0.38421647031881684,1.0,fresh_kronos_target_free_risk_v1,past_only_cross_sectional_vol_drawdown_liquidity_momentum,False
2024-11-29,2024-11-29T23:41:00,2024-11-29T23:40:00,RNFT,RNFT,moex,high,0.0638040595186681,0.22183261197064963,0.7143633285106823,1.0,fresh_kronos_target_free_risk_v1,past_only_cross_sectional_vol_drawdown_liquidity_momentum,False
2024-11-29,2024-11-29T23:41:00,2024-11-29T23:40:00,ROSN,ROSN,moex,low,0.5991280025680156,0.318585450034989,0.08228654739699545,1.0,fresh_kronos_target_free_risk_v1,past_only_cross_sectional_vol_drawdown_liquidity_momentum,False
2024-11-29,2024-11-29T23:41:00,2024-11-29T23:40:00,RTKM,RTKM,moex,high,0.07798150584263724,0.2944557387199461,0.6275627554374166,1.0,fresh_kronos_target_free_risk_v1,past_only_cross_sectional_vol_drawdown_liquidity_momentum,False
2024-11-29,2024-11-29T23:41:00,2024-11-29T23:40:00,RUAL,RUAL,moex,medium,0.11963367981727228,0.7605355160231718,0.11983080415955583,1.0,fresh_kronos_target_free_risk_v1,past_only_cross_sectional_vol_drawdown_liquidity_momentum,False
2024-11-29,2024-11-29T23:41:00,2024-11-29T23:40:00,SBER,SBER,moex,low,0.5999777392298176,0.3178619569609309,0.08216030380925157,1.0,fresh_kronos_target_free_risk_v1,past_only_cross_sectional_vol_drawdown_liquidity_momentum,False
2024-11-29,2024-11-29T23:41:00,2024-11-29T23:40:00,SGZH,SGZH,moex,high,0.07562619806443753,0.28170045900553525,0.6426733429300273,1.0,fresh_kronos_target_free_risk_v1,past_only_cross_sectional_vol_drawdown_liquidity_momentum,False
2024-11-29,2024-11-29T23:41:00,2024-11-29T23:40:00,SIBN,SIBN,moex,medium,0.14402659190825137,0.7351789144313865,0.12079449366036206,1.0,fresh_kronos_target_free_risk_v1,past_only_cross_sectional_vol_drawdown_liquidity_momentum,False
2024-11-29,2024-11-29T23:41:00,2024-11-29T23:40:00,SMLT,SMLT,moex,high,0.07773872508773223,0.29312692299640775,0.6291343519158599,1.0,fresh_kronos_target_free_risk_v1,past_only_cross_sectional_vol_drawdown_liquidity_momentum,False
2024-11-29,2024-11-29T23:41:00,2024-11-29T23:40:00,SNGS,SNGS,moex,medium,0.3545691329060182,0.5335127943434149,0.11191807275056694,1.0,fresh_kronos_target_free_risk_v1,past_only_cross_sectional_vol_drawdown_liquidity_momentum,False
2024-11-29,2024-11-29T23:41:00,2024-11-29T23:40:00,SPBE,SPBE,moex,medium,0.10786721648827997,0.4953603783751718,0.39677240513654827,1.0,fresh_kronos_target_free_risk_v1,past_only_cross_sectional_vol_drawdown_liquidity_momentum,False
2024-11-29,2024-11-29T23:41:00,2024-11-29T23:40:00,SVCB,SVCB,moex,medium,0.12119289250821481,0.688895581987042,0.1899115255047432,1.0,fresh_kronos_target_free_risk_v1,past_only_cross_sectional_vol_drawdown_liquidity_momentum,False
2024-11-29,2024-11-29T23:41:00,2024-11-29T23:40:00,T,T,moex,medium,0.16248021055489015,0.7163229354048467,0.12119685404026316,1.0,fresh_kronos_target_free_risk_v1,past_only_cross_sectional_vol_drawdown_liquidity_momentum,False
2024-11-29,2024-11-29T23:41:00,2024-11-29T23:40:00,TATN,TATN,moex,medium,0.12118057318734776,0.7176106732586056,0.16120875355404657,1.0,fresh_kronos_target_free_risk_v1,past_only_cross_sectional_vol_drawdown_liquidity_momentum,False
2024-11-29,2024-11-29T23:41:00,2024-11-29T23:40:00,UGLD,UGLD,moex,medium,0.11834149235403664,0.6133470768799231,0.26831143076604025,1.0,fresh_kronos_target_free_risk_v1,past_only_cross_sectional_vol_drawdown_liquidity_momentum,False
2024-11-29,2024-11-29T23:41:00,2024-11-29T23:40:00,VKCO,VKCO,moex,high,0.05555469492853753,0.18366703968192027,0.7607782653895422,1.0,fresh_kronos_target_free_risk_v1,past_only_cross_sectional_vol_drawdown_liquidity_momentum,False
2024-11-29,2024-11-29T23:41:00,2024-11-29T23:40:00,VTBR,VTBR,moex,medium,0.18820005199538975,0.6905885125278342,0.12121143547677614,1.0,fresh_kronos_target_free_risk_v1,past_only_cross_sectional_vol_drawdown_liquidity_momentum,False
2024-11-29,2024-11-29T23:41:00,2024-11-29T23:40:00,WUSH,WUSH,moex,high,0.1018146762201136,0.4460597053872106,0.4521256183926758,1.0,fresh_kronos_target_free_risk_v1,past_only_cross_sectional_vol_drawdown_liquidity_momentum,False
2024-11-29,2024-11-29T23:41:00,2024-11-29T23:40:00,YDEX,YDEX,moex,medium,0.23881192971729434,0.6413652083710533,0.11982286191165245,1.0,fresh_kronos_target_free_risk_v1,past_only_cross_sectional_vol_drawdown_liquidity_momentum,False
2024-12-30,2024-12-30T23:41:00,2024-12-30T23:40:00,AFKS,AFKS,moex,medium,0.12025448578656928,0.651796209699827,0.2279493045136037,1.0,fresh_kronos_target_free_risk_v1,past_only_cross_sectional_vol_drawdown_liquidity_momentum,False
2024-12-30,2024-12-30T23:41:00,2024-12-30T23:40:00,AFLT,AFLT,moex,medium,0.18495367488663372,0.6938059734282181,0.12124035168514813,1.0,fresh_kronos_target_free_risk_v1,past_only_cross_sectional_vol_drawdown_liquidity_momentum,False
2024-12-30,2024-12-30T23:41:00,2024-12-30T23:40:00,ALRS,ALRS,moex,medium,0.3967144317378638,0.49541243584646083,0.10787313241567544,1.0,fresh_kronos_target_free_risk_v1,past_only_cross_sectional_vol_drawdown_liquidity_momentum,False
2024-12-30,2024-12-30T23:41:00,2024-12-30T23:40:00,ASTR,ASTR,moex,medium,0.12032284825791162,0.6536201408758984,0.22605701086619007,1.0,fresh_kronos_target_free_risk_v1,past_only_cross_sectional_vol_drawdown_liquidity_momentum,False
2024-12-30,2024-12-30T23:41:00,2024-12-30T23:40:00,BSPB,BSPB,moex,medium,0.19180180259676022,0.6870283819136196,0.12116981548962019,1.0,fresh_kronos_target_free_risk_v1,past_only_cross_sectional_vol_drawdown_liquidity_momentum,False
2024-12-30,2024-12-30T23:41:00,2024-12-30T23:40:00,CBOM,CBOM,moex,medium,0.11942768425905036,0.6329871779802514,0.24758513776069838,1.0,fresh_kronos_target_free_risk_v1,past_only_cross_sectional_vol_drawdown_liquidity_momentum,False
2024-12-30,2024-12-30T23:41:00,2024-12-30T23:40:00,CHMF,CHMF,moex,medium,0.11999195182542721,0.7542997910160533,0.1257082571585195,1.0,fresh_kronos_target_free_risk_v1,past_only_cross_sectional_vol_drawdown_liquidity_momentum,False
2024-12-30,2024-12-30T23:41:00,2024-12-30T23:40:00,ENPG,ENPG,moex,medium,0.12074466057401395,0.7367396655532018,0.14251567387278413,1.0,fresh_kronos_target_free_risk_v1,past_only_cross_sectional_vol_drawdown_liquidity_momentum,False
2024-12-30,2024-12-30T23:41:00,2024-12-30T23:40:00,FEES,FEES,moex,medium,0.12061615958556528,0.6622359843314306,0.21714785608300416,1.0,fresh_kronos_target_free_risk_v1,past_only_cross_sectional_vol_drawdown_liquidity_momentum,False
2024-12-30,2024-12-30T23:41:00,2024-12-30T23:40:00,FLOT,FLOT,moex,medium,0.12126202450564806,0.7086258053386466,0.17011217015570532,1.0,fresh_kronos_target_free_risk_v1,past_only_cross_sectional_vol_drawdown_liquidity_momentum,False
2024-12-30,2024-12-30T23:41:00,2024-12-30T23:40:00,GAZP,GAZP,moex,medium,0.23690515851584937,0.6431914949171595,0.119903346566991,1.0,fresh_kronos_target_free_risk_v1,past_only_cross_sectional_vol_drawdown_liquidity_momentum,False
2024-12-30,2024-12-30T23:41:00,2024-12-30T23:40:00,GMKN,GMKN,moex,medium,0.24142585425293062,0.6388647920850384,0.11970935366203093,1.0,fresh_kronos_target_free_risk_v1,past_only_cross_sectional_vol_drawdown_liquidity_momentum,False
2024-12-30,2024-12-30T23:41:00,2024-12-30T23:40:00,HEAD,HEAD,moex,high,0.08024058485547017,0.3069810300141415,0.6127783851303883,1.0,fresh_kronos_target_free_risk_v1,past_only_cross_sectional_vol_drawdown_liquidity_momentum,False
2024-12-30,2024-12-30T23:41:00,2024-12-30T23:40:00,HYDR,HYDR,moex,medium,0.21340334880656248,0.665871743621145,0.12072490757229254,1.0,fresh_kronos_target_free_risk_v1,past_only_cross_sectional_vol_drawdown_liquidity_momentum,False
2024-12-30,2024-12-30T23:41:00,2024-12-30T23:40:00,IRAO,IRAO,moex,low,0.4969468966015179,0.4066888472114378,0.09636425618704425,1.0,fresh_kronos_target_free_risk_v1,past_only_cross_sectional_vol_drawdown_liquidity_momentum,False
2024-12-30,2024-12-30T23:41:00,2024-12-30T23:40:00,LKOH,LKOH,moex,low,0.6619825226949211,0.26546951802462476,0.07254795928045425,1.0,fresh_kronos_target_free_risk_v1,past_only_cross_sectional_vol_drawdown_liquidity_momentum,False
2024-12-30,2024-12-30T23:41:00,2024-12-30T23:40:00,MAGN,MAGN,moex,high,0.08617088387784387,0.34135522510347077,0.5724738910186854,1.0,fresh_kronos_target_free_risk_v1,past_only_cross_sectional_vol_drawdown_liquidity_momentum,False
2024-12-30,2024-12-30T23:41:00,2024-12-30T23:40:00,MGNT,MGNT,moex,medium,0.4029309836525861,0.4898355089185393,0.10723350742887448,1.0,fresh_kronos_target_free_risk_v1,past_only_cross_sectional_vol_drawdown_liquidity_momentum,False
2024-12-30,2024-12-30T23:41:00,2024-12-30T23:40:00,MOEX,MOEX,moex,medium,0.44148082496623275,0.4554800778427772,0.1030390971909899,1.0,fresh_kronos_target_free_risk_v1,past_only_cross_sectional_vol_drawdown_liquidity_momentum,False
2024-12-30,2024-12-30T23:41:00,2024-12-30T23:40:00,MTLR,MTLR,moex,medium,0.10477735007138075,0.46929376060546835,0.4259288893231509,1.0,fresh_kronos_target_free_risk_v1,past_only_cross_sectional_vol_drawdown_liquidity_momentum,False
2024-12-30,2024-12-30T23:41:00,2024-12-30T23:40:00,MTSS,MTSS,moex,medium,0.11984128921370446,0.757030134251646,0.12312857653464951,1.0,fresh_kronos_target_free_risk_v1,past_only_cross_sectional_vol_drawdown_liquidity_momentum,False
2024-12-30,2024-12-30T23:41:00,2024-12-30T23:40:00,NLMK,NLMK,moex,medium,0.20093025671182452,0.6780484434329864,0.12102129985518906,1.0,fresh_kronos_target_free_risk_v1,past_only_cross_sectional_vol_drawdown_liquidity_momentum,False
2024-12-30,2024-12-30T23:41:00,2024-12-30T23:40:00,NVTK,NVTK,moex,medium,0.17249675552741345,0.7062318938808161,0.1212713505917704,1.0,fresh_kronos_target_free_risk_v1,past_only_cross_sectional_vol_drawdown_liquidity_momentum,False
2024-12-30,2024-12-30T23:41:00,2024-12-30T23:40:00,OZON,OZON,moex,medium,0.11944101890596653,0.6332560595467981,0.24730292154723538,1.0,fresh_kronos_target_free_risk_v1,past_only_cross_sectional_vol_drawdown_liquidity_momentum,False
2024-12-30,2024-12-30T23:41:00,2024-12-30T23:40:00,PHOR,PHOR,moex,low,0.5513528652014372,0.359503113937294,0.08914402086126878,1.0,fresh_kronos_target_free_risk_v1,past_only_cross_sectional_vol_drawdown_liquidity_momentum,False
2024-12-30,2024-12-30T23:41:00,2024-12-30T23:40:00,PIKK,PIKK,moex,high,0.05425010420461197,0.17787847019810743,0.7678714255972806,1.0,fresh_kronos_target_free_risk_v1,past_only_cross_sectional_vol_drawdown_liquidity_momentum,False
2024-12-30,2024-12-30T23:41:00,2024-12-30T23:40:00,PLZL,PLZL,moex,medium,0.14866373577782901,0.7304055969716245,0.12093066725054644,1.0,fresh_kronos_target_free_risk_v1,past_only_cross_sectional_vol_drawdown_liquidity_momentum,False
2024-12-30,2024-12-30T23:41:00,2024-12-30T23:40:00,POSI,POSI,moex,high,0.09170332195387465,0.37568458034779123,0.5326120976983341,1.0,fresh_kronos_target_free_risk_v1,past_only_cross_sectional_vol_drawdown_liquidity_momentum,False
2024-12-30,2024-12-30T23:41:00,2024-12-30T23:40:00,RNFT,RNFT,moex,high,0.04533094468157821,0.14002186661000446,0.8146471887084173,1.0,fresh_kronos_target_free_risk_v1,past_only_cross_sectional_vol_drawdown_liquidity_momentum,False
2024-12-30,2024-12-30T23:41:00,2024-12-30T23:40:00,ROSN,ROSN,moex,low,0.7092353696007049,0.22607868393056194,0.06468594646873337,1.0,fresh_kronos_target_free_risk_v1,past_only_cross_sectional_vol_drawdown_liquidity_momentum,False
2024-12-30,2024-12-30T23:41:00,2024-12-30T23:40:00,RTKM,RTKM,moex,high,0.09139221588973727,0.3736879829679628,0.5349198011422999,1.0,fresh_kronos_target_free_risk_v1,past_only_cross_sectional_vol_drawdown_liquidity_momentum,False
2024-12-30,2024-12-30T23:41:00,2024-12-30T23:40:00,RUAL,RUAL,moex,medium,0.1059112436781322,0.47861526579786406,0.41547349052400384,1.0,fresh_kronos_target_free_risk_v1,past_only_cross_sectional_vol_drawdown_liquidity_momentum,False
2024-12-30,2024-12-30T23:41:00,2024-12-30T23:40:00,SBER,SBER,moex,low,0.5724738910186854,0.34135522510347077,0.08617088387784387,1.0,fresh_kronos_target_free_risk_v1,past_only_cross_sectional_vol_drawdown_liquidity_momentum,False
2024-12-30,2024-12-30T23:41:00,2024-12-30T23:40:00,SGZH,SGZH,moex,medium,0.11216329217777225,0.5360162463789352,0.3518204614432925,1.0,fresh_kronos_target_free_risk_v1,past_only_cross_sectional_vol_drawdown_liquidity_momentum,False
2024-12-30,2024-12-30T23:41:00,2024-12-30T23:40:00,SIBN,SIBN,moex,medium,0.12610846932775385,0.7538771025969412,0.12001442807530496,1.0,fresh_kronos_target_free_risk_v1,past_only_cross_sectional_vol_drawdown_liquidity_momentum,False
2024-12-30,2024-12-30T23:41:00,2024-12-30T23:40:00,SMLT,SMLT,moex,high,0.08324004757089878,0.3240825081747155,0.5926774442543857,1.0,fresh_kronos_target_free_risk_v1,past_only_cross_sectional_vol_drawdown_liquidity_momentum,False
2024-12-30,2024-12-30T23:41:00,2024-12-30T23:40:00,SNGS,SNGS,moex,low,0.489149711587437,0.41350458442533455,0.0973457039872284,1.0,fresh_kronos_target_free_risk_v1,past_only_cross_sectional_vol_drawdown_liquidity_momentum,False
2024-12-30,2024-12-30T23:41:00,2024-12-30T23:40:00,SPBE,SPBE,moex,medium,0.1200798016137294,0.6473724285368189,0.2325477698494517,1.0,fresh_kronos_target_free_risk_v1,past_only_cross_sectional_vol_drawdown_liquidity_momentum,False
2024-12-30,2024-12-30T23:41:00,2024-12-30T23:40:00,SVCB,SVCB,moex,medium,0.18212156691660095,0.696619695701657,0.121258737381742,1.0,fresh_kronos_target_free_risk_v1,past_only_cross_sectional_vol_drawdown_liquidity_momentum,False
2024-12-30,2024-12-30T23:41:00,2024-12-30T23:40:00,T,T,moex,medium,0.19021163110593828,0.6885989591434198,0.12118940975064184,1.0,fresh_kronos_target_free_risk_v1,past_only_cross_sectional_vol_drawdown_liquidity_momentum,False
2024-12-30,2024-12-30T23:41:00,2024-12-30T23:40:00,TATN,TATN,moex,medium,0.3106653153686017,0.5738002812654555,0.11553440336594292,1.0,fresh_kronos_target_free_risk_v1,past_only_cross_sectional_vol_drawdown_liquidity_momentum,False
2024-12-30,2024-12-30T23:41:00,2024-12-30T23:40:00,UGLD,UGLD,moex,medium,0.1287315680873968,0.7511125112322727,0.12015592068033058,1.0,fresh_kronos_target_free_risk_v1,past_only_cross_sectional_vol_drawdown_liquidity_momentum,False
2024-12-30,2024-12-30T23:41:00,2024-12-30T23:40:00,VKCO,VKCO,moex,high,0.07910509867311968,0.3006487225934511,0.6202461787334292,1.0,fresh_kronos_target_free_risk_v1,past_only_cross_sectional_vol_drawdown_liquidity_momentum,False
2024-12-30,2024-12-30T23:41:00,2024-12-30T23:40:00,VTBR,VTBR,moex,medium,0.12555961697298887,0.7544568396967745,0.11998354333023672,1.0,fresh_kronos_target_free_risk_v1,past_only_cross_sectional_vol_drawdown_liquidity_momentum,False
2024-12-30,2024-12-30T23:41:00,2024-12-30T23:40:00,WUSH,WUSH,moex,high,0.06704472519273871,0.23760145696658683,0.6953538178406744,1.0,fresh_kronos_target_free_risk_v1,past_only_cross_sectional_vol_drawdown_liquidity_momentum,False
2024-12-30,2024-12-30T23:41:00,2024-12-30T23:40:00,YDEX,YDEX,moex,medium,0.31529110070614763,0.5695238661070644,0.1151850331867879,1.0,fresh_kronos_target_free_risk_v1,past_only_cross_sectional_vol_drawdown_liquidity_momentum,False
2025-01-31,2025-01-31T23:41:00,2025-01-31T23:40:00,AFKS,AFKS,moex,medium,0.12027465018564833,0.6523282635168788,0.22739708629747282,1.0,fresh_kronos_target_free_risk_v1,past_only_cross_sectional_vol_drawdown_liquidity_momentum,False
2025-01-31,2025-01-31T23:41:00,2025-01-31T23:40:00,AFLT,AFLT,moex,medium,0.14659599545878338,0.7325309809873347,0.12087302355388195,1.0,fresh_kronos_target_free_risk_v1,past_only_cross_sectional_vol_drawdown_liquidity_momentum,False
2025-01-31,2025-01-31T23:41:00,2025-01-31T23:40:00,ALRS,ALRS,moex,medium,0.25050579041281223,0.6302068999814153,0.11928730960577232,1.0,fresh_kronos_target_free_risk_v1,past_only_cross_sectional_vol_drawdown_liquidity_momentum,False
2025-01-31,2025-01-31T23:41:00,2025-01-31T23:40:00,ASTR,ASTR,moex,high,0.10165146267363244,0.44482186051965295,0.4535266768067146,1.0,fresh_kronos_target_free_risk_v1,past_only_cross_sectional_vol_drawdown_liquidity_momentum,False
2025-01-31,2025-01-31T23:41:00,2025-01-31T23:40:00,BSPB,BSPB,moex,medium,0.1762633356302007,0.7024608343024515,0.12127583006734775,1.0,fresh_kronos_target_free_risk_v1,past_only_cross_sectional_vol_drawdown_liquidity_momentum,False
2025-01-31,2025-01-31T23:41:00,2025-01-31T23:40:00,CBOM,CBOM,moex,medium,0.12106676948893973,0.7244767719335814,0.15445645857747883,1.0,fresh_kronos_target_free_risk_v1,past_only_cross_sectional_vol_drawdown_liquidity_momentum,False
2025-01-31,2025-01-31T23:41:00,2025-01-31T23:40:00,CHMF,CHMF,moex,medium,0.10751138744390917,0.4922457507921109,0.40024286176397994,1.0,fresh_kronos_target_free_risk_v1,past_only_cross_sectional_vol_drawdown_liquidity_momentum,False
2025-01-31,2025-01-31T23:41:00,2025-01-31T23:40:00,ENPG,ENPG,moex,medium,0.12095201685451111,0.7295706874078839,0.14947729573760501,1.0,fresh_kronos_target_free_risk_v1,past_only_cross_sectional_vol_drawdown_liquidity_momentum,False
2025-01-31,2025-01-31T23:41:00,2025-01-31T23:40:00,FEES,FEES,moex,medium,0.11878499912268389,0.6209011733989367,0.2603138274783794,1.0,fresh_kronos_target_free_risk_v1,past_only_cross_sectional_vol_drawdown_liquidity_momentum,False
2025-01-31,2025-01-31T23:41:00,2025-01-31T23:40:00,FLOT,FLOT,moex,high,0.09671698234865789,0.4091258717107416,0.49415714594060056,1.0,fresh_kronos_target_free_risk_v1,past_only_cross_sectional_vol_drawdown_liquidity_momentum,False
2025-01-31,2025-01-31T23:41:00,2025-01-31T23:40:00,GAZP,GAZP,moex,medium,0.14502681044539134,0.7341472042617372,0.12082598529287146,1.0,fresh_kronos_target_free_risk_v1,past_only_cross_sectional_vol_drawdown_liquidity_momentum,False
2025-01-31,2025-01-31T23:41:00,2025-01-31T23:40:00,GMKN,GMKN,moex,medium,0.16575619643179051,0.7130122392489929,0.12123156431921661,1.0,fresh_kronos_target_free_risk_v1,past_only_cross_sectional_vol_drawdown_liquidity_momentum,False
2025-01-31,2025-01-31T23:41:00,2025-01-31T23:40:00,HEAD,HEAD,moex,medium,0.10725508997342031,0.49002202970053804,0.4027228803260418,1.0,fresh_kronos_target_free_risk_v1,past_only_cross_sectional_vol_drawdown_liquidity_momentum,False
2025-01-31,2025-01-31T23:41:00,2025-01-31T23:40:00,HYDR,HYDR,moex,medium,0.12093927177474752,0.7300725060742299,0.14898822215102264,1.0,fresh_kronos_target_free_risk_v1,past_only_cross_sectional_vol_drawdown_liquidity_momentum,False
2025-01-31,2025-01-31T23:41:00,2025-01-31T23:40:00,IRAO,IRAO,moex,medium,0.44636649259255196,0.4511529407706208,0.10248056663682727,1.0,fresh_kronos_target_free_risk_v1,past_only_cross_sectional_vol_drawdown_liquidity_momentum,False
2025-01-31,2025-01-31T23:41:00,2025-01-31T23:40:00,LKOH,LKOH,moex,low,0.586029267845857,0.3297569465276805,0.08421378562646258,1.0,fresh_kronos_target_free_risk_v1,past_only_cross_sectional_vol_drawdown_liquidity_momentum,False
2025-01-31,2025-01-31T23:41:00,2025-01-31T23:40:00,MAGN,MAGN,moex,medium,0.12083808363533721,0.733740537880823,0.1454213784838397,1.0,fresh_kronos_target_free_risk_v1,past_only_cross_sectional_vol_drawdown_liquidity_momentum,False
2025-01-31,2025-01-31T23:41:00,2025-01-31T23:40:00,MGNT,MGNT,moex,medium,0.3821860804478428,0.5084878780823174,0.10932604146983976,1.0,fresh_kronos_target_free_risk_v1,past_only_cross_sectional_vol_drawdown_liquidity_momentum,False
2025-01-31,2025-01-31T23:41:00,2025-01-31T23:40:00,MOEX,MOEX,moex,medium,0.32716911356149514,0.5585783375664808,0.11425254887202409,1.0,fresh_kronos_target_free_risk_v1,past_only_cross_sectional_vol_drawdown_liquidity_momentum,False
2025-01-31,2025-01-31T23:41:00,2025-01-31T23:40:00,MTLR,MTLR,moex,medium,0.10822040890149695,0.4984844402702777,0.3932951508282253,1.0,fresh_kronos_target_free_risk_v1,past_only_cross_sectional_vol_drawdown_liquidity_momentum,False
2025-01-31,2025-01-31T23:41:00,2025-01-31T23:40:00,MTSS,MTSS,moex,medium,0.1735137377284404,0.7052124778467336,0.121273784424826,1.0,fresh_kronos_target_free_risk_v1,past_only_cross_sectional_vol_drawdown_liquidity_momentum,False
2025-01-31,2025-01-31T23:41:00,2025-01-31T23:40:00,NLMK,NLMK,moex,medium,0.1924435794120819,0.6863950527244352,0.12116136786348287,1.0,fresh_kronos_target_free_risk_v1,past_only_cross_sectional_vol_drawdown_liquidity_momentum,False
2025-01-31,2025-01-31T23:41:00,2025-01-31T23:40:00,NVTK,NVTK,moex,medium,0.12588100186781143,0.7541173156064904,0.12000168252569811,1.0,fresh_kronos_target_free_risk_v1,past_only_cross_sectional_vol_drawdown_liquidity_momentum,False
2025-01-31,2025-01-31T23:41:00,2025-01-31T23:40:00,OZON,OZON,moex,high,0.09429916666314961,0.39268791352658844,0.513012919810262,1.0,fresh_kronos_target_free_risk_v1,past_only_cross_sectional_vol_drawdown_liquidity_momentum,False
2025-01-31,2025-01-31T23:41:00,2025-01-31T23:40:00,PHOR,PHOR,moex,low,0.6055809350821224,0.31309493286881446,0.08132413204906316,1.0,fresh_kronos_target_free_risk_v1,past_only_cross_sectional_vol_drawdown_liquidity_momentum,False
2025-01-31,2025-01-31T23:41:00,2025-01-31T23:40:00,PIKK,PIKK,moex,high,0.09874839692329836,0.4234416346723009,0.4778099684044009,1.0,fresh_kronos_target_free_risk_v1,past_only_cross_sectional_vol_drawdown_liquidity_momentum,False
2025-01-31,2025-01-31T23:41:00,2025-01-31T23:40:00,PLZL,PLZL,moex,medium,0.12046685753761456,0.7442522620953783,0.135280880367007,1.0,fresh_kronos_target_free_risk_v1,past_only_cross_sectional_vol_drawdown_liquidity_momentum,False
2025-01-31,2025-01-31T23:41:00,2025-01-31T23:40:00,POSI,POSI,moex,medium,0.11865659305252461,0.6186580504519892,0.26268535649548624,1.0,fresh_kronos_target_free_risk_v1,past_only_cross_sectional_vol_drawdown_liquidity_momentum,False
2025-01-31,2025-01-31T23:41:00,2025-01-31T23:40:00,RNFT,RNFT,moex,high,0.08402055503815957,0.32862593266942225,0.5873535122924183,1.0,fresh_kronos_target_free_risk_v1,past_only_cross_sectional_vol_drawdown_liquidity_momentum,False
2025-01-31,2025-01-31T23:41:00,2025-01-31T23:40:00,ROSN,ROSN,moex,low,0.5429375655174669,0.36675995525630095,0.09030247922623226,1.0,fresh_kronos_target_free_risk_v1,past_only_cross_sectional_vol_drawdown_liquidity_momentum,False
2025-01-31,2025-01-31T23:41:00,2025-01-31T23:40:00,RTKM,RTKM,moex,high,0.09896112294928675,0.4249697977806855,0.47606907927002773,1.0,fresh_kronos_target_free_risk_v1,past_only_cross_sectional_vol_drawdown_liquidity_momentum,False
2025-01-31,2025-01-31T23:41:00,2025-01-31T23:40:00,RUAL,RUAL,moex,high,0.08133377954526486,0.31314968774030594,0.6055165327144292,1.0,fresh_kronos_target_free_risk_v1,past_only_cross_sectional_vol_drawdown_liquidity_momentum,False
2025-01-31,2025-01-31T23:41:00,2025-01-31T23:40:00,SBER,SBER,moex,low,0.7809346670915832,0.16724983596670107,0.05181549694171561,1.0,fresh_kronos_target_free_risk_v1,past_only_cross_sectional_vol_drawdown_liquidity_momentum,False
2025-01-31,2025-01-31T23:41:00,2025-01-31T23:40:00,SGZH,SGZH,moex,high,0.07316855150880679,0.26870312552112996,0.6581283229700633,1.0,fresh_kronos_target_free_risk_v1,past_only_cross_sectional_vol_drawdown_liquidity_momentum,False
2025-01-31,2025-01-31T23:41:00,2025-01-31T23:40:00,SIBN,SIBN,moex,medium,0.2471218953373126,0.6334285537409229,0.11944955092176454,1.0,fresh_kronos_target_free_risk_v1,past_only_cross_sectional_vol_drawdown_liquidity_momentum,False
2025-01-31,2025-01-31T23:41:00,2025-01-31T23:40:00,SMLT,SMLT,moex,high,0.08462114875977637,0.3321494923653543,0.5832293588748693,1.0,fresh_kronos_target_free_risk_v1,past_only_cross_sectional_vol_drawdown_liquidity_momentum,False
2025-01-31,2025-01-31T23:41:00,2025-01-31T23:40:00,SNGS,SNGS,moex,medium,0.1671859115298016,0.7115705814535348,0.12124350701666364,1.0,fresh_kronos_target_free_risk_v1,past_only_cross_sectional_vol_drawdown_liquidity_momentum,False
2025-01-31,2025-01-31T23:41:00,2025-01-31T23:40:00,SPBE,SPBE,moex,medium,0.1206830159590697,0.6644348821311541,0.21488210190977625,1.0,fresh_kronos_target_free_risk_v1,past_only_cross_sectional_vol_drawdown_liquidity_momentum,False
2025-01-31,2025-01-31T23:41:00,2025-01-31T23:40:00,SVCB,SVCB,moex,medium,0.15076037369988227,0.7282554424848523,0.12098418381526534,1.0,fresh_kronos_target_free_risk_v1,past_only_cross_sectional_vol_drawdown_liquidity_momentum,False
2025-01-31,2025-01-31T23:41:00,2025-01-31T23:40:00,T,T,moex,medium,0.12902686775902839,0.7508019064737306,0.12017122576724103,1.0,fresh_kronos_target_free_risk_v1,past_only_cross_sectional_vol_drawdown_liquidity_momentum,False
2025-01-31,2025-01-31T23:41:00,2025-01-31T23:40:00,TATN,TATN,moex,low,0.4923122133462928,0.41073849980221033,0.09694928685149688,1.0,fresh_kronos_target_free_risk_v1,past_only_cross_sectional_vol_drawdown_liquidity_momentum,False
2025-01-31,2025-01-31T23:41:00,2025-01-31T23:40:00,UGLD,UGLD,moex,medium,0.2506736466981064,0.6300472420678115,0.11927911123408214,1.0,fresh_kronos_target_free_risk_v1,past_only_cross_sectional_vol_drawdown_liquidity_momentum,False
2025-01-31,2025-01-31T23:41:00,2025-01-31T23:40:00,VKCO,VKCO,moex,high,0.09571704832919779,0.4022526695334484,0.5020302821373538,1.0,fresh_kronos_target_free_risk_v1,past_only_cross_sectional_vol_drawdown_liquidity_momentum,False
2025-01-31,2025-01-31T23:41:00,2025-01-31T23:40:00,VTBR,VTBR,moex,medium,0.12127559371925418,0.7038819381776249,0.17484246810312096,1.0,fresh_kronos_target_free_risk_v1,past_only_cross_sectional_vol_drawdown_liquidity_momentum,False
2025-01-31,2025-01-31T23:41:00,2025-01-31T23:40:00,WUSH,WUSH,moex,medium,0.12122574629560985,0.6920656016713563,0.18670865203303377,1.0,fresh_kronos_target_free_risk_v1,past_only_cross_sectional_vol_drawdown_liquidity_momentum,False
2025-01-31,2025-01-31T23:41:00,2025-01-31T23:40:00,YDEX,YDEX,moex,medium,0.3722199539785798,0.5174923109202023,0.11028773510121792,1.0,fresh_kronos_target_free_risk_v1,past_only_cross_sectional_vol_drawdown_liquidity_momentum,False
2025-02-28,2025-02-28T23:41:00,2025-02-28T23:40:00,AFKS,AFKS,moex,medium,0.12065851567299857,0.7392606780674903,0.1400808062595111,1.0,fresh_kronos_target_free_risk_v1,past_only_cross_sectional_vol_drawdown_liquidity_momentum,False
2025-02-28,2025-02-28T23:41:00,2025-02-28T23:40:00,AFLT,AFLT,moex,medium,0.2892456027364866,0.5937085144482775,0.1170458828152359,1.0,fresh_kronos_target_free_risk_v1,past_only_cross_sectional_vol_drawdown_liquidity_momentum,False
2025-02-28,2025-02-28T23:41:00,2025-02-28T23:40:00,ALRS,ALRS,moex,medium,0.12121052292049449,0.7151315943506507,0.16365788272885487,1.0,fresh_kronos_target_free_risk_v1,past_only_cross_sectional_vol_drawdown_liquidity_momentum,False
2025-02-28,2025-02-28T23:41:00,2025-02-28T23:40:00,ASTR,ASTR,moex,medium,0.11961745045484677,0.6368989804191502,0.24348356912600302,1.0,fresh_kronos_target_free_risk_v1,past_only_cross_sectional_vol_drawdown_liquidity_momentum,False
2025-02-28,2025-02-28T23:41:00,2025-02-28T23:40:00,BSPB,BSPB,moex,medium,0.30728503637805554,0.5769302793945257,0.1157846842274187,1.0,fresh_kronos_target_free_risk_v1,past_only_cross_sectional_vol_drawdown_liquidity_momentum,False
2025-02-28,2025-02-28T23:41:00,2025-02-28T23:40:00,CBOM,CBOM,moex,high,0.10110241909099456,0.4406872775592745,0.45821030334973095,1.0,fresh_kronos_target_free_risk_v1,past_only_cross_sectional_vol_drawdown_liquidity_momentum,False
2025-02-28,2025-02-28T23:41:00,2025-02-28T23:40:00,CHMF,CHMF,moex,medium,0.11965364124830762,0.6376671659648564,0.24267919278683606,1.0,fresh_kronos_target_free_risk_v1,past_only_cross_sectional_vol_drawdown_liquidity_momentum,False
2025-02-28,2025-02-28T23:41:00,2025-02-28T23:40:00,ENPG,ENPG,moex,medium,0.12125041678552292,0.6952219559255437,0.18352762728893332,1.0,fresh_kronos_target_free_risk_v1,past_only_cross_sectional_vol_drawdown_liquidity_momentum,False
2025-02-28,2025-02-28T23:41:00,2025-02-28T23:40:00,FEES,FEES,moex,medium,0.121269080284748,0.7069518827590416,0.17177903695621033,1.0,fresh_kronos_target_free_risk_v1,past_only_cross_sectional_vol_drawdown_liquidity_momentum,False
2025-02-28,2025-02-28T23:41:00,2025-02-28T23:40:00,FLOT,FLOT,moex,high,0.09492270128660023,0.39686875867366644,0.5082085400397333,1.0,fresh_kronos_target_free_risk_v1,past_only_cross_sectional_vol_drawdown_liquidity_momentum,False
2025-02-28,2025-02-28T23:41:00,2025-02-28T23:40:00,GAZP,GAZP,moex,medium,0.17675888750823848,0.7019656088134638,0.12127550367829784,1.0,fresh_kronos_target_free_risk_v1,past_only_cross_sectional_vol_drawdown_liquidity_momentum,False
2025-02-28,2025-02-28T23:41:00,2025-02-28T23:40:00,GMKN,GMKN,moex,medium,0.12121769041880195,0.6912120972791791,0.18757021230201892,1.0,fresh_kronos_target_free_risk_v1,past_only_cross_sectional_vol_drawdown_liquidity_momentum,False
2025-02-28,2025-02-28T23:41:00,2025-02-28T23:40:00,HEAD,HEAD,moex,high,0.09334275064484121,0.38634961656763006,0.5203076327875287,1.0,fresh_kronos_target_free_risk_v1,past_only_cross_sectional_vol_drawdown_liquidity_momentum,False
2025-02-28,2025-02-28T23:41:00,2025-02-28T23:40:00,HYDR,HYDR,moex,medium,0.11903718325965087,0.6254586271246967,0.25550418961565247,1.0,fresh_kronos_target_free_risk_v1,past_only_cross_sectional_vol_drawdown_liquidity_momentum,False
2025-02-28,2025-02-28T23:41:00,2025-02-28T23:40:00,IRAO,IRAO,moex,low,0.48419538656271766,0.41784245456711994,0.09796215887016242,1.0,fresh_kronos_target_free_risk_v1,past_only_cross_sectional_vol_drawdown_liquidity_momentum,False
2025-02-28,2025-02-28T23:41:00,2025-02-28T23:40:00,LKOH,LKOH,moex,medium,0.3430417266642842,0.5440279599891422,0.11293031334657369,1.0,fresh_kronos_target_free_risk_v1,past_only_cross_sectional_vol_drawdown_liquidity_momentum,False
2025-02-28,2025-02-28T23:41:00,2025-02-28T23:40:00,MAGN,MAGN,moex,medium,0.12077725222923688,0.7357283801364013,0.1434943676343617,1.0,fresh_kronos_target_free_risk_v1,past_only_cross_sectional_vol_drawdown_liquidity_momentum,False
2025-02-28,2025-02-28T23:41:00,2025-02-28T23:40:00,MGNT,MGNT,moex,medium,0.2195185494133201,0.6599386534946992,0.12054279709198075,1.0,fresh_kronos_target_free_risk_v1,past_only_cross_sectional_vol_drawdown_liquidity_momentum,False
2025-02-28,2025-02-28T23:41:00,2025-02-28T23:40:00,MOEX,MOEX,moex,medium,0.3405787962175032,0.546280193667801,0.11314101011469578,1.0,fresh_kronos_target_free_risk_v1,past_only_cross_sectional_vol_drawdown_liquidity_momentum,False
2025-02-28,2025-02-28T23:41:00,2025-02-28T23:40:00,MTLR,MTLR,moex,medium,0.12109998031867804,0.7227365338553323,0.1561634858259895,1.0,fresh_kronos_target_free_risk_v1,past_only_cross_sectional_vol_drawdown_liquidity_momentum,False
2025-02-28,2025-02-28T23:41:00,2025-02-28T23:40:00,MTSS,MTSS,moex,medium,0.4419687396539589,0.4550476770970325,0.10298358324900872,1.0,fresh_kronos_target_free_risk_v1,past_only_cross_sectional_vol_drawdown_liquidity_momentum,False
2025-02-28,2025-02-28T23:41:00,2025-02-28T23:40:00,NLMK,NLMK,moex,medium,0.22714656708304268,0.6525696931142921,0.12028373980266516,1.0,fresh_kronos_target_free_risk_v1,past_only_cross_sectional_vol_drawdown_liquidity_momentum,False
2025-02-28,2025-02-28T23:41:00,2025-02-28T23:40:00,NVTK,NVTK,moex,medium,0.25069239075540556,0.6300294143772033,0.11927819486739112,1.0,fresh_kronos_target_free_risk_v1,past_only_cross_sectional_vol_drawdown_liquidity_momentum,False
2025-02-28,2025-02-28T23:41:00,2025-02-28T23:40:00,OZON,OZON,moex,medium,0.11738260199417239,0.5985315758176833,0.2840858221881443,1.0,fresh_kronos_target_free_risk_v1,past_only_cross_sectional_vol_drawdown_liquidity_momentum,False
2025-02-28,2025-02-28T23:41:00,2025-02-28T23:40:00,PHOR,PHOR,moex,low,0.5749756247319826,0.3392118198537573,0.08581255541426007,1.0,fresh_kronos_target_free_risk_v1,past_only_cross_sectional_vol_drawdown_liquidity_momentum,False
2025-02-28,2025-02-28T23:41:00,2025-02-28T23:40:00,PIKK,PIKK,moex,medium,0.11426147147597887,0.5586801420431102,0.32705838648091096,1.0,fresh_kronos_target_free_risk_v1,past_only_cross_sectional_vol_drawdown_liquidity_momentum,False
2025-02-28,2025-02-28T23:41:00,2025-02-28T23:40:00,PLZL,PLZL,moex,medium,0.12014936256438637,0.6490964435720922,0.2307541938635215,1.0,fresh_kronos_target_free_risk_v1,past_only_cross_sectional_vol_drawdown_liquidity_momentum,False
2025-02-28,2025-02-28T23:41:00,2025-02-28T23:40:00,POSI,POSI,moex,high,0.0699516712496284,0.25214506909454426,0.6779032596558273,1.0,fresh_kronos_target_free_risk_v1,past_only_cross_sectional_vol_drawdown_liquidity_momentum,False
2025-02-28,2025-02-28T23:41:00,2025-02-28T23:40:00,RNFT,RNFT,moex,medium,0.11105486169885187,0.5249026068117345,0.3640425314894136,1.0,fresh_kronos_target_free_risk_v1,past_only_cross_sectional_vol_drawdown_liquidity_momentum,False
2025-02-28,2025-02-28T23:41:00,2025-02-28T23:40:00,ROSN,ROSN,moex,medium,0.2055122708943859,0.6735632012695132,0.12092452783610101,1.0,fresh_kronos_target_free_risk_v1,past_only_cross_sectional_vol_drawdown_liquidity_momentum,False
2025-02-28,2025-02-28T23:41:00,2025-02-28T23:40:00,RTKM,RTKM,moex,high,0.08220244634713687,0.31810336173867243,0.5996941919141907,1.0,fresh_kronos_target_free_risk_v1,past_only_cross_sectional_vol_drawdown_liquidity_momentum,False
2025-02-28,2025-02-28T23:41:00,2025-02-28T23:40:00,RUAL,RUAL,moex,high,0.10176247813929622,0.445663380962744,0.4525741408979597,1.0,fresh_kronos_target_free_risk_v1,past_only_cross_sectional_vol_drawdown_liquidity_momentum,False
2025-02-28,2025-02-28T23:41:00,2025-02-28T23:40:00,SBER,SBER,moex,low,0.7592854730677817,0.18488680372637215,0.05582772320584611,1.0,fresh_kronos_target_free_risk_v1,past_only_cross_sectional_vol_drawdown_liquidity_momentum,False
2025-02-28,2025-02-28T23:41:00,2025-02-28T23:40:00,SGZH,SGZH,moex,high,0.09709881270412406,0.4117797289688978,0.4911214583269782,1.0,fresh_kronos_target_free_risk_v1,past_only_cross_sectional_vol_drawdown_liquidity_momentum,False
2025-02-28,2025-02-28T23:41:00,2025-02-28T23:40:00,SIBN,SIBN,moex,medium,0.12106779131995027,0.7244254865884753,0.1545067220915745,1.0,fresh_kronos_target_free_risk_v1,past_only_cross_sectional_vol_drawdown_liquidity_momentum,False
2025-02-28,2025-02-28T23:41:00,2025-02-28T23:40:00,SMLT,SMLT,moex,medium,0.12119939768769694,0.71610978116793,0.16269082114437297,1.0,fresh_kronos_target_free_risk_v1,past_only_cross_sectional_vol_drawdown_liquidity_momentum,False
2025-02-28,2025-02-28T23:41:00,2025-02-28T23:40:00,SNGS,SNGS,moex,medium,0.4072474329180065,0.48596936245075084,0.10678320463124255,1.0,fresh_kronos_target_free_risk_v1,past_only_cross_sectional_vol_drawdown_liquidity_momentum,False
2025-02-28,2025-02-28T23:41:00,2025-02-28T23:40:00,SPBE,SPBE,moex,medium,0.10414410276586215,0.46419793756518024,0.43165795966895765,1.0,fresh_kronos_target_free_risk_v1,past_only_cross_sectional_vol_drawdown_liquidity_momentum,False
2025-02-28,2025-02-28T23:41:00,2025-02-28T23:40:00,SVCB,SVCB,moex,medium,0.13262295593852744,0.7470292846487925,0.12034775941267997,1.0,fresh_kronos_target_free_risk_v1,past_only_cross_sectional_vol_drawdown_liquidity_momentum,False
2025-02-28,2025-02-28T23:41:00,2025-02-28T23:40:00,T,T,moex,medium,0.25186775488931534,0.6289118627708862,0.11922038233979843,1.0,fresh_kronos_target_free_risk_v1,past_only_cross_sectional_vol_drawdown_liquidity_momentum,False
2025-02-28,2025-02-28T23:41:00,2025-02-28T23:40:00,TATN,TATN,moex,medium,0.39885935317009885,0.49348701061584266,0.10765363621405866,1.0,fresh_kronos_target_free_risk_v1,past_only_cross_sectional_vol_drawdown_liquidity_momentum,False
2025-02-28,2025-02-28T23:41:00,2025-02-28T23:40:00,UGLD,UGLD,moex,medium,0.10811102813999338,0.49751340726102405,0.3943755645989825,1.0,fresh_kronos_target_free_risk_v1,past_only_cross_sectional_vol_drawdown_liquidity_momentum,False
2025-02-28,2025-02-28T23:41:00,2025-02-28T23:40:00,VKCO,VKCO,moex,medium,0.11388259937161543,0.5544026767670378,0.33171472386134676,1.0,fresh_kronos_target_free_risk_v1,past_only_cross_sectional_vol_drawdown_liquidity_momentum,False
2025-02-28,2025-02-28T23:41:00,2025-02-28T23:40:00,VTBR,VTBR,moex,medium,0.12125416369237738,0.7100313747260464,0.16871446158157619,1.0,fresh_kronos_target_free_risk_v1,past_only_cross_sectional_vol_drawdown_liquidity_momentum,False
2025-02-28,2025-02-28T23:41:00,2025-02-28T23:40:00,WUSH,WUSH,moex,high,0.08535024932507634,0.33645977004452765,0.5781899806303961,1.0,fresh_kronos_target_free_risk_v1,past_only_cross_sectional_vol_drawdown_liquidity_momentum,False
2025-02-28,2025-02-28T23:41:00,2025-02-28T23:40:00,X5,X5,moex,low,0.7488413012276184,0.19343542713177014,0.05772327164061158,0.6166666666666667,fresh_kronos_target_free_risk_v1,past_only_cross_sectional_vol_drawdown_liquidity_momentum,False
2025-02-28,2025-02-28T23:41:00,2025-02-28T23:40:00,YDEX,YDEX,moex,low,0.5128442056854184,0.39283464515702904,0.09432114915755262,1.0,fresh_kronos_target_free_risk_v1,past_only_cross_sectional_vol_drawdown_liquidity_momentum,False
2025-03-31,2025-03-31T23:41:00,2025-03-31T23:40:00,AFKS,AFKS,moex,medium,0.1211445224387268,0.6851961551645074,0.1936593223967658,1.0,fresh_kronos_target_free_risk_v1,past_only_cross_sectional_vol_drawdown_liquidity_momentum,False
2025-03-31,2025-03-31T23:41:00,2025-03-31T23:40:00,AFLT,AFLT,moex,medium,0.16688859248052465,0.711870225925222,0.12124118159425348,1.0,fresh_kronos_target_free_risk_v1,past_only_cross_sectional_vol_drawdown_liquidity_momentum,False
2025-03-31,2025-03-31T23:41:00,2025-03-31T23:40:00,ALRS,ALRS,moex,medium,0.12123884048024612,0.7121617349873334,0.16659942453242052,1.0,fresh_kronos_target_free_risk_v1,past_only_cross_sectional_vol_drawdown_liquidity_momentum,False
2025-03-31,2025-03-31T23:41:00,2025-03-31T23:40:00,ASTR,ASTR,moex,medium,0.11613363560670403,0.581394897352225,0.3024714670410708,1.0,fresh_kronos_target_free_risk_v1,past_only_cross_sectional_vol_drawdown_liquidity_momentum,False
2025-03-31,2025-03-31T23:41:00,2025-03-31T23:40:00,BSPB,BSPB,moex,low,0.4807788230449016,0.4208371700900624,0.09838400686503605,1.0,fresh_kronos_target_free_risk_v1,past_only_cross_sectional_vol_drawdown_liquidity_momentum,False
2025-03-31,2025-03-31T23:41:00,2025-03-31T23:40:00,CBOM,CBOM,moex,medium,0.10755361432051737,0.49261369004717503,0.3998326956323076,1.0,fresh_kronos_target_free_risk_v1,past_only_cross_sectional_vol_drawdown_liquidity_momentum,False
2025-03-31,2025-03-31T23:41:00,2025-03-31T23:40:00,CHMF,CHMF,moex,high,0.09796097737207812,0.4178340973789372,0.4842049252489847,1.0,fresh_kronos_target_free_risk_v1,past_only_cross_sectional_vol_drawdown_liquidity_momentum,False
2025-03-31,2025-03-31T23:41:00,2025-03-31T23:40:00,ENPG,ENPG,moex,medium,0.12053349325303024,0.659655037758879,0.21981146898809067,1.0,fresh_kronos_target_free_risk_v1,past_only_cross_sectional_vol_drawdown_liquidity_momentum,False
2025-03-31,2025-03-31T23:41:00,2025-03-31T23:40:00,FEES,FEES,moex,medium,0.1208734581283801,0.7325155895345353,0.14661095233708457,1.0,fresh_kronos_target_free_risk_v1,past_only_cross_sectional_vol_drawdown_liquidity_momentum,False
2025-03-31,2025-03-31T23:41:00,2025-03-31T23:40:00,FLOT,FLOT,moex,medium,0.12127419030805098,0.7049923814762761,0.173733428215673,1.0,fresh_kronos_target_free_risk_v1,past_only_cross_sectional_vol_drawdown_liquidity_momentum,False
2025-03-31,2025-03-31T23:41:00,2025-03-31T23:40:00,GAZP,GAZP,moex,medium,0.12012275354622297,0.7517775035878894,0.12809974286588754,1.0,fresh_kronos_target_free_risk_v1,past_only_cross_sectional_vol_drawdown_liquidity_momentum,False
2025-03-31,2025-03-31T23:41:00,2025-03-31T23:40:00,GMKN,GMKN,moex,medium,0.1847069320908292,0.6940508584002864,0.12124220950888445,1.0,fresh_kronos_target_free_risk_v1,past_only_cross_sectional_vol_drawdown_liquidity_momentum,False
2025-03-31,2025-03-31T23:41:00,2025-03-31T23:40:00,HEAD,HEAD,moex,medium,0.10537004911620697,0.47413356753084623,0.42049638335294676,1.0,fresh_kronos_target_free_risk_v1,past_only_cross_sectional_vol_drawdown_liquidity_momentum,False
2025-03-31,2025-03-31T23:41:00,2025-03-31T23:40:00,HYDR,HYDR,moex,medium,0.12110225059162362,0.7226115191069244,0.15628623030145206,1.0,fresh_kronos_target_free_risk_v1,past_only_cross_sectional_vol_drawdown_liquidity_momentum,False
2025-03-31,2025-03-31T23:41:00,2025-03-31T23:40:00,IRAO,IRAO,moex,low,0.5312419050314621,0.376870595192285,0.09188749977625281,1.0,fresh_kronos_target_free_risk_v1,past_only_cross_sectional_vol_drawdown_liquidity_momentum,False
2025-03-31,2025-03-31T23:41:00,2025-03-31T23:40:00,LKOH,LKOH,moex,low,0.7176512392732703,0.2191131628700921,0.06323559785663758,1.0,fresh_kronos_target_free_risk_v1,past_only_cross_sectional_vol_drawdown_liquidity_momentum,False
2025-03-31,2025-03-31T23:41:00,2025-03-31T23:40:00,MAGN,MAGN,moex,medium,0.1292277976571864,0.7505906337671534,0.12018156857566024,1.0,fresh_kronos_target_free_risk_v1,past_only_cross_sectional_vol_drawdown_liquidity_momentum,False
2025-03-31,2025-03-31T23:41:00,2025-03-31T23:40:00,MGNT,MGNT,moex,medium,0.2601064236749625,0.621097473772991,0.1187961025520465,1.0,fresh_kronos_target_free_risk_v1,past_only_cross_sectional_vol_drawdown_liquidity_momentum,False
2025-03-31,2025-03-31T23:41:00,2025-03-31T23:40:00,MOEX,MOEX,moex,medium,0.3280529676023693,0.5577658587444225,0.1141811736532082,1.0,fresh_kronos_target_free_risk_v1,past_only_cross_sectional_vol_drawdown_liquidity_momentum,False
2025-03-31,2025-03-31T23:41:00,2025-03-31T23:40:00,MTLR,MTLR,moex,medium,0.12028043597782513,0.7485118053249227,0.1312077586972523,1.0,fresh_kronos_target_free_risk_v1,past_only_cross_sectional_vol_drawdown_liquidity_momentum,False
2025-03-31,2025-03-31T23:41:00,2025-03-31T23:40:00,MTSS,MTSS,moex,medium,0.22355528130754856,0.656034705103672,0.12041001358877951,1.0,fresh_kronos_target_free_risk_v1,past_only_cross_sectional_vol_drawdown_liquidity_momentum,False
2025-03-31,2025-03-31T23:41:00,2025-03-31T23:40:00,NLMK,NLMK,moex,medium,0.121085569345455,0.7235111231581836,0.15540330749636153,1.0,fresh_kronos_target_free_risk_v1,past_only_cross_sectional_vol_drawdown_liquidity_momentum,False
2025-03-31,2025-03-31T23:41:00,2025-03-31T23:40:00,NVTK,NVTK,moex,low,0.5961830679009388,0.3210940115170846,0.08272292058197663,1.0,fresh_kronos_target_free_risk_v1,past_only_cross_sectional_vol_drawdown_liquidity_momentum,False
2025-03-31,2025-03-31T23:41:00,2025-03-31T23:40:00,OZON,OZON,moex,medium,0.11222930900851125,0.536694827254593,0.3510758637368957,0.8,fresh_kronos_target_free_risk_v1,past_only_cross_sectional_vol_drawdown_liquidity_momentum,False
2025-03-31,2025-03-31T23:41:00,2025-03-31T23:40:00,PHOR,PHOR,moex,medium,0.16076316850742642,0.7180623418822321,0.12117448961034138,1.0,fresh_kronos_target_free_risk_v1,past_only_cross_sectional_vol_drawdown_liquidity_momentum,False
2025-03-31,2025-03-31T23:41:00,2025-03-31T23:40:00,PIKK,PIKK,moex,high,0.08129977138639985,0.31295669795568914,0.605743530657911,1.0,fresh_kronos_target_free_risk_v1,past_only_cross_sectional_vol_drawdown_liquidity_momentum,False
2025-03-31,2025-03-31T23:41:00,2025-03-31T23:40:00,PLZL,PLZL,moex,medium,0.4369144487724449,0.4595297658998987,0.10355578532765639,0.85,fresh_kronos_target_free_risk_v1,past_only_cross_sectional_vol_drawdown_liquidity_momentum,False
2025-03-31,2025-03-31T23:41:00,2025-03-31T23:40:00,POSI,POSI,moex,high,0.08441207379909525,0.3309201516298714,0.5846677745710334,1.0,fresh_kronos_target_free_risk_v1,past_only_cross_sectional_vol_drawdown_liquidity_momentum,False
2025-03-31,2025-03-31T23:41:00,2025-03-31T23:40:00,RAGR,RAGR,moex,high,0.035878146839985005,0.1030926797478975,0.8610291734121175,0.6166666666666667,fresh_kronos_target_free_risk_v1,past_only_cross_sectional_vol_drawdown_liquidity_momentum,False
2025-03-31,2025-03-31T23:41:00,2025-03-31T23:40:00,RNFT,RNFT,moex,high,0.09348497387325731,0.38728656635231373,0.5192284597744289,0.9,fresh_kronos_target_free_risk_v1,past_only_cross_sectional_vol_drawdown_liquidity_momentum,False
2025-03-31,2025-03-31T23:41:00,2025-03-31T23:40:00,ROSN,ROSN,moex,medium,0.34521638202146,0.5420409908520771,0.11274262712646292,1.0,fresh_kronos_target_free_risk_v1,past_only_cross_sectional_vol_drawdown_liquidity_momentum,False
2025-03-31,2025-03-31T23:41:00,2025-03-31T23:40:00,RTKM,RTKM,moex,medium,0.10378950723967825,0.46137687898075447,0.43483361377956725,1.0,fresh_kronos_target_free_risk_v1,past_only_cross_sectional_vol_drawdown_liquidity_momentum,False
2025-03-31,2025-03-31T23:41:00,2025-03-31T23:40:00,RUAL,RUAL,moex,medium,0.3178148900976041,0.5671939882590181,0.1149911216433778,1.0,fresh_kronos_target_free_risk_v1,past_only_cross_sectional_vol_drawdown_liquidity_momentum,False
2025-03-31,2025-03-31T23:41:00,2025-03-31T23:40:00,SBER,SBER,moex,low,0.8296085654203467,0.12803790105047078,0.042353533529182606,1.0,fresh_kronos_target_free_risk_v1,past_only_cross_sectional_vol_drawdown_liquidity_momentum,False
2025-03-31,2025-03-31T23:41:00,2025-03-31T23:40:00,SGZH,SGZH,moex,high,0.07344691868318996,0.27015980647541793,0.6563932748413921,1.0,fresh_kronos_target_free_risk_v1,past_only_cross_sectional_vol_drawdown_liquidity_momentum,False
2025-03-31,2025-03-31T23:41:00,2025-03-31T23:40:00,SIBN,SIBN,moex,medium,0.1620222680963539,0.7167865585141598,0.1211911733894862,0.9,fresh_kronos_target_free_risk_v1,past_only_cross_sectional_vol_drawdown_liquidity_momentum,False
2025-03-31,2025-03-31T23:41:00,2025-03-31T23:40:00,SMLT,SMLT,moex,medium,0.1164817807976741,0.5859768377922214,0.29754138141010456,1.0,fresh_kronos_target_free_risk_v1,past_only_cross_sectional_vol_drawdown_liquidity_momentum,False
2025-03-31,2025-03-31T23:41:00,2025-03-31T23:40:00,SNGS,SNGS,moex,medium,0.25379807788029274,0.6270779761534818,0.11912394596622555,1.0,fresh_kronos_target_free_risk_v1,past_only_cross_sectional_vol_drawdown_liquidity_momentum,False
2025-03-31,2025-03-31T23:41:00,2025-03-31T23:40:00,SPBE,SPBE,moex,high,0.09366336224457768,0.3884644976014545,0.5178721401539678,1.0,fresh_kronos_target_free_risk_v1,past_only_cross_sectional_vol_drawdown_liquidity_momentum,False
2025-03-31,2025-03-31T23:41:00,2025-03-31T23:40:00,SVCB,SVCB,moex,medium,0.1211234922129945,0.7213978324256992,0.15747867536130633,1.0,fresh_kronos_target_free_risk_v1,past_only_cross_sectional_vol_drawdown_liquidity_momentum,False
2025-03-31,2025-03-31T23:41:00,2025-03-31T23:40:00,T,T,moex,medium,0.24663694016708143,0.6338907349851374,0.11947232484778125,1.0,fresh_kronos_target_free_risk_v1,past_only_cross_sectional_vol_drawdown_liquidity_momentum,False
2025-03-31,2025-03-31T23:41:00,2025-03-31T23:40:00,TATN,TATN,moex,medium,0.38354347250881,0.5072636995467602,0.10919282794442976,1.0,fresh_kronos_target_free_risk_v1,past_only_cross_sectional_vol_drawdown_liquidity_momentum,False
2025-03-31,2025-03-31T23:41:00,2025-03-31T23:40:00,UGLD,UGLD,moex,high,0.09999462840362275,0.4324778051957428,0.46752756640063436,1.0,fresh_kronos_target_free_risk_v1,past_only_cross_sectional_vol_drawdown_liquidity_momentum,False
2025-03-31,2025-03-31T23:41:00,2025-03-31T23:40:00,VKCO,VKCO,moex,high,0.07773050384486203,0.2930819829407355,0.6291875132144024,1.0,fresh_kronos_target_free_risk_v1,past_only_cross_sectional_vol_drawdown_liquidity_momentum,False
2025-03-31,2025-03-31T23:41:00,2025-03-31T23:40:00,VTBR,VTBR,moex,medium,0.14497535081721585,0.7342002552443183,0.12082439393846582,1.0,fresh_kronos_target_free_risk_v1,past_only_cross_sectional_vol_drawdown_liquidity_momentum,False
2025-03-31,2025-03-31T23:41:00,2025-03-31T23:40:00,WUSH,WUSH,moex,high,0.08943962666839986,0.3613445446225736,0.5492158287090266,0.9,fresh_kronos_target_free_risk_v1,past_only_cross_sectional_vol_drawdown_liquidity_momentum,False
2025-03-31,2025-03-31T23:41:00,2025-03-31T23:40:00,X5,X5,moex,low,0.6575166594265573,0.26921658397972503,0.07326675659371774,1.0,fresh_kronos_target_free_risk_v1,past_only_cross_sectional_vol_drawdown_liquidity_momentum,False
2025-03-31,2025-03-31T23:41:00,2025-03-31T23:40:00,YDEX,YDEX,moex,low,0.5748282441371843,0.3393380547823243,0.08583370108049139,1.0,fresh_kronos_target_free_risk_v1,past_only_cross_sectional_vol_drawdown_liquidity_momentum,False
2025-04-30,2025-04-30T23:41:00,2025-04-30T23:40:00,AFKS,AFKS,moex,medium,0.11483218452607448,0.5653063044272869,0.3198615110466386,1.0,fresh_kronos_target_free_risk_v1,past_only_cross_sectional_vol_drawdown_liquidity_momentum,False
2025-04-30,2025-04-30T23:41:00,2025-04-30T23:40:00,AFLT,AFLT,moex,medium,0.16827625349549377,0.7104724165614889,0.12125132994301752,1.0,fresh_kronos_target_free_risk_v1,past_only_cross_sectional_vol_drawdown_liquidity_momentum,False
2025-04-30,2025-04-30T23:41:00,2025-04-30T23:40:00,ALRS,ALRS,moex,medium,0.11826713768631107,0.6121303586613576,0.2696025036523314,1.0,fresh_kronos_target_free_risk_v1,past_only_cross_sectional_vol_drawdown_liquidity_momentum,False
2025-04-30,2025-04-30T23:41:00,2025-04-30T23:40:00,ASTR,ASTR,moex,medium,0.3725189732106167,0.5172217217636851,0.11025930502569822,1.0,fresh_kronos_target_free_risk_v1,past_only_cross_sectional_vol_drawdown_liquidity_momentum,False
2025-04-30,2025-04-30T23:41:00,2025-04-30T23:40:00,BSPB,BSPB,moex,low,0.5399701033409391,0.36932249643540815,0.09070740022365269,1.0,fresh_kronos_target_free_risk_v1,past_only_cross_sectional_vol_drawdown_liquidity_momentum,False
2025-04-30,2025-04-30T23:41:00,2025-04-30T23:40:00,CBOM,CBOM,moex,high,0.07797424187091093,0.29441593302302166,0.6276098251060674,1.0,fresh_kronos_target_free_risk_v1,past_only_cross_sectional_vol_drawdown_liquidity_momentum,False
2025-04-30,2025-04-30T23:41:00,2025-04-30T23:40:00,CHMF,CHMF,moex,high,0.09767138515505709,0.4157907382885567,0.4865378765563862,1.0,fresh_kronos_target_free_risk_v1,past_only_cross_sectional_vol_drawdown_liquidity_momentum,False
2025-04-30,2025-04-30T23:41:00,2025-04-30T23:40:00,ENPG,ENPG,moex,high,0.09946713684677766,0.42862820651836814,0.4719046566348543,1.0,fresh_kronos_target_free_risk_v1,past_only_cross_sectional_vol_drawdown_liquidity_momentum,False
2025-04-30,2025-04-30T23:41:00,2025-04-30T23:40:00,FEES,FEES,moex,medium,0.12109860367729397,0.6822607545943702,0.19664064172833579,1.0,fresh_kronos_target_free_risk_v1,past_only_cross_sectional_vol_drawdown_liquidity_momentum,False
2025-04-30,2025-04-30T23:41:00,2025-04-30T23:40:00,FLOT,FLOT,moex,high,0.10063821401878842,0.4372260830820576,0.4621357028991539,1.0,fresh_kronos_target_free_risk_v1,past_only_cross_sectional_vol_drawdown_liquidity_momentum,False
2025-04-30,2025-04-30T23:41:00,2025-04-30T23:40:00,GAZP,GAZP,moex,medium,0.1339027708162523,0.745690939815504,0.12040628936824366,1.0,fresh_kronos_target_free_risk_v1,past_only_cross_sectional_vol_drawdown_liquidity_momentum,False
2025-04-30,2025-04-30T23:41:00,2025-04-30T23:40:00,GMKN,GMKN,moex,medium,0.12111071338731072,0.7221378136267086,0.1567514729859807,1.0,fresh_kronos_target_free_risk_v1,past_only_cross_sectional_vol_drawdown_liquidity_momentum,False
2025-04-30,2025-04-30T23:41:00,2025-04-30T23:40:00,HEAD,HEAD,moex,medium,0.12021334608352226,0.7499343994622119,0.12985225445426585,1.0,fresh_kronos_target_free_risk_v1,past_only_cross_sectional_vol_drawdown_liquidity_momentum,False
2025-04-30,2025-04-30T23:41:00,2025-04-30T23:40:00,HYDR,HYDR,moex,medium,0.12120184935763778,0.715900854487684,0.16289729615467807,1.0,fresh_kronos_target_free_risk_v1,past_only_cross_sectional_vol_drawdown_liquidity_momentum,False
2025-04-30,2025-04-30T23:41:00,2025-04-30T23:40:00,IRAO,IRAO,moex,low,0.6342558661654271,0.2888001020396719,0.076944031794901,1.0,fresh_kronos_target_free_risk_v1,past_only_cross_sectional_vol_drawdown_liquidity_momentum,False
2025-04-30,2025-04-30T23:41:00,2025-04-30T23:40:00,LKOH,LKOH,moex,low,0.6617098155244259,0.2656982133186075,0.07259197115696663,1.0,fresh_kronos_target_free_risk_v1,past_only_cross_sectional_vol_drawdown_liquidity_momentum,False
2025-04-30,2025-04-30T23:41:00,2025-04-30T23:40:00,MAGN,MAGN,moex,medium,0.11747234021355596,0.5998464175704947,0.28268124221594926,1.0,fresh_kronos_target_free_risk_v1,past_only_cross_sectional_vol_drawdown_liquidity_momentum,False
2025-04-30,2025-04-30T23:41:00,2025-04-30T23:40:00,MGNT,MGNT,moex,medium,0.22411766332769312,0.6554915959970659,0.12039074067524096,1.0,fresh_kronos_target_free_risk_v1,past_only_cross_sectional_vol_drawdown_liquidity_momentum,False
2025-04-30,2025-04-30T23:41:00,2025-04-30T23:40:00,MOEX,MOEX,moex,low,0.48126208979921387,0.4204134103670808,0.09832449983370543,1.0,fresh_kronos_target_free_risk_v1,past_only_cross_sectional_vol_drawdown_liquidity_momentum,False
2025-04-30,2025-04-30T23:41:00,2025-04-30T23:40:00,MTLR,MTLR,moex,medium,0.10717670081987643,0.4893451151812419,0.4034781839988817,1.0,fresh_kronos_target_free_risk_v1,past_only_cross_sectional_vol_drawdown_liquidity_momentum,False
2025-04-30,2025-04-30T23:41:00,2025-04-30T23:40:00,MTSS,MTSS,moex,medium,0.3294129176231066,0.5565162587267418,0.1140708236501515,1.0,fresh_kronos_target_free_risk_v1,past_only_cross_sectional_vol_drawdown_liquidity_momentum,False
2025-04-30,2025-04-30T23:41:00,2025-04-30T23:40:00,NLMK,NLMK,moex,medium,0.11915476525089763,0.6276600552832458,0.2531851794658567,1.0,fresh_kronos_target_free_risk_v1,past_only_cross_sectional_vol_drawdown_liquidity_momentum,False
2025-04-30,2025-04-30T23:41:00,2025-04-30T23:40:00,NVTK,NVTK,moex,medium,0.12127574774020958,0.7023010075911158,0.17642324466867465,0.9,fresh_kronos_target_free_risk_v1,past_only_cross_sectional_vol_drawdown_liquidity_momentum,False
2025-04-30,2025-04-30T23:41:00,2025-04-30T23:40:00,OZON,OZON,moex,medium,0.15663055063783288,0.7222609139371045,0.12110853542506268,0.8,fresh_kronos_target_free_risk_v1,past_only_cross_sectional_vol_drawdown_liquidity_momentum,False
2025-04-30,2025-04-30T23:41:00,2025-04-30T23:40:00,PHOR,PHOR,moex,medium,0.3311687731257512,0.5549038195897706,0.11392740728447817,1.0,fresh_kronos_target_free_risk_v1,past_only_cross_sectional_vol_drawdown_liquidity_momentum,False
2025-04-30,2025-04-30T23:41:00,2025-04-30T23:40:00,PIKK,PIKK,moex,high,0.07683811652698509,0.2882260429573809,0.6349358405156341,1.0,fresh_kronos_target_free_risk_v1,past_only_cross_sectional_vol_drawdown_liquidity_momentum,False
2025-04-30,2025-04-30T23:41:00,2025-04-30T23:40:00,PLZL,PLZL,moex,low,0.6877617835736777,0.24392087592690032,0.06831734049942188,0.9833333333333333,fresh_kronos_target_free_risk_v1,past_only_cross_sectional_vol_drawdown_liquidity_momentum,False
2025-04-30,2025-04-30T23:41:00,2025-04-30T23:40:00,POSI,POSI,moex,medium,0.1199100258673168,0.7558058524402044,0.12428412169247874,1.0,fresh_kronos_target_free_risk_v1,past_only_cross_sectional_vol_drawdown_liquidity_momentum,False
2025-04-30,2025-04-30T23:41:00,2025-04-30T23:40:00,RAGR,RAGR,moex,high,0.07480148373368638,0.2773042480450972,0.6478942682212164,1.0,fresh_kronos_target_free_risk_v1,past_only_cross_sectional_vol_drawdown_liquidity_momentum,False
2025-04-30,2025-04-30T23:41:00,2025-04-30T23:40:00,RNFT,RNFT,moex,high,0.08714970714786009,0.3472571274631306,0.5655931653890093,1.0,fresh_kronos_target_free_risk_v1,past_only_cross_sectional_vol_drawdown_liquidity_momentum,False
2025-04-30,2025-04-30T23:41:00,2025-04-30T23:40:00,ROSN,ROSN,moex,medium,0.1781024717501123,0.7006239628729759,0.12127356537691177,1.0,fresh_kronos_target_free_risk_v1,past_only_cross_sectional_vol_drawdown_liquidity_momentum,False
2025-04-30,2025-04-30T23:41:00,2025-04-30T23:40:00,RTKM,RTKM,moex,high,0.0786150405500369,0.29793883292483553,0.6234461265251275,1.0,fresh_kronos_target_free_risk_v1,past_only_cross_sectional_vol_drawdown_liquidity_momentum,False
2025-04-30,2025-04-30T23:41:00,2025-04-30T23:40:00,RUAL,RUAL,moex,medium,0.115951741804821,0.579052492011421,0.3049957661837581,1.0,fresh_kronos_target_free_risk_v1,past_only_cross_sectional_vol_drawdown_liquidity_momentum,False
2025-04-30,2025-04-30T23:41:00,2025-04-30T23:40:00,SBER,SBER,moex,low,0.8443482799035706,0.1162965384006052,0.039355181695824255,1.0,fresh_kronos_target_free_risk_v1,past_only_cross_sectional_vol_drawdown_liquidity_momentum,False
2025-04-30,2025-04-30T23:41:00,2025-04-30T23:40:00,SGZH,SGZH,moex,high,0.0779033582355205,0.2940276537891254,0.6280689879753542,1.0,fresh_kronos_target_free_risk_v1,past_only_cross_sectional_vol_drawdown_liquidity_momentum,False
2025-04-30,2025-04-30T23:41:00,2025-04-30T23:40:00,SIBN,SIBN,moex,medium,0.27742603841814845,0.604773307318426,0.11780065426342545,1.0,fresh_kronos_target_free_risk_v1,past_only_cross_sectional_vol_drawdown_liquidity_momentum,False
2025-04-30,2025-04-30T23:41:00,2025-04-30T23:40:00,SMLT,SMLT,moex,high,0.10003398833671696,0.43276655427027355,0.4671994573930095,1.0,fresh_kronos_target_free_risk_v1,past_only_cross_sectional_vol_drawdown_liquidity_momentum,False
2025-04-30,2025-04-30T23:41:00,2025-04-30T23:40:00,SNGS,SNGS,moex,medium,0.13921164820888776,0.7401623645764319,0.12062598721468032,1.0,fresh_kronos_target_free_risk_v1,past_only_cross_sectional_vol_drawdown_liquidity_momentum,False
2025-04-30,2025-04-30T23:41:00,2025-04-30T23:40:00,SPBE,SPBE,moex,medium,0.1039074457529046,0.46231264109795117,0.4337799131491442,1.0,fresh_kronos_target_free_risk_v1,past_only_cross_sectional_vol_drawdown_liquidity_momentum,False
2025-04-30,2025-04-30T23:41:00,2025-04-30T23:40:00,SVCB,SVCB,moex,medium,0.18161091960021836,0.6971277190878392,0.12126136131194248,1.0,fresh_kronos_target_free_risk_v1,past_only_cross_sectional_vol_drawdown_liquidity_momentum,False
2025-04-30,2025-04-30T23:41:00,2025-04-30T23:40:00,T,T,moex,medium,0.27545216979646564,0.6066269372243568,0.11792089297917757,1.0,fresh_kronos_target_free_risk_v1,past_only_cross_sectional_vol_drawdown_liquidity_momentum,False
2025-04-30,2025-04-30T23:41:00,2025-04-30T23:40:00,TATN,TATN,moex,low,0.5684802191148967,0.34477957273370247,0.08674020815140093,1.0,fresh_kronos_target_free_risk_v1,past_only_cross_sectional_vol_drawdown_liquidity_momentum,False
2025-04-30,2025-04-30T23:41:00,2025-04-30T23:40:00,UGLD,UGLD,moex,medium,0.39849846106575615,0.493810883020664,0.10769065591357997,1.0,fresh_kronos_target_free_risk_v1,past_only_cross_sectional_vol_drawdown_liquidity_momentum,False
2025-04-30,2025-04-30T23:41:00,2025-04-30T23:40:00,VKCO,VKCO,moex,high,0.08020721735412849,0.3067938696790892,0.6129989129667823,1.0,fresh_kronos_target_free_risk_v1,past_only_cross_sectional_vol_drawdown_liquidity_momentum,False
2025-04-30,2025-04-30T23:41:00,2025-04-30T23:40:00,VTBR,VTBR,moex,medium,0.12125690650208103,0.7095757607298038,0.16916733276811524,1.0,fresh_kronos_target_free_risk_v1,past_only_cross_sectional_vol_drawdown_liquidity_momentum,False
2025-04-30,2025-04-30T23:41:00,2025-04-30T23:40:00,WUSH,WUSH,moex,medium,0.10529354968251006,0.4735049491154878,0.42120150120200206,1.0,fresh_kronos_target_free_risk_v1,past_only_cross_sectional_vol_drawdown_liquidity_momentum,False
2025-04-30,2025-04-30T23:41:00,2025-04-30T23:40:00,X5,X5,moex,low,0.8238323747764078,0.13265694038840825,0.04351068483518401,1.0,fresh_kronos_target_free_risk_v1,past_only_cross_sectional_vol_drawdown_liquidity_momentum,False
2025-04-30,2025-04-30T23:41:00,2025-04-30T23:40:00,YDEX,YDEX,moex,low,0.4705588955490066,0.42981130971833137,0.099629794732662,0.9,fresh_kronos_target_free_risk_v1,past_only_cross_sectional_vol_drawdown_liquidity_momentum,False
2025-05-31,2025-05-31T18:51:00,2025-05-31T18:50:00,AFKS,AFKS,moex,medium,0.11871591574000996,0.6196882767696069,0.2615958074903831,1.0,fresh_kronos_target_free_risk_v1,past_only_cross_sectional_vol_drawdown_liquidity_momentum,False
2025-05-31,2025-05-31T18:51:00,2025-05-31T18:50:00,AFLT,AFLT,moex,medium,0.12915124216364396,0.7506711231468117,0.12017763468954429,1.0,fresh_kronos_target_free_risk_v1,past_only_cross_sectional_vol_drawdown_liquidity_momentum,False
2025-05-31,2025-05-31T18:51:00,2025-05-31T18:50:00,ALRS,ALRS,moex,medium,0.12060984725810932,0.7406006140942595,0.13878953864763122,1.0,fresh_kronos_target_free_risk_v1,past_only_cross_sectional_vol_drawdown_liquidity_momentum,False
2025-05-31,2025-05-31T18:51:00,2025-05-31T18:50:00,ASTR,ASTR,moex,medium,0.22912472753744748,0.6506642923310736,0.12021098013147885,1.0,fresh_kronos_target_free_risk_v1,past_only_cross_sectional_vol_drawdown_liquidity_momentum,False
2025-05-31,2025-05-31T18:51:00,2025-05-31T18:50:00,BSPB,BSPB,moex,medium,0.3925375238007085,0.4991655593186315,0.10829691688066012,1.0,fresh_kronos_target_free_risk_v1,past_only_cross_sectional_vol_drawdown_liquidity_momentum,False
2025-05-31,2025-05-31T18:51:00,2025-05-31T18:50:00,CBOM,CBOM,moex,high,0.03656759419765472,0.10567547749425599,0.8577569283080893,1.0,fresh_kronos_target_free_risk_v1,past_only_cross_sectional_vol_drawdown_liquidity_momentum,False
2025-05-31,2025-05-31T18:51:00,2025-05-31T18:50:00,CHMF,CHMF,moex,medium,0.12099917964689154,0.676960336872851,0.2020404834802575,1.0,fresh_kronos_target_free_risk_v1,past_only_cross_sectional_vol_drawdown_liquidity_momentum,False
2025-05-31,2025-05-31T18:51:00,2025-05-31T18:50:00,CNRU,CNRU,moex,high,0.09968538499732649,0.4302164543236918,0.47009816067898164,0.75,fresh_kronos_target_free_risk_v1,past_only_cross_sectional_vol_drawdown_liquidity_momentum,False
2025-05-31,2025-05-31T18:51:00,2025-05-31T18:50:00,ENPG,ENPG,moex,high,0.04090275223880035,0.1223157664004213,0.8367814813607782,1.0,fresh_kronos_target_free_risk_v1,past_only_cross_sectional_vol_drawdown_liquidity_momentum,False
2025-05-31,2025-05-31T18:51:00,2025-05-31T18:50:00,FEES,FEES,moex,medium,0.12277499643623292,0.757405157011468,0.11981984655229909,1.0,fresh_kronos_target_free_risk_v1,past_only_cross_sectional_vol_drawdown_liquidity_momentum,False
2025-05-31,2025-05-31T18:51:00,2025-05-31T18:50:00,FLOT,FLOT,moex,high,0.08177807441425257,0.3156774958488356,0.6025444297369118,1.0,fresh_kronos_target_free_risk_v1,past_only_cross_sectional_vol_drawdown_liquidity_momentum,False
2025-05-31,2025-05-31T18:51:00,2025-05-31T18:50:00,GAZP,GAZP,moex,medium,0.12118578480037258,0.6882963171690459,0.19051789803058156,1.0,fresh_kronos_target_free_risk_v1,past_only_cross_sectional_vol_drawdown_liquidity_momentum,False
2025-05-31,2025-05-31T18:51:00,2025-05-31T18:50:00,GMKN,GMKN,moex,medium,0.15615300558926912,0.7227472086615502,0.12109978574918055,1.0,fresh_kronos_target_free_risk_v1,past_only_cross_sectional_vol_drawdown_liquidity_momentum,False
2025-05-31,2025-05-31T18:51:00,2025-05-31T18:50:00,HEAD,HEAD,moex,medium,0.33569270962868086,0.5507542348448203,0.11355305552649878,1.0,fresh_kronos_target_free_risk_v1,past_only_cross_sectional_vol_drawdown_liquidity_momentum,False
2025-05-31,2025-05-31T18:51:00,2025-05-31T18:50:00,HYDR,HYDR,moex,medium,0.16982021678800732,0.7089192532293279,0.12126052998266472,1.0,fresh_kronos_target_free_risk_v1,past_only_cross_sectional_vol_drawdown_liquidity_momentum,False
2025-05-31,2025-05-31T18:51:00,2025-05-31T18:50:00,IRAO,IRAO,moex,low,0.7173187623483167,0.21938804874928794,0.06329318890239537,1.0,fresh_kronos_target_free_risk_v1,past_only_cross_sectional_vol_drawdown_liquidity_momentum,False
2025-05-31,2025-05-31T18:51:00,2025-05-31T18:50:00,LKOH,LKOH,moex,low,0.7746333017427016,0.17237157374447745,0.052995124512820874,1.0,fresh_kronos_target_free_risk_v1,past_only_cross_sectional_vol_drawdown_liquidity_momentum,False
2025-05-31,2025-05-31T18:51:00,2025-05-31T18:50:00,MAGN,MAGN,moex,medium,0.1212693273733929,0.7068800473191874,0.17185062530741965,1.0,fresh_kronos_target_free_risk_v1,past_only_cross_sectional_vol_drawdown_liquidity_momentum,False
2025-05-31,2025-05-31T18:51:00,2025-05-31T18:50:00,MGNT,MGNT,moex,medium,0.12005263787692785,0.7531486041853049,0.1267987579377672,1.0,fresh_kronos_target_free_risk_v1,past_only_cross_sectional_vol_drawdown_liquidity_momentum,False
2025-05-31,2025-05-31T18:51:00,2025-05-31T18:50:00,MOEX,MOEX,moex,low,0.6939182523081555,0.23879544566293756,0.06728630202890695,1.0,fresh_kronos_target_free_risk_v1,past_only_cross_sectional_vol_drawdown_liquidity_momentum,False
2025-05-31,2025-05-31T18:51:00,2025-05-31T18:50:00,MTLR,MTLR,moex,high,0.08656982027863641,0.3437522857046811,0.5696778940166826,1.0,fresh_kronos_target_free_risk_v1,past_only_cross_sectional_vol_drawdown_liquidity_momentum,False
2025-05-31,2025-05-31T18:51:00,2025-05-31T18:50:00,MTSS,MTSS,moex,medium,0.3874490400841358,0.5037443594156722,0.10880660050019209,1.0,fresh_kronos_target_free_risk_v1,past_only_cross_sectional_vol_drawdown_liquidity_momentum,False
2025-05-31,2025-05-31T18:51:00,2025-05-31T18:50:00,NLMK,NLMK,moex,medium,0.11880494247926163,0.6212540306998452,0.2599410268208931,1.0,fresh_kronos_target_free_risk_v1,past_only_cross_sectional_vol_drawdown_liquidity_momentum,False
2025-05-31,2025-05-31T18:51:00,2025-05-31T18:50:00,NVTK,NVTK,moex,medium,0.11901952567306313,0.6251324509347778,0.2558480233921591,1.0,fresh_kronos_target_free_risk_v1,past_only_cross_sectional_vol_drawdown_liquidity_momentum,False
2025-05-31,2025-05-31T18:51:00,2025-05-31T18:50:00,OZON,OZON,moex,medium,0.21917134619110498,0.6602748965371805,0.12055375727171438,0.75,fresh_kronos_target_free_risk_v1,past_only_cross_sectional_vol_drawdown_liquidity_momentum,False
2025-05-31,2025-05-31T18:51:00,2025-05-31T18:50:00,PHOR,PHOR,moex,medium,0.3171480910654481,0.567809330498756,0.11504257843579584,1.0,fresh_kronos_target_free_risk_v1,past_only_cross_sectional_vol_drawdown_liquidity_momentum,False
2025-05-31,2025-05-31T18:51:00,2025-05-31T18:50:00,PIKK,PIKK,moex,medium,0.11956398982875042,0.6357777265197387,0.24465828365151088,1.0,fresh_kronos_target_free_risk_v1,past_only_cross_sectional_vol_drawdown_liquidity_momentum,False
2025-05-31,2025-05-31T18:51:00,2025-05-31T18:50:00,PLZL,PLZL,moex,medium,0.3495554368748877,0.5380809995096784,0.11236356361543394,1.0,fresh_kronos_target_free_risk_v1,past_only_cross_sectional_vol_drawdown_liquidity_momentum,False
2025-05-31,2025-05-31T18:51:00,2025-05-31T18:50:00,POSI,POSI,moex,medium,0.11997671210782532,0.644898574432232,0.23512471345994274,1.0,fresh_kronos_target_free_risk_v1,past_only_cross_sectional_vol_drawdown_liquidity_momentum,False
2025-05-31,2025-05-31T18:51:00,2025-05-31T18:50:00,RAGR,RAGR,moex,high,0.056748434535656415,0.18902149216768135,0.7542300732966621,1.0,fresh_kronos_target_free_risk_v1,past_only_cross_sectional_vol_drawdown_liquidity_momentum,False
2025-05-31,2025-05-31T18:51:00,2025-05-31T18:50:00,RNFT,RNFT,moex,high,0.07513797075985691,0.2790936281390229,0.6457684011011201,1.0,fresh_kronos_target_free_risk_v1,past_only_cross_sectional_vol_drawdown_liquidity_momentum,False
2025-05-31,2025-05-31T18:51:00,2025-05-31T18:50:00,ROSN,ROSN,moex,medium,0.27805028501398127,0.6041874393030559,0.11776227568296299,1.0,fresh_kronos_target_free_risk_v1,past_only_cross_sectional_vol_drawdown_liquidity_momentum,False
2025-05-31,2025-05-31T18:51:00,2025-05-31T18:50:00,RTKM,RTKM,moex,medium,0.11477691668053457,0.5646543856328189,0.3205686976866465,1.0,fresh_kronos_target_free_risk_v1,past_only_cross_sectional_vol_drawdown_liquidity_momentum,False
2025-05-31,2025-05-31T18:51:00,2025-05-31T18:50:00,RUAL,RUAL,moex,high,0.10108975807309148,0.4405924606679138,0.45831778125899464,1.0,fresh_kronos_target_free_risk_v1,past_only_cross_sectional_vol_drawdown_liquidity_momentum,False
2025-05-31,2025-05-31T18:51:00,2025-05-31T18:50:00,SBER,SBER,moex,low,0.8561486991850171,0.106946206840686,0.03690509397429674,1.0,fresh_kronos_target_free_risk_v1,past_only_cross_sectional_vol_drawdown_liquidity_momentum,False
2025-05-31,2025-05-31T18:51:00,2025-05-31T18:50:00,SGZH,SGZH,moex,medium,0.10998138491663502,0.5145910572404413,0.37542755784292364,1.0,fresh_kronos_target_free_risk_v1,past_only_cross_sectional_vol_drawdown_liquidity_momentum,False
2025-05-31,2025-05-31T18:51:00,2025-05-31T18:50:00,SIBN,SIBN,moex,medium,0.2319985218789504,0.6479001825716362,0.12010129554941326,1.0,fresh_kronos_target_free_risk_v1,past_only_cross_sectional_vol_drawdown_liquidity_momentum,False
2025-05-31,2025-05-31T18:51:00,2025-05-31T18:50:00,SMLT,SMLT,moex,medium,0.10481479248970521,0.46959745525876034,0.42558775225153445,1.0,fresh_kronos_target_free_risk_v1,past_only_cross_sectional_vol_drawdown_liquidity_momentum,False
2025-05-31,2025-05-31T18:51:00,2025-05-31T18:50:00,SNGS,SNGS,moex,medium,0.20118232237409442,0.6778013246011787,0.1210163530247269,1.0,fresh_kronos_target_free_risk_v1,past_only_cross_sectional_vol_drawdown_liquidity_momentum,False
2025-05-31,2025-05-31T18:51:00,2025-05-31T18:50:00,SPBE,SPBE,moex,high,0.09307958935101418,0.3846209871231762,0.5222994235258097,1.0,fresh_kronos_target_free_risk_v1,past_only_cross_sectional_vol_drawdown_liquidity_momentum,False
2025-05-31,2025-05-31T18:51:00,2025-05-31T18:50:00,SVCB,SVCB,moex,medium,0.11837624419935001,0.613920296487641,0.2677034593130091,1.0,fresh_kronos_target_free_risk_v1,past_only_cross_sectional_vol_drawdown_liquidity_momentum,False
2025-05-31,2025-05-31T18:51:00,2025-05-31T18:50:00,T,T,moex,medium,0.20369033989493576,0.675344928135812,0.12096473196925212,1.0,fresh_kronos_target_free_risk_v1,past_only_cross_sectional_vol_drawdown_liquidity_momentum,False
2025-05-31,2025-05-31T18:51:00,2025-05-31T18:50:00,TATN,TATN,moex,low,0.696894870209095,0.23632022220064855,0.0667849075902564,0.95,fresh_kronos_target_free_risk_v1,past_only_cross_sectional_vol_drawdown_liquidity_momentum,False
2025-05-31,2025-05-31T18:51:00,2025-05-31T18:50:00,UGLD,UGLD,moex,medium,0.1204133480794327,0.7455261938945174,0.13406045802605,1.0,fresh_kronos_target_free_risk_v1,past_only_cross_sectional_vol_drawdown_liquidity_momentum,False
2025-05-31,2025-05-31T18:51:00,2025-05-31T18:50:00,VKCO,VKCO,moex,medium,0.12109601820236618,0.6821070672339783,0.19679691456365553,1.0,fresh_kronos_target_free_risk_v1,past_only_cross_sectional_vol_drawdown_liquidity_momentum,False
2025-05-31,2025-05-31T18:51:00,2025-05-31T18:50:00,VTBR,VTBR,moex,medium,0.30299687594502916,0.5809071465805352,0.11609597747443569,1.0,fresh_kronos_target_free_risk_v1,past_only_cross_sectional_vol_drawdown_liquidity_momentum,False
2025-05-31,2025-05-31T18:51:00,2025-05-31T18:50:00,WUSH,WUSH,moex,high,0.044577792666409516,0.1369598639027887,0.8184623434308018,1.0,fresh_kronos_target_free_risk_v1,past_only_cross_sectional_vol_drawdown_liquidity_momentum,False
2025-05-31,2025-05-31T18:51:00,2025-05-31T18:50:00,X5,X5,moex,low,0.8154460908332268,0.13938033769367425,0.0451735714730988,1.0,fresh_kronos_target_free_risk_v1,past_only_cross_sectional_vol_drawdown_liquidity_momentum,False
2025-05-31,2025-05-31T18:51:00,2025-05-31T18:50:00,YDEX,YDEX,moex,medium,0.42691969220941517,0.4684118749771907,0.1046684328133942,1.0,fresh_kronos_target_free_risk_v1,past_only_cross_sectional_vol_drawdown_liquidity_momentum,False
2025-06-30,2025-06-30T23:41:00,2025-06-30T23:40:00,AFKS,AFKS,moex,medium,0.11828425591361118,0.6124093185448294,0.2693064255415595,1.0,fresh_kronos_target_free_risk_v1,past_only_cross_sectional_vol_drawdown_liquidity_momentum,False
2025-06-30,2025-06-30T23:41:00,2025-06-30T23:40:00,AFLT,AFLT,moex,medium,0.12123318279726897,0.6929152229863401,0.1858515942163908,1.0,fresh_kronos_target_free_risk_v1,past_only_cross_sectional_vol_drawdown_liquidity_momentum,False
2025-06-30,2025-06-30T23:41:00,2025-06-30T23:40:00,ALRS,ALRS,moex,medium,0.12079136555387429,0.7595127054819234,0.11969592896420218,1.0,fresh_kronos_target_free_risk_v1,past_only_cross_sectional_vol_drawdown_liquidity_momentum,False
2025-06-30,2025-06-30T23:41:00,2025-06-30T23:40:00,ASTR,ASTR,moex,medium,0.2685997694388505,0.613075278504848,0.11832495205630159,1.0,fresh_kronos_target_free_risk_v1,past_only_cross_sectional_vol_drawdown_liquidity_momentum,False
2025-06-30,2025-06-30T23:41:00,2025-06-30T23:40:00,BSPB,BSPB,moex,medium,0.12016766274278798,0.649557939715856,0.23027439754135606,1.0,fresh_kronos_target_free_risk_v1,past_only_cross_sectional_vol_drawdown_liquidity_momentum,False
2025-06-30,2025-06-30T23:41:00,2025-06-30T23:40:00,CBOM,CBOM,moex,high,0.0873720821028673,0.34860770427716964,0.5640202136199631,1.0,fresh_kronos_target_free_risk_v1,past_only_cross_sectional_vol_drawdown_liquidity_momentum,False
2025-06-30,2025-06-30T23:41:00,2025-06-30T23:40:00,CHMF,CHMF,moex,medium,0.12115602512740666,0.7193533246418016,0.1594906502307918,1.0,fresh_kronos_target_free_risk_v1,past_only_cross_sectional_vol_drawdown_liquidity_momentum,False
2025-06-30,2025-06-30T23:41:00,2025-06-30T23:40:00,CNRU,CNRU,moex,medium,0.15963949315857226,0.7192022380902674,0.12115826875116038,1.0,fresh_kronos_target_free_risk_v1,past_only_cross_sectional_vol_drawdown_liquidity_momentum,False
2025-06-30,2025-06-30T23:41:00,2025-06-30T23:40:00,ENPG,ENPG,moex,high,0.05552853679680096,0.1835503289071601,0.7609211342960389,1.0,fresh_kronos_target_free_risk_v1,past_only_cross_sectional_vol_drawdown_liquidity_momentum,False
2025-06-30,2025-06-30T23:41:00,2025-06-30T23:40:00,FEES,FEES,moex,medium,0.21292470318044743,0.6663371274735556,0.12073816934599714,1.0,fresh_kronos_target_free_risk_v1,past_only_cross_sectional_vol_drawdown_liquidity_momentum,False
2025-06-30,2025-06-30T23:41:00,2025-06-30T23:40:00,FLOT,FLOT,moex,high,0.08634427520114529,0.34239566877372946,0.5712600560251253,1.0,fresh_kronos_target_free_risk_v1,past_only_cross_sectional_vol_drawdown_liquidity_momentum,False
2025-06-30,2025-06-30T23:41:00,2025-06-30T23:40:00,GAZP,GAZP,moex,medium,0.12075075135364463,0.7365532805032632,0.1426959681430921,1.0,fresh_kronos_target_free_risk_v1,past_only_cross_sectional_vol_drawdown_liquidity_momentum,False
2025-06-30,2025-06-30T23:41:00,2025-06-30T23:40:00,GMKN,GMKN,moex,medium,0.12063452024111203,0.739928260275827,0.13943721948306081,1.0,fresh_kronos_target_free_risk_v1,past_only_cross_sectional_vol_drawdown_liquidity_momentum,False
2025-06-30,2025-06-30T23:41:00,2025-06-30T23:40:00,HEAD,HEAD,moex,medium,0.26823524728377873,0.613418896471547,0.11834585624467432,1.0,fresh_kronos_target_free_risk_v1,past_only_cross_sectional_vol_drawdown_liquidity_momentum,False
2025-06-30,2025-06-30T23:41:00,2025-06-30T23:40:00,HYDR,HYDR,moex,medium,0.13843577785138228,0.7409680749801989,0.12059614716841865,1.0,fresh_kronos_target_free_risk_v1,past_only_cross_sectional_vol_drawdown_liquidity_momentum,False
2025-06-30,2025-06-30T23:41:00,2025-06-30T23:40:00,IRAO,IRAO,moex,high,0.08241886734516789,0.3193448413225291,0.598236291332303,0.95,fresh_kronos_target_free_risk_v1,past_only_cross_sectional_vol_drawdown_liquidity_momentum,False
2025-06-30,2025-06-30T23:41:00,2025-06-30T23:40:00,LKOH,LKOH,moex,low,0.5102628863250105,0.3950804130805853,0.09465670059440434,1.0,fresh_kronos_target_free_risk_v1,past_only_cross_sectional_vol_drawdown_liquidity_momentum,False
2025-06-30,2025-06-30T23:41:00,2025-06-30T23:40:00,MAGN,MAGN,moex,medium,0.12127556699813845,0.702041065404379,0.17668336759748252,1.0,fresh_kronos_target_free_risk_v1,past_only_cross_sectional_vol_drawdown_liquidity_momentum,False
2025-06-30,2025-06-30T23:41:00,2025-06-30T23:40:00,MGNT,MGNT,moex,medium,0.12117882195326439,0.6877311108260464,0.19109006722068916,1.0,fresh_kronos_target_free_risk_v1,past_only_cross_sectional_vol_drawdown_liquidity_momentum,False
2025-06-30,2025-06-30T23:41:00,2025-06-30T23:40:00,MOEX,MOEX,moex,low,0.6221398350642846,0.2990448176955854,0.07881534724013001,1.0,fresh_kronos_target_free_risk_v1,past_only_cross_sectional_vol_drawdown_liquidity_momentum,False
2025-06-30,2025-06-30T23:41:00,2025-06-30T23:40:00,MTLR,MTLR,moex,high,0.10046342546720419,0.4359308071165522,0.4636057674162436,1.0,fresh_kronos_target_free_risk_v1,past_only_cross_sectional_vol_drawdown_liquidity_momentum,False
2025-06-30,2025-06-30T23:41:00,2025-06-30T23:40:00,MTSS,MTSS,moex,low,0.7786672414880238,0.1690916602688568,0.052241098243119274,1.0,fresh_kronos_target_free_risk_v1,past_only_cross_sectional_vol_drawdown_liquidity_momentum,False
2025-06-30,2025-06-30T23:41:00,2025-06-30T23:40:00,NLMK,NLMK,moex,medium,0.11972041696456284,0.7591039751314907,0.12117560790394642,1.0,fresh_kronos_target_free_risk_v1,past_only_cross_sectional_vol_drawdown_liquidity_momentum,False
2025-06-30,2025-06-30T23:41:00,2025-06-30T23:40:00,NVTK,NVTK,moex,medium,0.10604070181899634,0.47969649991635704,0.4142627982646467,1.0,fresh_kronos_target_free_risk_v1,past_only_cross_sectional_vol_drawdown_liquidity_momentum,False
2025-06-30,2025-06-30T23:41:00,2025-06-30T23:40:00,OZON,OZON,moex,medium,0.1537312118092527,0.7252170618699924,0.12105172632075507,0.75,fresh_kronos_target_free_risk_v1,past_only_cross_sectional_vol_drawdown_liquidity_momentum,False
2025-06-30,2025-06-30T23:41:00,2025-06-30T23:40:00,PHOR,PHOR,moex,medium,0.24299798122827435,0.6373626799878411,0.11963933878388452,0.95,fresh_kronos_target_free_risk_v1,past_only_cross_sectional_vol_drawdown_liquidity_momentum,False
2025-06-30,2025-06-30T23:41:00,2025-06-30T23:40:00,PIKK,PIKK,moex,medium,0.12095484255581701,0.6748970299842229,0.20414812745996,1.0,fresh_kronos_target_free_risk_v1,past_only_cross_sectional_vol_drawdown_liquidity_momentum,False
2025-06-30,2025-06-30T23:41:00,2025-06-30T23:40:00,PLZL,PLZL,moex,low,0.5120669125730789,0.39351074210118486,0.09442234532573629,1.0,fresh_kronos_target_free_risk_v1,past_only_cross_sectional_vol_drawdown_liquidity_momentum,False
2025-06-30,2025-06-30T23:41:00,2025-06-30T23:40:00,POSI,POSI,moex,medium,0.11484138593332915,0.5654150633447964,0.3197435507218745,1.0,fresh_kronos_target_free_risk_v1,past_only_cross_sectional_vol_drawdown_liquidity_momentum,False
2025-06-30,2025-06-30T23:41:00,2025-06-30T23:40:00,RAGR,RAGR,moex,high,0.065498039106942,0.23001832517072962,0.7044836357223284,1.0,fresh_kronos_target_free_risk_v1,past_only_cross_sectional_vol_drawdown_liquidity_momentum,False
2025-06-30,2025-06-30T23:41:00,2025-06-30T23:40:00,RNFT,RNFT,moex,medium,0.12127583395999247,0.7034882992216912,0.1752358668183163,1.0,fresh_kronos_target_free_risk_v1,past_only_cross_sectional_vol_drawdown_liquidity_momentum,False
2025-06-30,2025-06-30T23:41:00,2025-06-30T23:40:00,ROSN,ROSN,moex,medium,0.12083308106575123,0.7339094149301459,0.1452575040041029,1.0,fresh_kronos_target_free_risk_v1,past_only_cross_sectional_vol_drawdown_liquidity_momentum,False
2025-06-30,2025-06-30T23:41:00,2025-06-30T23:40:00,RTKM,RTKM,moex,medium,0.11987874605714523,0.6426283071624181,0.23749294678043667,1.0,fresh_kronos_target_free_risk_v1,past_only_cross_sectional_vol_drawdown_liquidity_momentum,False
2025-06-30,2025-06-30T23:41:00,2025-06-30T23:40:00,RUAL,RUAL,moex,medium,0.12017409485813084,0.7507434114490668,0.12908249369280247,1.0,fresh_kronos_target_free_risk_v1,past_only_cross_sectional_vol_drawdown_liquidity_momentum,False
2025-06-30,2025-06-30T23:41:00,2025-06-30T23:40:00,SBER,SBER,moex,low,0.8713954756535515,0.09493552361995607,0.03366900072649254,1.0,fresh_kronos_target_free_risk_v1,past_only_cross_sectional_vol_drawdown_liquidity_momentum,False
2025-06-30,2025-06-30T23:41:00,2025-06-30T23:40:00,SGZH,SGZH,moex,medium,0.11788036738605989,0.6059990617135035,0.2761205709004367,1.0,fresh_kronos_target_free_risk_v1,past_only_cross_sectional_vol_drawdown_liquidity_momentum,False
2025-06-30,2025-06-30T23:41:00,2025-06-30T23:40:00,SIBN,SIBN,moex,medium,0.12123753685109004,0.7123199980300241,0.16644246511888589,1.0,fresh_kronos_target_free_risk_v1,past_only_cross_sectional_vol_drawdown_liquidity_momentum,False
2025-06-30,2025-06-30T23:41:00,2025-06-30T23:40:00,SMLT,SMLT,moex,medium,0.11198568732554226,0.5342004117171506,0.35381390095730714,1.0,fresh_kronos_target_free_risk_v1,past_only_cross_sectional_vol_drawdown_liquidity_momentum,False
2025-06-30,2025-06-30T23:41:00,2025-06-30T23:40:00,SNGS,SNGS,moex,medium,0.21404072449430023,0.6652522541597224,0.12070702134597741,1.0,fresh_kronos_target_free_risk_v1,past_only_cross_sectional_vol_drawdown_liquidity_momentum,False
2025-06-30,2025-06-30T23:41:00,2025-06-30T23:40:00,SPBE,SPBE,moex,high,0.05165003071079492,0.1665356095137294,0.7818143597754756,1.0,fresh_kronos_target_free_risk_v1,past_only_cross_sectional_vol_drawdown_liquidity_momentum,False
2025-06-30,2025-06-30T23:41:00,2025-06-30T23:40:00,SVCB,SVCB,moex,medium,0.13973262551187068,0.7396217760394519,0.12064559844867725,1.0,fresh_kronos_target_free_risk_v1,past_only_cross_sectional_vol_drawdown_liquidity_momentum,False
2025-06-30,2025-06-30T23:41:00,2025-06-30T23:40:00,T,T,moex,medium,0.42157310240790385,0.473173715416462,0.10525318217563408,1.0,fresh_kronos_target_free_risk_v1,past_only_cross_sectional_vol_drawdown_liquidity_momentum,False
2025-06-30,2025-06-30T23:41:00,2025-06-30T23:40:00,TATN,TATN,moex,medium,0.12845465504896383,0.7514038899036849,0.12014145504735134,1.0,fresh_kronos_target_free_risk_v1,past_only_cross_sectional_vol_drawdown_liquidity_momentum,False
2025-06-30,2025-06-30T23:41:00,2025-06-30T23:40:00,UGLD,UGLD,moex,medium,0.1212759032319419,0.7032934741366726,0.17543062263138548,1.0,fresh_kronos_target_free_risk_v1,past_only_cross_sectional_vol_drawdown_liquidity_momentum,False
2025-06-30,2025-06-30T23:41:00,2025-06-30T23:40:00,VKCO,VKCO,moex,medium,0.11491408923832482,0.5662766605083934,0.31880925025328166,1.0,fresh_kronos_target_free_risk_v1,past_only_cross_sectional_vol_drawdown_liquidity_momentum,False
2025-06-30,2025-06-30T23:41:00,2025-06-30T23:40:00,VTBR,VTBR,moex,low,0.6774896474362107,0.2524905605198685,0.07001979204392085,1.0,fresh_kronos_target_free_risk_v1,past_only_cross_sectional_vol_drawdown_liquidity_momentum,False
2025-06-30,2025-06-30T23:41:00,2025-06-30T23:40:00,WUSH,WUSH,moex,high,0.07450049230606207,0.27570859948707654,0.6497909082068614,1.0,fresh_kronos_target_free_risk_v1,past_only_cross_sectional_vol_drawdown_liquidity_momentum,False
2025-06-30,2025-06-30T23:41:00,2025-06-30T23:40:00,X5,X5,moex,low,0.8414108023058386,0.11863111268363223,0.03995808501052897,1.0,fresh_kronos_target_free_risk_v1,past_only_cross_sectional_vol_drawdown_liquidity_momentum,False
2025-06-30,2025-06-30T23:41:00,2025-06-30T23:40:00,YDEX,YDEX,moex,low,0.4854221825229685,0.4167677848396198,0.09781003263741168,1.0,fresh_kronos_target_free_risk_v1,past_only_cross_sectional_vol_drawdown_liquidity_momentum,False
2025-07-31,2025-07-31T23:41:00,2025-07-31T23:40:00,AFKS,AFKS,moex,medium,0.11824823705463237,0.6118231446924977,0.26992861825287,1.0,fresh_kronos_target_free_risk_v1,past_only_cross_sectional_vol_drawdown_liquidity_momentum,False
2025-07-31,2025-07-31T23:41:00,2025-07-31T23:40:00,AFLT,AFLT,moex,medium,0.11698795462818906,0.5928953550405076,0.29011669033130333,1.0,fresh_kronos_target_free_risk_v1,past_only_cross_sectional_vol_drawdown_liquidity_momentum,False
2025-07-31,2025-07-31T23:41:00,2025-07-31T23:40:00,ALRS,ALRS,moex,medium,0.1469497006223605,0.7321670680306835,0.12088323134695582,1.0,fresh_kronos_target_free_risk_v1,past_only_cross_sectional_vol_drawdown_liquidity_momentum,False
2025-07-31,2025-07-31T23:41:00,2025-07-31T23:40:00,ASTR,ASTR,moex,medium,0.12072980712882758,0.7371893990844341,0.1420807937867384,1.0,fresh_kronos_target_free_risk_v1,past_only_cross_sectional_vol_drawdown_liquidity_momentum,False
2025-07-31,2025-07-31T23:41:00,2025-07-31T23:40:00,BSPB,BSPB,moex,low,0.4782162736454038,0.4230850783068076,0.09869864804778854,1.0,fresh_kronos_target_free_risk_v1,past_only_cross_sectional_vol_drawdown_liquidity_momentum,False
2025-07-31,2025-07-31T23:41:00,2025-07-31T23:40:00,CBOM,CBOM,moex,medium,0.12022745926736421,0.7601129762157892,0.11965956451684644,1.0,fresh_kronos_target_free_risk_v1,past_only_cross_sectional_vol_drawdown_liquidity_momentum,False
2025-07-31,2025-07-31T23:41:00,2025-07-31T23:40:00,CHMF,CHMF,moex,medium,0.3343908157903524,0.5519476877594057,0.11366149645024187,1.0,fresh_kronos_target_free_risk_v1,past_only_cross_sectional_vol_drawdown_liquidity_momentum,False
2025-07-31,2025-07-31T23:41:00,2025-07-31T23:40:00,CNRU,CNRU,moex,medium,0.11998991630236869,0.7543378627666734,0.1256722209309579,1.0,fresh_kronos_target_free_risk_v1,past_only_cross_sectional_vol_drawdown_liquidity_momentum,False
2025-07-31,2025-07-31T23:41:00,2025-07-31T23:40:00,ENPG,ENPG,moex,medium,0.10691668201014765,0.4871103431183636,0.4059729748714887,1.0,fresh_kronos_target_free_risk_v1,past_only_cross_sectional_vol_drawdown_liquidity_momentum,False
2025-07-31,2025-07-31T23:41:00,2025-07-31T23:40:00,FEES,FEES,moex,medium,0.24090281474296546,0.6393648274836125,0.11973235777342216,1.0,fresh_kronos_target_free_risk_v1,past_only_cross_sectional_vol_drawdown_liquidity_momentum,False
2025-07-31,2025-07-31T23:41:00,2025-07-31T23:40:00,FLOT,FLOT,moex,medium,0.12748904570296243,0.7524208068171013,0.12009014747993622,1.0,fresh_kronos_target_free_risk_v1,past_only_cross_sectional_vol_drawdown_liquidity_momentum,False
2025-07-31,2025-07-31T23:41:00,2025-07-31T23:40:00,GAZP,GAZP,moex,medium,0.20213010158220693,0.6768725416849874,0.12099735673280557,1.0,fresh_kronos_target_free_risk_v1,past_only_cross_sectional_vol_drawdown_liquidity_momentum,False
2025-07-31,2025-07-31T23:41:00,2025-07-31T23:40:00,GMKN,GMKN,moex,medium,0.13730399152889564,0.7421447631431993,0.12055124532790507,1.0,fresh_kronos_target_free_risk_v1,past_only_cross_sectional_vol_drawdown_liquidity_momentum,False
2025-07-31,2025-07-31T23:41:00,2025-07-31T23:40:00,HEAD,HEAD,moex,medium,0.12082733320042749,0.7341021900367207,0.14507047676285184,1.0,fresh_kronos_target_free_risk_v1,past_only_cross_sectional_vol_drawdown_liquidity_momentum,False
2025-07-31,2025-07-31T23:41:00,2025-07-31T23:40:00,HYDR,HYDR,moex,medium,0.30562197298007937,0.5784717846475032,0.11590624237241738,1.0,fresh_kronos_target_free_risk_v1,past_only_cross_sectional_vol_drawdown_liquidity_momentum,False
2025-07-31,2025-07-31T23:41:00,2025-07-31T23:40:00,IRAO,IRAO,moex,medium,0.12104746351953485,0.6793952996631211,0.1995572368173441,1.0,fresh_kronos_target_free_risk_v1,past_only_cross_sectional_vol_drawdown_liquidity_momentum,False
2025-07-31,2025-07-31T23:41:00,2025-07-31T23:40:00,LKOH,LKOH,moex,medium,0.23722101017849678,0.6428888391501945,0.11989015067130872,1.0,fresh_kronos_target_free_risk_v1,past_only_cross_sectional_vol_drawdown_liquidity_momentum,False
2025-07-31,2025-07-31T23:41:00,2025-07-31T23:40:00,MAGN,MAGN,moex,medium,0.1873421626631008,0.691437958193125,0.12121987914377429,1.0,fresh_kronos_target_free_risk_v1,past_only_cross_sectional_vol_drawdown_liquidity_momentum,False
2025-07-31,2025-07-31T23:41:00,2025-07-31T23:40:00,MGNT,MGNT,moex,medium,0.28603659622882843,0.5967068080259195,0.11725659574525216,1.0,fresh_kronos_target_free_risk_v1,past_only_cross_sectional_vol_drawdown_liquidity_momentum,False
2025-07-31,2025-07-31T23:41:00,2025-07-31T23:40:00,MOEX,MOEX,moex,medium,0.12023157980177934,0.7495528716285903,0.1302155485696303,1.0,fresh_kronos_target_free_risk_v1,past_only_cross_sectional_vol_drawdown_liquidity_momentum,False
2025-07-31,2025-07-31T23:41:00,2025-07-31T23:40:00,MTLR,MTLR,moex,medium,0.11777787480435324,0.6044252367665099,0.27779688842913686,1.0,fresh_kronos_target_free_risk_v1,past_only_cross_sectional_vol_drawdown_liquidity_momentum,False
2025-07-31,2025-07-31T23:41:00,2025-07-31T23:40:00,MTSS,MTSS,moex,medium,0.11927393652145542,0.6299466164933917,0.25077944698515303,1.0,fresh_kronos_target_free_risk_v1,past_only_cross_sectional_vol_drawdown_liquidity_momentum,False
2025-07-31,2025-07-31T23:41:00,2025-07-31T23:40:00,NLMK,NLMK,moex,medium,0.19528610118940312,0.6835936267089945,0.1211202721016024,1.0,fresh_kronos_target_free_risk_v1,past_only_cross_sectional_vol_drawdown_liquidity_momentum,False
2025-07-31,2025-07-31T23:41:00,2025-07-31T23:40:00,NVTK,NVTK,moex,medium,0.11990210317274334,0.7559487343095637,0.12414916251769295,1.0,fresh_kronos_target_free_risk_v1,past_only_cross_sectional_vol_drawdown_liquidity_momentum,False
2025-07-31,2025-07-31T23:41:00,2025-07-31T23:40:00,OZON,OZON,moex,medium,0.12007034515498556,0.7528066281523178,0.1271230266926967,0.7,fresh_kronos_target_free_risk_v1,past_only_cross_sectional_vol_drawdown_liquidity_momentum,False
2025-07-31,2025-07-31T23:41:00,2025-07-31T23:40:00,PHOR,PHOR,moex,medium,0.20041848452223385,0.6785503087218079,0.12103120675595834,1.0,fresh_kronos_target_free_risk_v1,past_only_cross_sectional_vol_drawdown_liquidity_momentum,False
2025-07-31,2025-07-31T23:41:00,2025-07-31T23:40:00,PIKK,PIKK,moex,medium,0.12627974882801798,0.7536962765415259,0.12002397463045593,1.0,fresh_kronos_target_free_risk_v1,past_only_cross_sectional_vol_drawdown_liquidity_momentum,False
2025-07-31,2025-07-31T23:41:00,2025-07-31T23:40:00,PLZL,PLZL,moex,medium,0.3914257612677067,0.5001653422213311,0.10840889651096226,1.0,fresh_kronos_target_free_risk_v1,past_only_cross_sectional_vol_drawdown_liquidity_momentum,False
2025-07-31,2025-07-31T23:41:00,2025-07-31T23:40:00,POSI,POSI,moex,medium,0.23575764737343255,0.6442915224245941,0.1199508302019734,1.0,fresh_kronos_target_free_risk_v1,past_only_cross_sectional_vol_drawdown_liquidity_momentum,False
2025-07-31,2025-07-31T23:41:00,2025-07-31T23:40:00,RAGR,RAGR,moex,medium,0.12061054645455088,0.6620561716754757,0.2173332818699734,1.0,fresh_kronos_target_free_risk_v1,past_only_cross_sectional_vol_drawdown_liquidity_momentum,False
2025-07-31,2025-07-31T23:41:00,2025-07-31T23:40:00,RNFT,RNFT,moex,medium,0.12121156179964228,0.6906008068367201,0.18818763136363756,1.0,fresh_kronos_target_free_risk_v1,past_only_cross_sectional_vol_drawdown_liquidity_momentum,False
2025-07-31,2025-07-31T23:41:00,2025-07-31T23:40:00,ROSN,ROSN,moex,medium,0.2725594038746378,0.6093465774072115,0.11809401871815076,1.0,fresh_kronos_target_free_risk_v1,past_only_cross_sectional_vol_drawdown_liquidity_momentum,False
2025-07-31,2025-07-31T23:41:00,2025-07-31T23:40:00,RTKM,RTKM,moex,medium,0.11622416533876488,0.5825735712284236,0.30120226343281165,1.0,fresh_kronos_target_free_risk_v1,past_only_cross_sectional_vol_drawdown_liquidity_momentum,False
2025-07-31,2025-07-31T23:41:00,2025-07-31T23:40:00,RUAL,RUAL,moex,medium,0.11793672266253592,0.6068730710728543,0.27519020626460977,1.0,fresh_kronos_target_free_risk_v1,past_only_cross_sectional_vol_drawdown_liquidity_momentum,False
2025-07-31,2025-07-31T23:41:00,2025-07-31T23:40:00,SBER,SBER,moex,low,0.48842374582704734,0.4141398707616445,0.0974363834113081,1.0,fresh_kronos_target_free_risk_v1,past_only_cross_sectional_vol_drawdown_liquidity_momentum,False
2025-07-31,2025-07-31T23:41:00,2025-07-31T23:40:00,SGZH,SGZH,moex,high,0.060828997694423265,0.2077501173907277,0.7314208849148489,1.0,fresh_kronos_target_free_risk_v1,past_only_cross_sectional_vol_drawdown_liquidity_momentum,False
2025-07-31,2025-07-31T23:41:00,2025-07-31T23:40:00,SIBN,SIBN,moex,medium,0.23552977812849457,0.6445100482932089,0.11996017357829648,1.0,fresh_kronos_target_free_risk_v1,past_only_cross_sectional_vol_drawdown_liquidity_momentum,False
2025-07-31,2025-07-31T23:41:00,2025-07-31T23:40:00,SMLT,SMLT,moex,medium,0.1166950881313474,0.5888530686887359,0.29445184317991674,1.0,fresh_kronos_target_free_risk_v1,past_only_cross_sectional_vol_drawdown_liquidity_momentum,False
2025-07-31,2025-07-31T23:41:00,2025-07-31T23:40:00,SNGS,SNGS,moex,medium,0.1470640826062191,0.7320494158830244,0.12088650151075644,1.0,fresh_kronos_target_free_risk_v1,past_only_cross_sectional_vol_drawdown_liquidity_momentum,False
2025-07-31,2025-07-31T23:41:00,2025-07-31T23:40:00,SPBE,SPBE,moex,high,0.06087489167710994,0.20796457251455816,0.7311605358083318,1.0,fresh_kronos_target_free_risk_v1,past_only_cross_sectional_vol_drawdown_liquidity_momentum,False
2025-07-31,2025-07-31T23:41:00,2025-07-31T23:40:00,SVCB,SVCB,moex,medium,0.12100740811770634,0.7272573030005577,0.1517352888817361,1.0,fresh_kronos_target_free_risk_v1,past_only_cross_sectional_vol_drawdown_liquidity_momentum,False
2025-07-31,2025-07-31T23:41:00,2025-07-31T23:40:00,T,T,moex,low,0.4581778941144622,0.44071586949281377,0.10110623639272402,1.0,fresh_kronos_target_free_risk_v1,past_only_cross_sectional_vol_drawdown_liquidity_momentum,False
2025-07-31,2025-07-31T23:41:00,2025-07-31T23:40:00,TATN,TATN,moex,medium,0.13904731947370638,0.7403329499340927,0.12061973059220109,1.0,fresh_kronos_target_free_risk_v1,past_only_cross_sectional_vol_drawdown_liquidity_momentum,False
2025-07-31,2025-07-31T23:41:00,2025-07-31T23:40:00,UGLD,UGLD,moex,high,0.03647905388497365,0.10534280716900345,0.8581781389460228,0.9,fresh_kronos_target_free_risk_v1,past_only_cross_sectional_vol_drawdown_liquidity_momentum,False
2025-07-31,2025-07-31T23:41:00,2025-07-31T23:40:00,VKCO,VKCO,moex,medium,0.36869278900517777,0.5206861289748561,0.11062108201996616,1.0,fresh_kronos_target_free_risk_v1,past_only_cross_sectional_vol_drawdown_liquidity_momentum,False
2025-07-31,2025-07-31T23:41:00,2025-07-31T23:40:00,VTBR,VTBR,moex,high,0.0995932621541653,0.4295452823748391,0.47086145547099567,1.0,fresh_kronos_target_free_risk_v1,past_only_cross_sectional_vol_drawdown_liquidity_momentum,False
2025-07-31,2025-07-31T23:41:00,2025-07-31T23:40:00,WUSH,WUSH,moex,high,0.051819958988055935,0.16726911042830683,0.7809109305836371,1.0,fresh_kronos_target_free_risk_v1,past_only_cross_sectional_vol_drawdown_liquidity_momentum,False
2025-07-31,2025-07-31T23:41:00,2025-07-31T23:40:00,X5,X5,moex,medium,0.12127574562607832,0.7036600906414245,0.17506416373249714,1.0,fresh_kronos_target_free_risk_v1,past_only_cross_sectional_vol_drawdown_liquidity_momentum,False
2025-07-31,2025-07-31T23:41:00,2025-07-31T23:40:00,YDEX,YDEX,moex,low,0.5259820075241479,0.38142722300860377,0.09259076946724833,1.0,fresh_kronos_target_free_risk_v1,past_only_cross_sectional_vol_drawdown_liquidity_momentum,False
2025-08-31,2025-08-31T18:51:00,2025-08-31T18:50:00,AFKS,AFKS,moex,medium,0.18074716622602272,0.6979875206432686,0.12126531313070857,1.0,fresh_kronos_target_free_risk_v1,past_only_cross_sectional_vol_drawdown_liquidity_momentum,False
2025-08-31,2025-08-31T18:51:00,2025-08-31T18:50:00,AFLT,AFLT,moex,medium,0.11467371200897777,0.5634430811933038,0.32188320679771837,1.0,fresh_kronos_target_free_risk_v1,past_only_cross_sectional_vol_drawdown_liquidity_momentum,False
2025-08-31,2025-08-31T18:51:00,2025-08-31T18:50:00,ALRS,ALRS,moex,medium,0.11976826475132289,0.6401520251581467,0.2400797100905303,1.0,fresh_kronos_target_free_risk_v1,past_only_cross_sectional_vol_drawdown_liquidity_momentum,False
2025-08-31,2025-08-31T18:51:00,2025-08-31T18:50:00,ASTR,ASTR,moex,medium,0.15665760974013682,0.7222333661492666,0.12110902411059651,1.0,fresh_kronos_target_free_risk_v1,past_only_cross_sectional_vol_drawdown_liquidity_momentum,False
2025-08-31,2025-08-31T18:51:00,2025-08-31T18:50:00,BSPB,BSPB,moex,medium,0.10663664776553977,0.48472134483729723,0.40864200739716305,1.0,fresh_kronos_target_free_risk_v1,past_only_cross_sectional_vol_drawdown_liquidity_momentum,False
2025-08-31,2025-08-31T18:51:00,2025-08-31T18:50:00,CBOM,CBOM,moex,medium,0.12118748469270717,0.688437488971983,0.1903750263353098,1.0,fresh_kronos_target_free_risk_v1,past_only_cross_sectional_vol_drawdown_liquidity_momentum,False
2025-08-31,2025-08-31T18:51:00,2025-08-31T18:50:00,CHMF,CHMF,moex,medium,0.1444272463107827,0.7347655033352962,0.1208072503539211,1.0,fresh_kronos_target_free_risk_v1,past_only_cross_sectional_vol_drawdown_liquidity_momentum,False
2025-08-31,2025-08-31T18:51:00,2025-08-31T18:50:00,CNRU,CNRU,moex,medium,0.11169021760558305,0.5312101450165144,0.3570996373779025,1.0,fresh_kronos_target_free_risk_v1,past_only_cross_sectional_vol_drawdown_liquidity_momentum,False
2025-08-31,2025-08-31T18:51:00,2025-08-31T18:50:00,ENPG,ENPG,moex,high,0.07850957658494875,0.29735743432524214,0.6241329890898092,1.0,fresh_kronos_target_free_risk_v1,past_only_cross_sectional_vol_drawdown_liquidity_momentum,False
2025-08-31,2025-08-31T18:51:00,2025-08-31T18:50:00,FEES,FEES,moex,medium,0.1246637557525568,0.755404080438781,0.11993216380866217,1.0,fresh_kronos_target_free_risk_v1,past_only_cross_sectional_vol_drawdown_liquidity_momentum,False
2025-08-31,2025-08-31T18:51:00,2025-08-31T18:50:00,FLOT,FLOT,moex,medium,0.18218262128973503,0.6965589692982519,0.12125840941201299,1.0,fresh_kronos_target_free_risk_v1,past_only_cross_sectional_vol_drawdown_liquidity_momentum,False
2025-08-31,2025-08-31T18:51:00,2025-08-31T18:50:00,GAZP,GAZP,moex,medium,0.2395248312338223,0.6406829020756125,0.1197922666905652,1.0,fresh_kronos_target_free_risk_v1,past_only_cross_sectional_vol_drawdown_liquidity_momentum,False
2025-08-31,2025-08-31T18:51:00,2025-08-31T18:50:00,GMKN,GMKN,moex,medium,0.12153969970928145,0.758716895486488,0.11974340480423057,1.0,fresh_kronos_target_free_risk_v1,past_only_cross_sectional_vol_drawdown_liquidity_momentum,False
2025-08-31,2025-08-31T18:51:00,2025-08-31T18:50:00,HEAD,HEAD,moex,medium,0.43801181637376163,0.45855609220909876,0.10343209141713963,1.0,fresh_kronos_target_free_risk_v1,past_only_cross_sectional_vol_drawdown_liquidity_momentum,False
2025-08-31,2025-08-31T18:51:00,2025-08-31T18:50:00,HYDR,HYDR,moex,medium,0.13448983221640662,0.7450777678296919,0.12043239995390145,1.0,fresh_kronos_target_free_risk_v1,past_only_cross_sectional_vol_drawdown_liquidity_momentum,False
2025-08-31,2025-08-31T18:51:00,2025-08-31T18:50:00,IRAO,IRAO,moex,low,0.5272726320737885,0.3803086079500958,0.09241875997611579,1.0,fresh_kronos_target_free_risk_v1,past_only_cross_sectional_vol_drawdown_liquidity_momentum,False
2025-08-31,2025-08-31T18:51:00,2025-08-31T18:50:00,LKOH,LKOH,moex,low,0.49559614731993273,0.4078685941741283,0.09653525850593911,1.0,fresh_kronos_target_free_risk_v1,past_only_cross_sectional_vol_drawdown_liquidity_momentum,False
2025-08-31,2025-08-31T18:51:00,2025-08-31T18:50:00,MAGN,MAGN,moex,medium,0.11995550622528954,0.644400799872865,0.23564369390184547,1.0,fresh_kronos_target_free_risk_v1,past_only_cross_sectional_vol_drawdown_liquidity_momentum,False
2025-08-31,2025-08-31T18:51:00,2025-08-31T18:50:00,MGNT,MGNT,moex,medium,0.39278617207258776,0.4989420028161822,0.10827182511123007,1.0,fresh_kronos_target_free_risk_v1,past_only_cross_sectional_vol_drawdown_liquidity_momentum,False
2025-08-31,2025-08-31T18:51:00,2025-08-31T18:50:00,MOEX,MOEX,moex,medium,0.118888014871159,0.622737359263748,0.2583746258650931,1.0,fresh_kronos_target_free_risk_v1,past_only_cross_sectional_vol_drawdown_liquidity_momentum,False
2025-08-31,2025-08-31T18:51:00,2025-08-31T18:50:00,MTLR,MTLR,moex,high,0.09587962844726447,0.40336279451879736,0.5007575770339382,1.0,fresh_kronos_target_free_risk_v1,past_only_cross_sectional_vol_drawdown_liquidity_momentum,False
2025-08-31,2025-08-31T18:51:00,2025-08-31T18:50:00,MTSS,MTSS,moex,medium,0.11470958687677467,0.5638632548122429,0.32142715831098245,1.0,fresh_kronos_target_free_risk_v1,past_only_cross_sectional_vol_drawdown_liquidity_momentum,False
2025-08-31,2025-08-31T18:51:00,2025-08-31T18:50:00,NLMK,NLMK,moex,medium,0.11995112270747747,0.6442983531154266,0.23575052417709588,1.0,fresh_kronos_target_free_risk_v1,past_only_cross_sectional_vol_drawdown_liquidity_momentum,False
2025-08-31,2025-08-31T18:51:00,2025-08-31T18:50:00,NVTK,NVTK,moex,medium,0.1211644876635917,0.7187754675699136,0.16006004476649474,1.0,fresh_kronos_target_free_risk_v1,past_only_cross_sectional_vol_drawdown_liquidity_momentum,False
2025-08-31,2025-08-31T18:51:00,2025-08-31T18:50:00,OZON,OZON,moex,medium,0.33970203782568376,0.5470824302869504,0.1132155318873659,0.7,fresh_kronos_target_free_risk_v1,past_only_cross_sectional_vol_drawdown_liquidity_momentum,False
2025-08-31,2025-08-31T18:51:00,2025-08-31T18:50:00,PHOR,PHOR,moex,low,0.46409428959244314,0.43550048291886767,0.10040522748868913,1.0,fresh_kronos_target_free_risk_v1,past_only_cross_sectional_vol_drawdown_liquidity_momentum,False
2025-08-31,2025-08-31T18:51:00,2025-08-31T18:50:00,PIKK,PIKK,moex,medium,0.1922494248465881,0.6865866191015245,0.1211639560518874,1.0,fresh_kronos_target_free_risk_v1,past_only_cross_sectional_vol_drawdown_liquidity_momentum,False
2025-08-31,2025-08-31T18:51:00,2025-08-31T18:50:00,PLZL,PLZL,moex,low,0.509556863703252,0.3956949136004285,0.0947482226963194,1.0,fresh_kronos_target_free_risk_v1,past_only_cross_sectional_vol_drawdown_liquidity_momentum,False
2025-08-31,2025-08-31T18:51:00,2025-08-31T18:50:00,POSI,POSI,moex,medium,0.12027735278952066,0.7485783387326708,0.13114430847780872,1.0,fresh_kronos_target_free_risk_v1,past_only_cross_sectional_vol_drawdown_liquidity_momentum,False
2025-08-31,2025-08-31T18:51:00,2025-08-31T18:50:00,RAGR,RAGR,moex,medium,0.12064576204741616,0.6631962240983373,0.2161580138542464,1.0,fresh_kronos_target_free_risk_v1,past_only_cross_sectional_vol_drawdown_liquidity_momentum,False
2025-08-31,2025-08-31T18:51:00,2025-08-31T18:50:00,RNFT,RNFT,moex,medium,0.11814020085232957,0.610082693429393,0.2717771057182773,1.0,fresh_kronos_target_free_risk_v1,past_only_cross_sectional_vol_drawdown_liquidity_momentum,False
2025-08-31,2025-08-31T18:51:00,2025-08-31T18:50:00,ROSN,ROSN,moex,medium,0.25858665172672074,0.6225365093169677,0.11887683895631164,1.0,fresh_kronos_target_free_risk_v1,past_only_cross_sectional_vol_drawdown_liquidity_momentum,False
2025-08-31,2025-08-31T18:51:00,2025-08-31T18:50:00,RTKM,RTKM,moex,medium,0.12075322216892487,0.6668718885960794,0.2123748892349957,1.0,fresh_kronos_target_free_risk_v1,past_only_cross_sectional_vol_drawdown_liquidity_momentum,False
2025-08-31,2025-08-31T18:51:00,2025-08-31T18:50:00,RUAL,RUAL,moex,medium,0.10427418339154185,0.4652385753894287,0.4304872412190293,1.0,fresh_kronos_target_free_risk_v1,past_only_cross_sectional_vol_drawdown_liquidity_momentum,False
2025-08-31,2025-08-31T18:51:00,2025-08-31T18:50:00,SBER,SBER,moex,low,0.5327334833992222,0.3755795304405753,0.09168698616020249,1.0,fresh_kronos_target_free_risk_v1,past_only_cross_sectional_vol_drawdown_liquidity_momentum,False
2025-08-31,2025-08-31T18:51:00,2025-08-31T18:50:00,SGZH,SGZH,moex,high,0.08401406204949101,0.32858797107578125,0.5873979668747279,1.0,fresh_kronos_target_free_risk_v1,past_only_cross_sectional_vol_drawdown_liquidity_momentum,False
2025-08-31,2025-08-31T18:51:00,2025-08-31T18:50:00,SIBN,SIBN,moex,medium,0.1475422929866226,0.7315576962818258,0.12090001073155164,1.0,fresh_kronos_target_free_risk_v1,past_only_cross_sectional_vol_drawdown_liquidity_momentum,False
2025-08-31,2025-08-31T18:51:00,2025-08-31T18:50:00,SMLT,SMLT,moex,medium,0.10623682876707824,0.4813414810468851,0.4124216901860365,1.0,fresh_kronos_target_free_risk_v1,past_only_cross_sectional_vol_drawdown_liquidity_momentum,False
2025-08-31,2025-08-31T18:51:00,2025-08-31T18:50:00,SNGS,SNGS,moex,medium,0.18141673896938362,0.6973209579149678,0.12126230311564849,1.0,fresh_kronos_target_free_risk_v1,past_only_cross_sectional_vol_drawdown_liquidity_momentum,False
2025-08-31,2025-08-31T18:51:00,2025-08-31T18:50:00,SPBE,SPBE,moex,medium,0.10842115237223178,0.5002749745884054,0.3913038730393627,1.0,fresh_kronos_target_free_risk_v1,past_only_cross_sectional_vol_drawdown_liquidity_momentum,False
2025-08-31,2025-08-31T18:51:00,2025-08-31T18:50:00,SVCB,SVCB,moex,medium,0.12008845164706358,0.647584298919861,0.23232724943307534,1.0,fresh_kronos_target_free_risk_v1,past_only_cross_sectional_vol_drawdown_liquidity_momentum,False
2025-08-31,2025-08-31T18:51:00,2025-08-31T18:50:00,T,T,moex,low,0.4911708006742929,0.4117365762883499,0.0970926230373572,1.0,fresh_kronos_target_free_risk_v1,past_only_cross_sectional_vol_drawdown_liquidity_momentum,False
2025-08-31,2025-08-31T18:51:00,2025-08-31T18:50:00,TATN,TATN,moex,medium,0.2741438790668832,0.6078564723820781,0.11799964855103878,1.0,fresh_kronos_target_free_risk_v1,past_only_cross_sectional_vol_drawdown_liquidity_momentum,False
2025-08-31,2025-08-31T18:51:00,2025-08-31T18:50:00,UGLD,UGLD,moex,high,0.09866502970171005,0.4228443075541494,0.47849066274414054,0.9,fresh_kronos_target_free_risk_v1,past_only_cross_sectional_vol_drawdown_liquidity_momentum,False
2025-08-31,2025-08-31T18:51:00,2025-08-31T18:50:00,VKCO,VKCO,moex,medium,0.2594586456436711,0.6217107045042382,0.11883064985209071,1.0,fresh_kronos_target_free_risk_v1,past_only_cross_sectional_vol_drawdown_liquidity_momentum,False
2025-08-31,2025-08-31T18:51:00,2025-08-31T18:50:00,VTBR,VTBR,moex,medium,0.11919612767228738,0.6284471282508933,0.25235674407681924,1.0,fresh_kronos_target_free_risk_v1,past_only_cross_sectional_vol_drawdown_liquidity_momentum,False
2025-08-31,2025-08-31T18:51:00,2025-08-31T18:50:00,WUSH,WUSH,moex,high,0.07415290410940004,0.27387172652279257,0.6519753693678073,1.0,fresh_kronos_target_free_risk_v1,past_only_cross_sectional_vol_drawdown_liquidity_momentum,False
2025-08-31,2025-08-31T18:51:00,2025-08-31T18:50:00,X5,X5,moex,medium,0.120738263937293,0.7369341681613567,0.14232756790135037,1.0,fresh_kronos_target_free_risk_v1,past_only_cross_sectional_vol_drawdown_liquidity_momentum,False
2025-08-31,2025-08-31T18:51:00,2025-08-31T18:50:00,YDEX,YDEX,moex,low,0.4685034761387659,0.43161911511840906,0.09987740874282518,1.0,fresh_kronos_target_free_risk_v1,past_only_cross_sectional_vol_drawdown_liquidity_momentum,False
2025-09-30,2025-09-30T23:41:00,2025-09-30T23:40:00,AFKS,AFKS,moex,medium,0.11916231190066644,0.6278031521627597,0.2530345359365739,1.0,fresh_kronos_target_free_risk_v1,past_only_cross_sectional_vol_drawdown_liquidity_momentum,False
2025-09-30,2025-09-30T23:41:00,2025-09-30T23:40:00,AFLT,AFLT,moex,medium,0.11997902147527488,0.6449530030658985,0.2350679754588265,1.0,fresh_kronos_target_free_risk_v1,past_only_cross_sectional_vol_drawdown_liquidity_momentum,False
2025-09-30,2025-09-30T23:41:00,2025-09-30T23:40:00,ALRS,ALRS,moex,medium,0.1586793000555165,0.7201772984117764,0.1211434015327071,1.0,fresh_kronos_target_free_risk_v1,past_only_cross_sectional_vol_drawdown_liquidity_momentum,False
2025-09-30,2025-09-30T23:41:00,2025-09-30T23:40:00,ASTR,ASTR,moex,high,0.04070526468278929,0.12154277774321942,0.8377519575739913,1.0,fresh_kronos_target_free_risk_v1,past_only_cross_sectional_vol_drawdown_liquidity_momentum,False
2025-09-30,2025-09-30T23:41:00,2025-09-30T23:40:00,BSPB,BSPB,moex,medium,0.1182899754935682,0.6125026782726956,0.26920734623373627,1.0,fresh_kronos_target_free_risk_v1,past_only_cross_sectional_vol_drawdown_liquidity_momentum,False
2025-09-30,2025-09-30T23:41:00,2025-09-30T23:40:00,CBOM,CBOM,moex,high,0.09881666360586637,0.4239314182283238,0.4772519181658098,1.0,fresh_kronos_target_free_risk_v1,past_only_cross_sectional_vol_drawdown_liquidity_momentum,False
2025-09-30,2025-09-30T23:41:00,2025-09-30T23:40:00,CHMF,CHMF,moex,medium,0.1729332090257219,0.7057942837924125,0.12127250718186561,1.0,fresh_kronos_target_free_risk_v1,past_only_cross_sectional_vol_drawdown_liquidity_momentum,False
2025-09-30,2025-09-30T23:41:00,2025-09-30T23:40:00,CNRU,CNRU,moex,medium,0.12109113529825762,0.6818196738837063,0.19708919081803605,1.0,fresh_kronos_target_free_risk_v1,past_only_cross_sectional_vol_drawdown_liquidity_momentum,False
2025-09-30,2025-09-30T23:41:00,2025-09-30T23:40:00,ENPG,ENPG,moex,high,0.06343967546197198,0.2200878702002826,0.7164724543377454,1.0,fresh_kronos_target_free_risk_v1,past_only_cross_sectional_vol_drawdown_liquidity_momentum,False
2025-09-30,2025-09-30T23:41:00,2025-09-30T23:40:00,FEES,FEES,moex,medium,0.11298698649003322,0.5446314802763996,0.3423815332335671,1.0,fresh_kronos_target_free_risk_v1,past_only_cross_sectional_vol_drawdown_liquidity_momentum,False
2025-09-30,2025-09-30T23:41:00,2025-09-30T23:40:00,FLOT,FLOT,moex,medium,0.12018195836220845,0.7505826496740758,0.1292353919637156,1.0,fresh_kronos_target_free_risk_v1,past_only_cross_sectional_vol_drawdown_liquidity_momentum,False
2025-09-30,2025-09-30T23:41:00,2025-09-30T23:40:00,GAZP,GAZP,moex,medium,0.24013440427044486,0.6400997057487453,0.11976588998080977,1.0,fresh_kronos_target_free_risk_v1,past_only_cross_sectional_vol_drawdown_liquidity_momentum,False
2025-09-30,2025-09-30T23:41:00,2025-09-30T23:40:00,GMKN,GMKN,moex,medium,0.23062443409179365,0.6492212412276196,0.12015432468058683,1.0,fresh_kronos_target_free_risk_v1,past_only_cross_sectional_vol_drawdown_liquidity_momentum,False
2025-09-30,2025-09-30T23:41:00,2025-09-30T23:40:00,HEAD,HEAD,moex,medium,0.2129440426418436,0.666318321011836,0.1207376363463204,1.0,fresh_kronos_target_free_risk_v1,past_only_cross_sectional_vol_drawdown_liquidity_momentum,False
2025-09-30,2025-09-30T23:41:00,2025-09-30T23:40:00,HYDR,HYDR,moex,medium,0.12005889427111088,0.6468631703670024,0.23307793536188676,1.0,fresh_kronos_target_free_risk_v1,past_only_cross_sectional_vol_drawdown_liquidity_momentum,False
2025-09-30,2025-09-30T23:41:00,2025-09-30T23:40:00,IRAO,IRAO,moex,low,0.5337883880962103,0.37466672535026024,0.09154488655352937,1.0,fresh_kronos_target_free_risk_v1,past_only_cross_sectional_vol_drawdown_liquidity_momentum,False
2025-09-30,2025-09-30T23:41:00,2025-09-30T23:40:00,LKOH,LKOH,moex,low,0.7544308792500384,0.1888571432740276,0.05671197747593416,1.0,fresh_kronos_target_free_risk_v1,past_only_cross_sectional_vol_drawdown_liquidity_momentum,False
2025-09-30,2025-09-30T23:41:00,2025-09-30T23:40:00,MAGN,MAGN,moex,medium,0.11061016612237552,0.5205809170074799,0.3688089168701446,1.0,fresh_kronos_target_free_risk_v1,past_only_cross_sectional_vol_drawdown_liquidity_momentum,False
2025-09-30,2025-09-30T23:41:00,2025-09-30T23:40:00,MGNT,MGNT,moex,medium,0.11936897625666895,0.6318134438453635,0.2488175798979676,1.0,fresh_kronos_target_free_risk_v1,past_only_cross_sectional_vol_drawdown_liquidity_momentum,False
2025-09-30,2025-09-30T23:41:00,2025-09-30T23:40:00,MOEX,MOEX,moex,low,0.5044221170582035,0.4001673518098716,0.09541053113192496,1.0,fresh_kronos_target_free_risk_v1,past_only_cross_sectional_vol_drawdown_liquidity_momentum,False
2025-09-30,2025-09-30T23:41:00,2025-09-30T23:40:00,MTLR,MTLR,moex,high,0.08990866895496144,0.3642807923968765,0.5458105386481621,1.0,fresh_kronos_target_free_risk_v1,past_only_cross_sectional_vol_drawdown_liquidity_momentum,False
2025-09-30,2025-09-30T23:41:00,2025-09-30T23:40:00,MTSS,MTSS,moex,low,0.5042169147137225,0.4003462073228753,0.0954368779634021,1.0,fresh_kronos_target_free_risk_v1,past_only_cross_sectional_vol_drawdown_liquidity_momentum,False
2025-09-30,2025-09-30T23:41:00,2025-09-30T23:40:00,NLMK,NLMK,moex,medium,0.12084113901352282,0.733636883618324,0.14552197736815306,1.0,fresh_kronos_target_free_risk_v1,past_only_cross_sectional_vol_drawdown_liquidity_momentum,False
2025-09-30,2025-09-30T23:41:00,2025-09-30T23:40:00,NVTK,NVTK,moex,medium,0.3694088921765686,0.5200374031171286,0.11055370470630291,1.0,fresh_kronos_target_free_risk_v1,past_only_cross_sectional_vol_drawdown_liquidity_momentum,False
2025-09-30,2025-09-30T23:41:00,2025-09-30T23:40:00,PHOR,PHOR,moex,low,0.7429105292067325,0.1983010843073197,0.05878838648594777,1.0,fresh_kronos_target_free_risk_v1,past_only_cross_sectional_vol_drawdown_liquidity_momentum,False
2025-09-30,2025-09-30T23:41:00,2025-09-30T23:40:00,PIKK,PIKK,moex,high,0.09830366361593951,0.4202651350345282,0.4814312013495323,1.0,fresh_kronos_target_free_risk_v1,past_only_cross_sectional_vol_drawdown_liquidity_momentum,False
2025-09-30,2025-09-30T23:41:00,2025-09-30T23:40:00,PLZL,PLZL,moex,low,0.8229050510742707,0.1333993988970876,0.04369555002864179,1.0,fresh_kronos_target_free_risk_v1,past_only_cross_sectional_vol_drawdown_liquidity_momentum,False
2025-09-30,2025-09-30T23:41:00,2025-09-30T23:40:00,POSI,POSI,moex,high,0.04707211291669516,0.14718028946599193,0.805747597617313,1.0,fresh_kronos_target_free_risk_v1,past_only_cross_sectional_vol_drawdown_liquidity_momentum,False
2025-09-30,2025-09-30T23:41:00,2025-09-30T23:40:00,RAGR,RAGR,moex,medium,0.12096411140707791,0.6753166262135868,0.20371926237933535,1.0,fresh_kronos_target_free_risk_v1,past_only_cross_sectional_vol_drawdown_liquidity_momentum,False
2025-09-30,2025-09-30T23:41:00,2025-09-30T23:40:00,RNFT,RNFT,moex,high,0.09631332933003524,0.40633812590854457,0.4973485447614203,1.0,fresh_kronos_target_free_risk_v1,past_only_cross_sectional_vol_drawdown_liquidity_momentum,False
2025-09-30,2025-09-30T23:41:00,2025-09-30T23:40:00,ROSN,ROSN,moex,medium,0.3784055265954727,0.5119002119683091,0.10969426143621812,1.0,fresh_kronos_target_free_risk_v1,past_only_cross_sectional_vol_drawdown_liquidity_momentum,False
2025-09-30,2025-09-30T23:41:00,2025-09-30T23:40:00,RTKM,RTKM,moex,high,0.08662041191178528,0.3440570890027832,0.5693224990854314,1.0,fresh_kronos_target_free_risk_v1,past_only_cross_sectional_vol_drawdown_liquidity_momentum,False
2025-09-30,2025-09-30T23:41:00,2025-09-30T23:40:00,RUAL,RUAL,moex,medium,0.11153272901428885,0.5296314285994093,0.3588358423863019,1.0,fresh_kronos_target_free_risk_v1,past_only_cross_sectional_vol_drawdown_liquidity_momentum,False
2025-09-30,2025-09-30T23:41:00,2025-09-30T23:40:00,SBER,SBER,moex,low,0.7612124867228026,0.18331233577256467,0.05547517750463279,1.0,fresh_kronos_target_free_risk_v1,past_only_cross_sectional_vol_drawdown_liquidity_momentum,False
2025-09-30,2025-09-30T23:41:00,2025-09-30T23:40:00,SGZH,SGZH,moex,high,0.07557201942929677,0.28141056059306646,0.6430174199776367,1.0,fresh_kronos_target_free_risk_v1,past_only_cross_sectional_vol_drawdown_liquidity_momentum,False
2025-09-30,2025-09-30T23:41:00,2025-09-30T23:40:00,SIBN,SIBN,moex,medium,0.3836070340147186,0.5072063888803447,0.10918657710493657,1.0,fresh_kronos_target_free_risk_v1,past_only_cross_sectional_vol_drawdown_liquidity_momentum,False
2025-09-30,2025-09-30T23:41:00,2025-09-30T23:40:00,SMLT,SMLT,moex,high,0.08425464224755497,0.329996406106136,0.585748951646309,1.0,fresh_kronos_target_free_risk_v1,past_only_cross_sectional_vol_drawdown_liquidity_momentum,False
2025-09-30,2025-09-30T23:41:00,2025-09-30T23:40:00,SNGS,SNGS,moex,medium,0.15728626657871017,0.7215935692272515,0.12112016419403829,1.0,fresh_kronos_target_free_risk_v1,past_only_cross_sectional_vol_drawdown_liquidity_momentum,False
2025-09-30,2025-09-30T23:41:00,2025-09-30T23:40:00,SPBE,SPBE,moex,medium,0.10302771366019328,0.45539136876907305,0.44158091757073364,1.0,fresh_kronos_target_free_risk_v1,past_only_cross_sectional_vol_drawdown_liquidity_momentum,False
2025-09-30,2025-09-30T23:41:00,2025-09-30T23:40:00,SVCB,SVCB,moex,high,0.10143764147208115,0.4432063205095181,0.4553560380184008,1.0,fresh_kronos_target_free_risk_v1,past_only_cross_sectional_vol_drawdown_liquidity_momentum,False
2025-09-30,2025-09-30T23:41:00,2025-09-30T23:40:00,T,T,moex,medium,0.4410979157084184,0.45581946172979376,0.10308262256178789,1.0,fresh_kronos_target_free_risk_v1,past_only_cross_sectional_vol_drawdown_liquidity_momentum,False
2025-09-30,2025-09-30T23:41:00,2025-09-30T23:40:00,TATN,TATN,moex,medium,0.4469548772921237,0.4506322160848032,0.10241290662307306,1.0,fresh_kronos_target_free_risk_v1,past_only_cross_sectional_vol_drawdown_liquidity_momentum,False
2025-09-30,2025-09-30T23:41:00,2025-09-30T23:40:00,UGLD,UGLD,moex,medium,0.2463775697843052,0.63413797461784,0.1194844555978547,1.0,fresh_kronos_target_free_risk_v1,past_only_cross_sectional_vol_drawdown_liquidity_momentum,False
2025-09-30,2025-09-30T23:41:00,2025-09-30T23:40:00,VKCO,VKCO,moex,medium,0.11966676207757079,0.7599947895469249,0.12033844837550421,1.0,fresh_kronos_target_free_risk_v1,past_only_cross_sectional_vol_drawdown_liquidity_momentum,False
2025-09-30,2025-09-30T23:41:00,2025-09-30T23:40:00,VTBR,VTBR,moex,medium,0.2010794756788363,0.6779021475548817,0.12101837676628191,1.0,fresh_kronos_target_free_risk_v1,past_only_cross_sectional_vol_drawdown_liquidity_momentum,False
2025-09-30,2025-09-30T23:41:00,2025-09-30T23:40:00,WUSH,WUSH,moex,high,0.041418024984497946,0.12433930152446249,0.8342426734910396,1.0,fresh_kronos_target_free_risk_v1,past_only_cross_sectional_vol_drawdown_liquidity_momentum,False
2025-09-30,2025-09-30T23:41:00,2025-09-30T23:40:00,X5,X5,moex,low,0.6838318825917116,0.24719682727257752,0.06897129013571088,1.0,fresh_kronos_target_free_risk_v1,past_only_cross_sectional_vol_drawdown_liquidity_momentum,False
2025-09-30,2025-09-30T23:41:00,2025-09-30T23:40:00,YDEX,YDEX,moex,medium,0.3526264320376017,0.5352819321816337,0.11209163578076459,0.9,fresh_kronos_target_free_risk_v1,past_only_cross_sectional_vol_drawdown_liquidity_momentum,False
2025-10-31,2025-10-31T23:41:00,2025-10-31T23:40:00,AFKS,AFKS,moex,high,0.10173204760973395,0.445432523861285,0.452835428528981,1.0,fresh_kronos_target_free_risk_v1,past_only_cross_sectional_vol_drawdown_liquidity_momentum,False
2025-10-31,2025-10-31T23:41:00,2025-10-31T23:40:00,AFLT,AFLT,moex,medium,0.12020152727068348,0.6504211448488373,0.22937732788047924,1.0,fresh_kronos_target_free_risk_v1,past_only_cross_sectional_vol_drawdown_liquidity_momentum,False
2025-10-31,2025-10-31T23:41:00,2025-10-31T23:40:00,ALRS,ALRS,moex,medium,0.2060037052268227,0.6730829963255885,0.12091329844758873,1.0,fresh_kronos_target_free_risk_v1,past_only_cross_sectional_vol_drawdown_liquidity_momentum,False
2025-10-31,2025-10-31T23:41:00,2025-10-31T23:40:00,ASTR,ASTR,moex,high,0.08707793417688231,0.34682199862573726,0.5661000671973805,1.0,fresh_kronos_target_free_risk_v1,past_only_cross_sectional_vol_drawdown_liquidity_momentum,False
2025-10-31,2025-10-31T23:41:00,2025-10-31T23:40:00,BSPB,BSPB,moex,low,0.479655711731767,0.42182219460112524,0.09852209366710776,1.0,fresh_kronos_target_free_risk_v1,past_only_cross_sectional_vol_drawdown_liquidity_momentum,False
2025-10-31,2025-10-31T23:41:00,2025-10-31T23:40:00,CBOM,CBOM,moex,high,0.09426435552206223,0.3924556495748544,0.5132799949030833,1.0,fresh_kronos_target_free_risk_v1,past_only_cross_sectional_vol_drawdown_liquidity_momentum,False
2025-10-31,2025-10-31T23:41:00,2025-10-31T23:40:00,CHMF,CHMF,moex,medium,0.1901757479230511,0.6886344222858162,0.12118982979113273,1.0,fresh_kronos_target_free_risk_v1,past_only_cross_sectional_vol_drawdown_liquidity_momentum,False
2025-10-31,2025-10-31T23:41:00,2025-10-31T23:40:00,CNRU,CNRU,moex,medium,0.15932886597417353,0.7195175729239603,0.12115356110186609,1.0,fresh_kronos_target_free_risk_v1,past_only_cross_sectional_vol_drawdown_liquidity_momentum,False
2025-10-31,2025-10-31T23:41:00,2025-10-31T23:40:00,ENPG,ENPG,moex,medium,0.10566757462740245,0.47658983730979376,0.4177425880628038,1.0,fresh_kronos_target_free_risk_v1,past_only_cross_sectional_vol_drawdown_liquidity_momentum,False
2025-10-31,2025-10-31T23:41:00,2025-10-31T23:40:00,FEES,FEES,moex,medium,0.24982964429621077,0.6308501653114552,0.11932019039233407,1.0,fresh_kronos_target_free_risk_v1,past_only_cross_sectional_vol_drawdown_liquidity_momentum,False
2025-10-31,2025-10-31T23:41:00,2025-10-31T23:40:00,FLOT,FLOT,moex,medium,0.12102777822986333,0.6783755504296977,0.20059667134043913,1.0,fresh_kronos_target_free_risk_v1,past_only_cross_sectional_vol_drawdown_liquidity_momentum,False
2025-10-31,2025-10-31T23:41:00,2025-10-31T23:40:00,GAZP,GAZP,moex,low,0.6383033142892367,0.2853845000896992,0.07631218562106408,1.0,fresh_kronos_target_free_risk_v1,past_only_cross_sectional_vol_drawdown_liquidity_momentum,False
2025-10-31,2025-10-31T23:41:00,2025-10-31T23:40:00,GMKN,GMKN,moex,medium,0.3093620708717814,0.5750065252231965,0.11563140390502206,1.0,fresh_kronos_target_free_risk_v1,past_only_cross_sectional_vol_drawdown_liquidity_momentum,False
2025-10-31,2025-10-31T23:41:00,2025-10-31T23:40:00,HEAD,HEAD,moex,medium,0.11936800216621928,0.6317941047458797,0.24883789308790102,1.0,fresh_kronos_target_free_risk_v1,past_only_cross_sectional_vol_drawdown_liquidity_momentum,False
2025-10-31,2025-10-31T23:41:00,2025-10-31T23:40:00,HYDR,HYDR,moex,medium,0.12076932357431243,0.6674519104062281,0.21177876601945964,1.0,fresh_kronos_target_free_risk_v1,past_only_cross_sectional_vol_drawdown_liquidity_momentum,False
2025-10-31,2025-10-31T23:41:00,2025-10-31T23:40:00,IRAO,IRAO,moex,medium,0.22138092678565394,0.658136317443004,0.12048275577134189,1.0,fresh_kronos_target_free_risk_v1,past_only_cross_sectional_vol_drawdown_liquidity_momentum,False
2025-10-31,2025-10-31T23:41:00,2025-10-31T23:40:00,LKOH,LKOH,moex,medium,0.13531894146323065,0.744212563965202,0.12046849457156728,1.0,fresh_kronos_target_free_risk_v1,past_only_cross_sectional_vol_drawdown_liquidity_momentum,False
2025-10-31,2025-10-31T23:41:00,2025-10-31T23:40:00,MAGN,MAGN,moex,high,0.10214555040987154,0.44858174940540696,0.44927270018472154,1.0,fresh_kronos_target_free_risk_v1,past_only_cross_sectional_vol_drawdown_liquidity_momentum,False
2025-10-31,2025-10-31T23:41:00,2025-10-31T23:40:00,MGNT,MGNT,moex,medium,0.15122413845336624,0.7277804997618058,0.12099536178482807,1.0,fresh_kronos_target_free_risk_v1,past_only_cross_sectional_vol_drawdown_liquidity_momentum,False
2025-10-31,2025-10-31T23:41:00,2025-10-31T23:40:00,MOEX,MOEX,moex,low,0.6569130344255429,0.2697233705119974,0.07336359506245976,1.0,fresh_kronos_target_free_risk_v1,past_only_cross_sectional_vol_drawdown_liquidity_momentum,False
2025-10-31,2025-10-31T23:41:00,2025-10-31T23:40:00,MTLR,MTLR,moex,high,0.07850117862172665,0.29731116537644847,0.6241876560018249,1.0,fresh_kronos_target_free_risk_v1,past_only_cross_sectional_vol_drawdown_liquidity_momentum,False
2025-10-31,2025-10-31T23:41:00,2025-10-31T23:40:00,MTSS,MTSS,moex,low,0.6936007435039254,0.23905958343727976,0.0673396730587948,1.0,fresh_kronos_target_free_risk_v1,past_only_cross_sectional_vol_drawdown_liquidity_momentum,False
2025-10-31,2025-10-31T23:41:00,2025-10-31T23:40:00,NLMK,NLMK,moex,medium,0.12036054840919863,0.7467409506955799,0.13289850089522146,1.0,fresh_kronos_target_free_risk_v1,past_only_cross_sectional_vol_drawdown_liquidity_momentum,False
2025-10-31,2025-10-31T23:41:00,2025-10-31T23:40:00,NVTK,NVTK,moex,medium,0.266010598765022,0.6155172823088587,0.11847211892611924,1.0,fresh_kronos_target_free_risk_v1,past_only_cross_sectional_vol_drawdown_liquidity_momentum,False
2025-10-31,2025-10-31T23:41:00,2025-10-31T23:40:00,PHOR,PHOR,moex,low,0.6165409283140197,0.3037891551698187,0.07966991651616155,1.0,fresh_kronos_target_free_risk_v1,past_only_cross_sectional_vol_drawdown_liquidity_momentum,False
2025-10-31,2025-10-31T23:41:00,2025-10-31T23:40:00,PIKK,PIKK,moex,high,0.07031574968466361,0.2539941195037815,0.6756901308115549,1.0,fresh_kronos_target_free_risk_v1,past_only_cross_sectional_vol_drawdown_liquidity_momentum,False
2025-10-31,2025-10-31T23:41:00,2025-10-31T23:40:00,PLZL,PLZL,moex,medium,0.13539769396452092,0.7441304303303061,0.120471875705173,0.9,fresh_kronos_target_free_risk_v1,past_only_cross_sectional_vol_drawdown_liquidity_momentum,False
2025-10-31,2025-10-31T23:41:00,2025-10-31T23:40:00,POSI,POSI,moex,high,0.08697288410897457,0.34618580682609396,0.5668413090649315,1.0,fresh_kronos_target_free_risk_v1,past_only_cross_sectional_vol_drawdown_liquidity_momentum,False
2025-10-31,2025-10-31T23:41:00,2025-10-31T23:40:00,RAGR,RAGR,moex,medium,0.1211817895383903,0.687969518262869,0.19084869219874082,1.0,fresh_kronos_target_free_risk_v1,past_only_cross_sectional_vol_drawdown_liquidity_momentum,False
2025-10-31,2025-10-31T23:41:00,2025-10-31T23:40:00,RNFT,RNFT,moex,high,0.09407485597542803,0.391193385588684,0.514731758435888,1.0,fresh_kronos_target_free_risk_v1,past_only_cross_sectional_vol_drawdown_liquidity_momentum,False
2025-10-31,2025-10-31T23:41:00,2025-10-31T23:40:00,ROSN,ROSN,moex,medium,0.3035178014006591,0.5804236626295963,0.11605853596974468,1.0,fresh_kronos_target_free_risk_v1,past_only_cross_sectional_vol_drawdown_liquidity_momentum,False
2025-10-31,2025-10-31T23:41:00,2025-10-31T23:40:00,RTKM,RTKM,moex,medium,0.1055452756707329,0.4755779638904169,0.41887676043885025,1.0,fresh_kronos_target_free_risk_v1,past_only_cross_sectional_vol_drawdown_liquidity_momentum,False
2025-10-31,2025-10-31T23:41:00,2025-10-31T23:40:00,RUAL,RUAL,moex,medium,0.1212428497504926,0.6941367771624354,0.18462037308707205,1.0,fresh_kronos_target_free_risk_v1,past_only_cross_sectional_vol_drawdown_liquidity_momentum,False
2025-10-31,2025-10-31T23:41:00,2025-10-31T23:40:00,SBER,SBER,moex,low,0.8106742326696852,0.14321483983271835,0.04611092749759655,1.0,fresh_kronos_target_free_risk_v1,past_only_cross_sectional_vol_drawdown_liquidity_momentum,False
2025-10-31,2025-10-31T23:41:00,2025-10-31T23:40:00,SGZH,SGZH,moex,high,0.051583580437355496,0.16624907020017654,0.782167349362468,1.0,fresh_kronos_target_free_risk_v1,past_only_cross_sectional_vol_drawdown_liquidity_momentum,False
2025-10-31,2025-10-31T23:41:00,2025-10-31T23:40:00,SIBN,SIBN,moex,medium,0.27932998779821666,0.602986938461569,0.11768307374021428,0.9,fresh_kronos_target_free_risk_v1,past_only_cross_sectional_vol_drawdown_liquidity_momentum,False
2025-10-31,2025-10-31T23:41:00,2025-10-31T23:40:00,SMLT,SMLT,moex,high,0.09492102711061061,0.396857480520032,0.5082214923693574,1.0,fresh_kronos_target_free_risk_v1,past_only_cross_sectional_vol_drawdown_liquidity_momentum,False
2025-10-31,2025-10-31T23:41:00,2025-10-31T23:40:00,SNGS,SNGS,moex,low,0.5147742246731255,0.3911564694458982,0.0940693058809763,1.0,fresh_kronos_target_free_risk_v1,past_only_cross_sectional_vol_drawdown_liquidity_momentum,False
2025-10-31,2025-10-31T23:41:00,2025-10-31T23:40:00,SPBE,SPBE,moex,medium,0.1024115092012274,0.45062146901646655,0.4469670217823061,1.0,fresh_kronos_target_free_risk_v1,past_only_cross_sectional_vol_drawdown_liquidity_momentum,False
2025-10-31,2025-10-31T23:41:00,2025-10-31T23:40:00,SVCB,SVCB,moex,medium,0.12371867054907586,0.7564046835394225,0.11987664591150168,1.0,fresh_kronos_target_free_risk_v1,past_only_cross_sectional_vol_drawdown_liquidity_momentum,False
2025-10-31,2025-10-31T23:41:00,2025-10-31T23:40:00,T,T,moex,medium,0.31588353246866785,0.5689767453200825,0.11513972221124971,1.0,fresh_kronos_target_free_risk_v1,past_only_cross_sectional_vol_drawdown_liquidity_momentum,False
2025-10-31,2025-10-31T23:41:00,2025-10-31T23:40:00,TATN,TATN,moex,medium,0.11102314579083701,0.5245919241438907,0.3643849300652724,1.0,fresh_kronos_target_free_risk_v1,past_only_cross_sectional_vol_drawdown_liquidity_momentum,False
2025-10-31,2025-10-31T23:41:00,2025-10-31T23:40:00,UGLD,UGLD,moex,medium,0.12124052956005618,0.6938291438463278,0.18493032659361605,1.0,fresh_kronos_target_free_risk_v1,past_only_cross_sectional_vol_drawdown_liquidity_momentum,False
2025-10-31,2025-10-31T23:41:00,2025-10-31T23:40:00,VKCO,VKCO,moex,medium,0.10259615366820396,0.4520442328160314,0.44535961351576475,1.0,fresh_kronos_target_free_risk_v1,past_only_cross_sectional_vol_drawdown_liquidity_momentum,False
2025-10-31,2025-10-31T23:41:00,2025-10-31T23:40:00,VTBR,VTBR,moex,low,0.7279796671997417,0.2105859464434015,0.061434386356856836,1.0,fresh_kronos_target_free_risk_v1,past_only_cross_sectional_vol_drawdown_liquidity_momentum,False
2025-10-31,2025-10-31T23:41:00,2025-10-31T23:40:00,WUSH,WUSH,moex,high,0.03741811106522011,0.10888581215912972,0.8536960767756503,1.0,fresh_kronos_target_free_risk_v1,past_only_cross_sectional_vol_drawdown_liquidity_momentum,False
2025-10-31,2025-10-31T23:41:00,2025-10-31T23:40:00,X5,X5,moex,medium,0.21269769758973914,0.666557894628196,0.1207444077820649,1.0,fresh_kronos_target_free_risk_v1,past_only_cross_sectional_vol_drawdown_liquidity_momentum,False
2025-10-31,2025-10-31T23:41:00,2025-10-31T23:40:00,YDEX,YDEX,moex,low,0.5024803660706376,0.4018601673605994,0.09565946656876291,1.0,fresh_kronos_target_free_risk_v1,past_only_cross_sectional_vol_drawdown_liquidity_momentum,False
2025-11-30,2025-11-30T18:51:00,2025-11-30T18:50:00,AFKS,AFKS,moex,medium,0.12112104658183302,0.721541885953879,0.15733706746428794,1.0,fresh_kronos_target_free_risk_v1,past_only_cross_sectional_vol_drawdown_liquidity_momentum,False
2025-11-30,2025-11-30T18:51:00,2025-11-30T18:50:00,AFLT,AFLT,moex,medium,0.12127594510832701,0.7029378543070904,0.17578620058458264,1.0,fresh_kronos_target_free_risk_v1,past_only_cross_sectional_vol_drawdown_liquidity_momentum,False
2025-11-30,2025-11-30T18:51:00,2025-11-30T18:50:00,ALRS,ALRS,moex,medium,0.12051053238765189,0.7598115850609539,0.11967788255139412,1.0,fresh_kronos_target_free_risk_v1,past_only_cross_sectional_vol_drawdown_liquidity_momentum,False
2025-11-30,2025-11-30T18:51:00,2025-11-30T18:50:00,ASTR,ASTR,moex,high,0.08612756316300829,0.3410956113549692,0.5727768254820225,1.0,fresh_kronos_target_free_risk_v1,past_only_cross_sectional_vol_drawdown_liquidity_momentum,False
2025-11-30,2025-11-30T18:51:00,2025-11-30T18:50:00,BSPB,BSPB,moex,medium,0.4283547392139104,0.4671350251201739,0.10451023566591579,1.0,fresh_kronos_target_free_risk_v1,past_only_cross_sectional_vol_drawdown_liquidity_momentum,False
2025-11-30,2025-11-30T18:51:00,2025-11-30T18:50:00,CBOM,CBOM,moex,high,0.09064816320349281,0.36894675607603905,0.5404050807204681,1.0,fresh_kronos_target_free_risk_v1,past_only_cross_sectional_vol_drawdown_liquidity_momentum,False
2025-11-30,2025-11-30T18:51:00,2025-11-30T18:50:00,CHMF,CHMF,moex,medium,0.1349431231851179,0.7446046302976289,0.1204522465172532,1.0,fresh_kronos_target_free_risk_v1,past_only_cross_sectional_vol_drawdown_liquidity_momentum,False
2025-11-30,2025-11-30T18:51:00,2025-11-30T18:50:00,CNRU,CNRU,moex,medium,0.12629653850187444,0.7536785534038932,0.12002490809423223,1.0,fresh_kronos_target_free_risk_v1,past_only_cross_sectional_vol_drawdown_liquidity_momentum,False
2025-11-30,2025-11-30T18:51:00,2025-11-30T18:50:00,ENPG,ENPG,moex,medium,0.11595032614506154,0.5790343930032831,0.30501528085165536,1.0,fresh_kronos_target_free_risk_v1,past_only_cross_sectional_vol_drawdown_liquidity_momentum,False
2025-11-30,2025-11-30T18:51:00,2025-11-30T18:50:00,FEES,FEES,moex,medium,0.38813242904380896,0.5031289974372575,0.10873857351893355,1.0,fresh_kronos_target_free_risk_v1,past_only_cross_sectional_vol_drawdown_liquidity_momentum,False
2025-11-30,2025-11-30T18:51:00,2025-11-30T18:50:00,FLOT,FLOT,moex,medium,0.11077846561753299,0.5222078742400591,0.367013660142408,1.0,fresh_kronos_target_free_risk_v1,past_only_cross_sectional_vol_drawdown_liquidity_momentum,False
2025-11-30,2025-11-30T18:51:00,2025-11-30T18:50:00,GAZP,GAZP,moex,low,0.48902953255086634,0.41360974379521637,0.09736072365391722,1.0,fresh_kronos_target_free_risk_v1,past_only_cross_sectional_vol_drawdown_liquidity_momentum,False
2025-11-30,2025-11-30T18:51:00,2025-11-30T18:50:00,GMKN,GMKN,moex,medium,0.19309517799870637,0.6857523460331088,0.1211524759681849,1.0,fresh_kronos_target_free_risk_v1,past_only_cross_sectional_vol_drawdown_liquidity_momentum,False
2025-11-30,2025-11-30T18:51:00,2025-11-30T18:50:00,HEAD,HEAD,moex,medium,0.11990371685165938,0.6432000064009504,0.2368962767473901,1.0,fresh_kronos_target_free_risk_v1,past_only_cross_sectional_vol_drawdown_liquidity_momentum,False
2025-11-30,2025-11-30T18:51:00,2025-11-30T18:50:00,HYDR,HYDR,moex,medium,0.12125906017114349,0.7091940965635516,0.16954684326530498,1.0,fresh_kronos_target_free_risk_v1,past_only_cross_sectional_vol_drawdown_liquidity_momentum,False
2025-11-30,2025-11-30T18:51:00,2025-11-30T18:50:00,IRAO,IRAO,moex,medium,0.13383107290074203,0.7457658582494756,0.12040306884978232,1.0,fresh_kronos_target_free_risk_v1,past_only_cross_sectional_vol_drawdown_liquidity_momentum,False
2025-11-30,2025-11-30T18:51:00,2025-11-30T18:50:00,LKOH,LKOH,moex,medium,0.10809968842004118,0.4974129214298421,0.39448739015011675,1.0,fresh_kronos_target_free_risk_v1,past_only_cross_sectional_vol_drawdown_liquidity_momentum,False
2025-11-30,2025-11-30T18:51:00,2025-11-30T18:50:00,MAGN,MAGN,moex,medium,0.10341415811183968,0.45841514866509553,0.4381706932230647,1.0,fresh_kronos_target_free_risk_v1,past_only_cross_sectional_vol_drawdown_liquidity_momentum,False
2025-11-30,2025-11-30T18:51:00,2025-11-30T18:50:00,MGNT,MGNT,moex,medium,0.2935275477782239,0.5897142874688149,0.11675816475296125,1.0,fresh_kronos_target_free_risk_v1,past_only_cross_sectional_vol_drawdown_liquidity_momentum,False
2025-11-30,2025-11-30T18:51:00,2025-11-30T18:50:00,MOEX,MOEX,moex,medium,0.3832572214301905,0.5075218141390999,0.1092209644307096,1.0,fresh_kronos_target_free_risk_v1,past_only_cross_sectional_vol_drawdown_liquidity_momentum,False
2025-11-30,2025-11-30T18:51:00,2025-11-30T18:50:00,MTLR,MTLR,moex,high,0.10165740673787661,0.4448668701441152,0.4534757231180082,1.0,fresh_kronos_target_free_risk_v1,past_only_cross_sectional_vol_drawdown_liquidity_momentum,False
2025-11-30,2025-11-30T18:51:00,2025-11-30T18:50:00,MTSS,MTSS,moex,low,0.7095365548348231,0.22582913734827048,0.06463430781690627,1.0,fresh_kronos_target_free_risk_v1,past_only_cross_sectional_vol_drawdown_liquidity_momentum,False
2025-11-30,2025-11-30T18:51:00,2025-11-30T18:50:00,NLMK,NLMK,moex,medium,0.15852104270177605,0.7203380958511078,0.12114086144711625,1.0,fresh_kronos_target_free_risk_v1,past_only_cross_sectional_vol_drawdown_liquidity_momentum,False
2025-11-30,2025-11-30T18:51:00,2025-11-30T18:50:00,NVTK,NVTK,moex,medium,0.19138808979886318,0.6874368130274263,0.12117509717371057,1.0,fresh_kronos_target_free_risk_v1,past_only_cross_sectional_vol_drawdown_liquidity_momentum,False
2025-11-30,2025-11-30T18:51:00,2025-11-30T18:50:00,PHOR,PHOR,moex,medium,0.2952347695300581,0.5881238385003655,0.11664139196957635,1.0,fresh_kronos_target_free_risk_v1,past_only_cross_sectional_vol_drawdown_liquidity_momentum,False
2025-11-30,2025-11-30T18:51:00,2025-11-30T18:50:00,PIKK,PIKK,moex,high,0.06739716928921076,0.23934428020683587,0.6932585505039534,1.0,fresh_kronos_target_free_risk_v1,past_only_cross_sectional_vol_drawdown_liquidity_momentum,False
2025-11-30,2025-11-30T18:51:00,2025-11-30T18:50:00,PLZL,PLZL,moex,medium,0.1319823862425022,0.7476999861327452,0.12031762762475266,1.0,fresh_kronos_target_free_risk_v1,past_only_cross_sectional_vol_drawdown_liquidity_momentum,False
2025-11-30,2025-11-30T18:51:00,2025-11-30T18:50:00,POSI,POSI,moex,high,0.08117595679635811,0.312254669967575,0.606569373236067,1.0,fresh_kronos_target_free_risk_v1,past_only_cross_sectional_vol_drawdown_liquidity_momentum,False
2025-11-30,2025-11-30T18:51:00,2025-11-30T18:50:00,RAGR,RAGR,moex,medium,0.12092212384389744,0.7307319724789471,0.14834590367715536,1.0,fresh_kronos_target_free_risk_v1,past_only_cross_sectional_vol_drawdown_liquidity_momentum,False
2025-11-30,2025-11-30T18:51:00,2025-11-30T18:50:00,RNFT,RNFT,moex,medium,0.11159694501558785,0.5302739051184486,0.3581291498659635,1.0,fresh_kronos_target_free_risk_v1,past_only_cross_sectional_vol_drawdown_liquidity_momentum,False
2025-11-30,2025-11-30T18:51:00,2025-11-30T18:50:00,ROSN,ROSN,moex,medium,0.24912670510547763,0.6315191649030684,0.11935412999145398,1.0,fresh_kronos_target_free_risk_v1,past_only_cross_sectional_vol_drawdown_liquidity_momentum,False
2025-11-30,2025-11-30T18:51:00,2025-11-30T18:50:00,RTKM,RTKM,moex,medium,0.120699312983492,0.6649880714457038,0.21431261557080414,1.0,fresh_kronos_target_free_risk_v1,past_only_cross_sectional_vol_drawdown_liquidity_momentum,False
2025-11-30,2025-11-30T18:51:00,2025-11-30T18:50:00,RUAL,RUAL,moex,medium,0.1212654538374718,0.7078852299943763,0.17084931616815177,1.0,fresh_kronos_target_free_risk_v1,past_only_cross_sectional_vol_drawdown_liquidity_momentum,False
2025-11-30,2025-11-30T18:51:00,2025-11-30T18:50:00,SBER,SBER,moex,low,0.8475333922002667,0.11376826002475475,0.03869834777497872,1.0,fresh_kronos_target_free_risk_v1,past_only_cross_sectional_vol_drawdown_liquidity_momentum,False
2025-11-30,2025-11-30T18:51:00,2025-11-30T18:50:00,SGZH,SGZH,moex,high,0.06772749953148822,0.24098281591615534,0.6912896845523564,1.0,fresh_kronos_target_free_risk_v1,past_only_cross_sectional_vol_drawdown_liquidity_momentum,False
2025-11-30,2025-11-30T18:51:00,2025-11-30T18:50:00,SIBN,SIBN,moex,medium,0.13021030445617765,0.7495583776220763,0.12023131792174602,1.0,fresh_kronos_target_free_risk_v1,past_only_cross_sectional_vol_drawdown_liquidity_momentum,False
2025-11-30,2025-11-30T18:51:00,2025-11-30T18:50:00,SMLT,SMLT,moex,medium,0.12003642908013201,0.6463203459161084,0.23364322500375956,1.0,fresh_kronos_target_free_risk_v1,past_only_cross_sectional_vol_drawdown_liquidity_momentum,False
2025-11-30,2025-11-30T18:51:00,2025-11-30T18:50:00,SNGS,SNGS,moex,medium,0.3318466252641791,0.5542816161986651,0.11387175853715585,1.0,fresh_kronos_target_free_risk_v1,past_only_cross_sectional_vol_drawdown_liquidity_momentum,False
2025-11-30,2025-11-30T18:51:00,2025-11-30T18:50:00,SPBE,SPBE,moex,medium,0.11401483932541016,0.5558852804177362,0.33009988025685366,1.0,fresh_kronos_target_free_risk_v1,past_only_cross_sectional_vol_drawdown_liquidity_momentum,False
2025-11-30,2025-11-30T18:51:00,2025-11-30T18:50:00,SVCB,SVCB,moex,medium,0.18552774192456417,0.6932364160313649,0.12123584204407101,1.0,fresh_kronos_target_free_risk_v1,past_only_cross_sectional_vol_drawdown_liquidity_momentum,False
2025-11-30,2025-11-30T18:51:00,2025-11-30T18:50:00,T,T,moex,medium,0.3491195248083533,0.5384785564242945,0.11240191876735224,1.0,fresh_kronos_target_free_risk_v1,past_only_cross_sectional_vol_drawdown_liquidity_momentum,False
2025-11-30,2025-11-30T18:51:00,2025-11-30T18:50:00,TATN,TATN,moex,high,0.08983822581987841,0.3638386725149387,0.5463231016651828,1.0,fresh_kronos_target_free_risk_v1,past_only_cross_sectional_vol_drawdown_liquidity_momentum,False
2025-11-30,2025-11-30T18:51:00,2025-11-30T18:50:00,UGLD,UGLD,moex,medium,0.1061241701408674,0.48039554899770964,0.4134802808614231,1.0,fresh_kronos_target_free_risk_v1,past_only_cross_sectional_vol_drawdown_liquidity_momentum,False
2025-11-30,2025-11-30T18:51:00,2025-11-30T18:50:00,VKCO,VKCO,moex,medium,0.11953390077645777,0.6351534900589357,0.24531260916460643,1.0,fresh_kronos_target_free_risk_v1,past_only_cross_sectional_vol_drawdown_liquidity_momentum,False
2025-11-30,2025-11-30T18:51:00,2025-11-30T18:50:00,VTBR,VTBR,moex,low,0.703792219340337,0.23059198181859253,0.0656157988410704,1.0,fresh_kronos_target_free_risk_v1,past_only_cross_sectional_vol_drawdown_liquidity_momentum,False
2025-11-30,2025-11-30T18:51:00,2025-11-30T18:50:00,WUSH,WUSH,moex,high,0.05305936476354283,0.17265200610595344,0.7742886291305037,1.0,fresh_kronos_target_free_risk_v1,past_only_cross_sectional_vol_drawdown_liquidity_momentum,False
2025-11-30,2025-11-30T18:51:00,2025-11-30T18:50:00,X5,X5,moex,medium,0.28141210212723416,0.6010351892209757,0.11755270865179013,1.0,fresh_kronos_target_free_risk_v1,past_only_cross_sectional_vol_drawdown_liquidity_momentum,False
2025-11-30,2025-11-30T18:51:00,2025-11-30T18:50:00,YDEX,YDEX,moex,medium,0.38946933709451864,0.5019255516040735,0.10860511130140782,1.0,fresh_kronos_target_free_risk_v1,past_only_cross_sectional_vol_drawdown_liquidity_momentum,False
2025-12-30,2025-12-30T23:41:00,2025-12-30T23:40:00,AFKS,AFKS,moex,high,0.09279300673567552,0.3827458831489783,0.5244611101153461,1.0,fresh_kronos_target_free_risk_v1,past_only_cross_sectional_vol_drawdown_liquidity_momentum,False
2025-12-30,2025-12-30T23:41:00,2025-12-30T23:40:00,AFLT,AFLT,moex,medium,0.12033867494101441,0.7472327568624814,0.1324285681965043,1.0,fresh_kronos_target_free_risk_v1,past_only_cross_sectional_vol_drawdown_liquidity_momentum,False
2025-12-30,2025-12-30T23:41:00,2025-12-30T23:40:00,ALRS,ALRS,moex,medium,0.11935848367335405,0.6316053582124266,0.24903615811421928,1.0,fresh_kronos_target_free_risk_v1,past_only_cross_sectional_vol_drawdown_liquidity_momentum,False
2025-12-30,2025-12-30T23:41:00,2025-12-30T23:40:00,ASTR,ASTR,moex,high,0.08747680346837737,0.3492449906949374,0.5632782058366852,1.0,fresh_kronos_target_free_risk_v1,past_only_cross_sectional_vol_drawdown_liquidity_momentum,False
2025-12-30,2025-12-30T23:41:00,2025-12-30T23:40:00,BSPB,BSPB,moex,medium,0.11131299644446734,0.5274457523719142,0.3612412511836184,1.0,fresh_kronos_target_free_risk_v1,past_only_cross_sectional_vol_drawdown_liquidity_momentum,False
2025-12-30,2025-12-30T23:41:00,2025-12-30T23:40:00,CBOM,CBOM,moex,high,0.04741396137095053,0.1485988008135628,0.8039872378154868,1.0,fresh_kronos_target_free_risk_v1,past_only_cross_sectional_vol_drawdown_liquidity_momentum,False
2025-12-30,2025-12-30T23:41:00,2025-12-30T23:40:00,CHMF,CHMF,moex,low,0.4970827822386745,0.4065701871043919,0.09634703065693367,1.0,fresh_kronos_target_free_risk_v1,past_only_cross_sectional_vol_drawdown_liquidity_momentum,False
2025-12-30,2025-12-30T23:41:00,2025-12-30T23:40:00,CNRU,CNRU,moex,high,0.045702961630621014,0.14154199182260438,0.8127550465467746,1.0,fresh_kronos_target_free_risk_v1,past_only_cross_sectional_vol_drawdown_liquidity_momentum,False
2025-12-30,2025-12-30T23:41:00,2025-12-30T23:40:00,DOMRF,DOMRF,moex,low,0.5955332217144038,0.32164780549110167,0.08281897279449446,0.6166666666666667,fresh_kronos_target_free_risk_v1,past_only_cross_sectional_vol_drawdown_liquidity_momentum,False
2025-12-30,2025-12-30T23:41:00,2025-12-30T23:40:00,ENPG,ENPG,moex,medium,0.11993995919878722,0.6440381376000476,0.23602190320116534,1.0,fresh_kronos_target_free_risk_v1,past_only_cross_sectional_vol_drawdown_liquidity_momentum,False
2025-12-30,2025-12-30T23:41:00,2025-12-30T23:40:00,FEES,FEES,moex,medium,0.2586308378704923,0.622494654944403,0.11887450718510463,1.0,fresh_kronos_target_free_risk_v1,past_only_cross_sectional_vol_drawdown_liquidity_momentum,False
2025-12-30,2025-12-30T23:41:00,2025-12-30T23:40:00,FLOT,FLOT,moex,medium,0.12050076299003139,0.6586700665844054,0.2208291704255632,1.0,fresh_kronos_target_free_risk_v1,past_only_cross_sectional_vol_drawdown_liquidity_momentum,False
2025-12-30,2025-12-30T23:41:00,2025-12-30T23:40:00,GAZP,GAZP,moex,low,0.509741546012979,0.39553416115347007,0.0947242928335508,1.0,fresh_kronos_target_free_risk_v1,past_only_cross_sectional_vol_drawdown_liquidity_momentum,False
2025-12-30,2025-12-30T23:41:00,2025-12-30T23:40:00,GMKN,GMKN,moex,medium,0.13786302129201497,0.7415633500097909,0.12057362869819419,1.0,fresh_kronos_target_free_risk_v1,past_only_cross_sectional_vol_drawdown_liquidity_momentum,False
2025-12-30,2025-12-30T23:41:00,2025-12-30T23:40:00,HEAD,HEAD,moex,medium,0.12095406829671877,0.7294889394391569,0.14955699226412433,1.0,fresh_kronos_target_free_risk_v1,past_only_cross_sectional_vol_drawdown_liquidity_momentum,False
2025-12-30,2025-12-30T23:41:00,2025-12-30T23:40:00,HYDR,HYDR,moex,medium,0.11723122697484589,0.5963423709793246,0.2864264020458294,1.0,fresh_kronos_target_free_risk_v1,past_only_cross_sectional_vol_drawdown_liquidity_momentum,False
2025-12-30,2025-12-30T23:41:00,2025-12-30T23:40:00,IRAO,IRAO,moex,low,0.4979242257186411,0.4058355012875823,0.09624027299377662,1.0,fresh_kronos_target_free_risk_v1,past_only_cross_sectional_vol_drawdown_liquidity_momentum,False
2025-12-30,2025-12-30T23:41:00,2025-12-30T23:40:00,LKOH,LKOH,moex,medium,0.12093258561287877,0.673912252525709,0.2051551618614122,1.0,fresh_kronos_target_free_risk_v1,past_only_cross_sectional_vol_drawdown_liquidity_momentum,False
2025-12-30,2025-12-30T23:41:00,2025-12-30T23:40:00,MAGN,MAGN,moex,medium,0.1209518155455401,0.6747612430637888,0.20428694139067102,1.0,fresh_kronos_target_free_risk_v1,past_only_cross_sectional_vol_drawdown_liquidity_momentum,False
2025-12-30,2025-12-30T23:41:00,2025-12-30T23:40:00,MGNT,MGNT,moex,medium,0.13319373167900472,0.7464321317179705,0.12037413660302483,1.0,fresh_kronos_target_free_risk_v1,past_only_cross_sectional_vol_drawdown_liquidity_momentum,False
2025-12-30,2025-12-30T23:41:00,2025-12-30T23:40:00,MOEX,MOEX,moex,medium,0.28232580490224424,0.6001792779987597,0.11749491709899607,1.0,fresh_kronos_target_free_risk_v1,past_only_cross_sectional_vol_drawdown_liquidity_momentum,False
2025-12-30,2025-12-30T23:41:00,2025-12-30T23:40:00,MTLR,MTLR,moex,medium,0.11819875870709828,0.6110227973118288,0.2707784439810728,1.0,fresh_kronos_target_free_risk_v1,past_only_cross_sectional_vol_drawdown_liquidity_momentum,False
2025-12-30,2025-12-30T23:41:00,2025-12-30T23:40:00,MTSS,MTSS,moex,low,0.629527893224973,0.2927942554792324,0.07767785129579459,1.0,fresh_kronos_target_free_risk_v1,past_only_cross_sectional_vol_drawdown_liquidity_momentum,False
2025-12-30,2025-12-30T23:41:00,2025-12-30T23:40:00,NLMK,NLMK,moex,medium,0.20444459817464286,0.6746070401039825,0.12094836172137456,1.0,fresh_kronos_target_free_risk_v1,past_only_cross_sectional_vol_drawdown_liquidity_momentum,False
2025-12-30,2025-12-30T23:41:00,2025-12-30T23:40:00,NVTK,NVTK,moex,medium,0.12878532033910556,0.7510559637675133,0.1201587158933813,1.0,fresh_kronos_target_free_risk_v1,past_only_cross_sectional_vol_drawdown_liquidity_momentum,False
2025-12-30,2025-12-30T23:41:00,2025-12-30T23:40:00,OZON,OZON,moex,medium,0.12121152874806977,0.7150390744599994,0.16374939679193087,0.7666666666666667,fresh_kronos_target_free_risk_v1,past_only_cross_sectional_vol_drawdown_liquidity_momentum,False
2025-12-30,2025-12-30T23:41:00,2025-12-30T23:40:00,PHOR,PHOR,moex,medium,0.12540494246016734,0.7546202991009613,0.11997475843887141,1.0,fresh_kronos_target_free_risk_v1,past_only_cross_sectional_vol_drawdown_liquidity_momentum,False
2025-12-30,2025-12-30T23:41:00,2025-12-30T23:40:00,PIKK,PIKK,moex,medium,0.12025797180545139,0.6518878472577608,0.22785418093678778,1.0,fresh_kronos_target_free_risk_v1,past_only_cross_sectional_vol_drawdown_liquidity_momentum,False
2025-12-30,2025-12-30T23:41:00,2025-12-30T23:40:00,PLZL,PLZL,moex,medium,0.27929786504450743,0.6030170644844686,0.11768507047102397,0.9,fresh_kronos_target_free_risk_v1,past_only_cross_sectional_vol_drawdown_liquidity_momentum,False
2025-12-30,2025-12-30T23:41:00,2025-12-30T23:40:00,POSI,POSI,moex,high,0.08414073470075156,0.329329074289004,0.5865301910102445,1.0,fresh_kronos_target_free_risk_v1,past_only_cross_sectional_vol_drawdown_liquidity_momentum,False
2025-12-30,2025-12-30T23:41:00,2025-12-30T23:40:00,RAGR,RAGR,moex,medium,0.10485169358746325,0.46989702566212427,0.42525128075041246,1.0,fresh_kronos_target_free_risk_v1,past_only_cross_sectional_vol_drawdown_liquidity_momentum,False
2025-12-30,2025-12-30T23:41:00,2025-12-30T23:40:00,RNFT,RNFT,moex,medium,0.1456251636398082,0.7335305756872901,0.1208442606729018,1.0,fresh_kronos_target_free_risk_v1,past_only_cross_sectional_vol_drawdown_liquidity_momentum,False
2025-12-30,2025-12-30T23:41:00,2025-12-30T23:40:00,ROSN,ROSN,moex,medium,0.33042036772956956,0.5555909666863196,0.11398866558411083,1.0,fresh_kronos_target_free_risk_v1,past_only_cross_sectional_vol_drawdown_liquidity_momentum,False
2025-12-30,2025-12-30T23:41:00,2025-12-30T23:40:00,RTKM,RTKM,moex,high,0.09607219277436885,0.4046813296107395,0.49924647761489166,1.0,fresh_kronos_target_free_risk_v1,past_only_cross_sectional_vol_drawdown_liquidity_momentum,False
2025-12-30,2025-12-30T23:41:00,2025-12-30T23:40:00,RUAL,RUAL,moex,medium,0.12113629674815692,0.7206231552350343,0.1582405480168088,1.0,fresh_kronos_target_free_risk_v1,past_only_cross_sectional_vol_drawdown_liquidity_momentum,False
2025-12-30,2025-12-30T23:41:00,2025-12-30T23:40:00,SBER,SBER,moex,low,0.8189225457528447,0.13659078807681824,0.04448666617033704,1.0,fresh_kronos_target_free_risk_v1,past_only_cross_sectional_vol_drawdown_liquidity_momentum,False
2025-12-30,2025-12-30T23:41:00,2025-12-30T23:40:00,SGZH,SGZH,moex,medium,0.11817266054722786,0.6106028696257655,0.2712244698270066,1.0,fresh_kronos_target_free_risk_v1,past_only_cross_sectional_vol_drawdown_liquidity_momentum,False
2025-12-30,2025-12-30T23:41:00,2025-12-30T23:40:00,SIBN,SIBN,moex,medium,0.1539333493717146,0.7250106751632555,0.1210559754650299,1.0,fresh_kronos_target_free_risk_v1,past_only_cross_sectional_vol_drawdown_liquidity_momentum,False
2025-12-30,2025-12-30T23:41:00,2025-12-30T23:40:00,SMLT,SMLT,moex,medium,0.10413943417439417,0.46416064705348736,0.43169991877211855,1.0,fresh_kronos_target_free_risk_v1,past_only_cross_sectional_vol_drawdown_liquidity_momentum,False
2025-12-30,2025-12-30T23:41:00,2025-12-30T23:40:00,SNGS,SNGS,moex,medium,0.11994220174491318,0.7552206623986242,0.12483713585646272,1.0,fresh_kronos_target_free_risk_v1,past_only_cross_sectional_vol_drawdown_liquidity_momentum,False
2025-12-30,2025-12-30T23:41:00,2025-12-30T23:40:00,SPBE,SPBE,moex,medium,0.11953390077645777,0.6351534900589355,0.24531260916460684,1.0,fresh_kronos_target_free_risk_v1,past_only_cross_sectional_vol_drawdown_liquidity_momentum,False
2025-12-30,2025-12-30T23:41:00,2025-12-30T23:40:00,SVCB,SVCB,moex,medium,0.21333497146107383,0.6659382174949726,0.12072681104395358,1.0,fresh_kronos_target_free_risk_v1,past_only_cross_sectional_vol_drawdown_liquidity_momentum,False
2025-12-30,2025-12-30T23:41:00,2025-12-30T23:40:00,T,T,moex,medium,0.3859967835574258,0.5050524927993515,0.1089507236432227,1.0,fresh_kronos_target_free_risk_v1,past_only_cross_sectional_vol_drawdown_liquidity_momentum,False
2025-12-30,2025-12-30T23:41:00,2025-12-30T23:40:00,TATN,TATN,moex,medium,0.11287444541378648,0.5434346345877874,0.34369091999842605,1.0,fresh_kronos_target_free_risk_v1,past_only_cross_sectional_vol_drawdown_liquidity_momentum,False
2025-12-30,2025-12-30T23:41:00,2025-12-30T23:40:00,UGLD,UGLD,moex,high,0.08523519558192168,0.33577717675521895,0.5789876276628594,1.0,fresh_kronos_target_free_risk_v1,past_only_cross_sectional_vol_drawdown_liquidity_momentum,False
2025-12-30,2025-12-30T23:41:00,2025-12-30T23:40:00,VKCO,VKCO,moex,medium,0.1347352060783008,0.744821616805203,0.12044317711649626,1.0,fresh_kronos_target_free_risk_v1,past_only_cross_sectional_vol_drawdown_liquidity_momentum,False
2025-12-30,2025-12-30T23:41:00,2025-12-30T23:40:00,VTBR,VTBR,moex,low,0.667335056969841,0.2609839524958693,0.07168099053428974,1.0,fresh_kronos_target_free_risk_v1,past_only_cross_sectional_vol_drawdown_liquidity_momentum,False
2025-12-30,2025-12-30T23:41:00,2025-12-30T23:40:00,WUSH,WUSH,moex,high,0.07916283734206557,0.30096890784597613,0.6198682548119583,1.0,fresh_kronos_target_free_risk_v1,past_only_cross_sectional_vol_drawdown_liquidity_momentum,False
2025-12-30,2025-12-30T23:41:00,2025-12-30T23:40:00,X5,X5,moex,low,0.7659078846943038,0.17947966373256882,0.05461245157312747,1.0,fresh_kronos_target_free_risk_v1,past_only_cross_sectional_vol_drawdown_liquidity_momentum,False
2025-12-30,2025-12-30T23:41:00,2025-12-30T23:40:00,YDEX,YDEX,moex,low,0.6672996506823141,0.26101360431160114,0.0716867450060849,1.0,fresh_kronos_target_free_risk_v1,past_only_cross_sectional_vol_drawdown_liquidity_momentum,False
2026-01-31,2026-01-31T18:51:00,2026-01-31T18:50:00,AFKS,AFKS,moex,medium,0.12055999188441276,0.6604672156016544,0.21897279251393287,1.0,fresh_kronos_target_free_risk_v1,past_only_cross_sectional_vol_drawdown_liquidity_momentum,False
2026-01-31,2026-01-31T18:51:00,2026-01-31T18:50:00,AFLT,AFLT,moex,medium,0.12122527567825406,0.713691357941656,0.16508336638009005,1.0,fresh_kronos_target_free_risk_v1,past_only_cross_sectional_vol_drawdown_liquidity_momentum,False
2026-01-31,2026-01-31T18:51:00,2026-01-31T18:50:00,ALRS,ALRS,moex,medium,0.11883186067240999,0.6217322653113135,0.2594358740162765,1.0,fresh_kronos_target_free_risk_v1,past_only_cross_sectional_vol_drawdown_liquidity_momentum,False
2026-01-31,2026-01-31T18:51:00,2026-01-31T18:50:00,ASTR,ASTR,moex,high,0.10005001245525638,0.43288416960057235,0.46706581794417124,1.0,fresh_kronos_target_free_risk_v1,past_only_cross_sectional_vol_drawdown_liquidity_momentum,False
2026-01-31,2026-01-31T18:51:00,2026-01-31T18:50:00,BSPB,BSPB,moex,medium,0.11327917204622481,0.5477699069820735,0.3389509209717017,1.0,fresh_kronos_target_free_risk_v1,past_only_cross_sectional_vol_drawdown_liquidity_momentum,False
2026-01-31,2026-01-31T18:51:00,2026-01-31T18:50:00,CBOM,CBOM,moex,high,0.07883506887960069,0.2991538335036438,0.6220110976167555,1.0,fresh_kronos_target_free_risk_v1,past_only_cross_sectional_vol_drawdown_liquidity_momentum,False
2026-01-31,2026-01-31T18:51:00,2026-01-31T18:50:00,CHMF,CHMF,moex,medium,0.14718351569178184,0.7319265842817316,0.12088990002648638,1.0,fresh_kronos_target_free_risk_v1,past_only_cross_sectional_vol_drawdown_liquidity_momentum,False
2026-01-31,2026-01-31T18:51:00,2026-01-31T18:50:00,CNRU,CNRU,moex,high,0.09307903820286441,0.38461737362434945,0.5223035881727861,1.0,fresh_kronos_target_free_risk_v1,past_only_cross_sectional_vol_drawdown_liquidity_momentum,False
2026-01-31,2026-01-31T18:51:00,2026-01-31T18:50:00,DOMRF,DOMRF,moex,medium,0.4384473450226126,0.45816973909631564,0.10338291588107164,1.0,fresh_kronos_target_free_risk_v1,past_only_cross_sectional_vol_drawdown_liquidity_momentum,False
2026-01-31,2026-01-31T18:51:00,2026-01-31T18:50:00,ENPG,ENPG,moex,medium,0.10977843260013424,0.5126862632002522,0.37753530419961356,1.0,fresh_kronos_target_free_risk_v1,past_only_cross_sectional_vol_drawdown_liquidity_momentum,False
2026-01-31,2026-01-31T18:51:00,2026-01-31T18:50:00,FEES,FEES,moex,medium,0.1182228890445974,0.6114124259187887,0.2703646850366138,1.0,fresh_kronos_target_free_risk_v1,past_only_cross_sectional_vol_drawdown_liquidity_momentum,False
2026-01-31,2026-01-31T18:51:00,2026-01-31T18:50:00,FLOT,FLOT,moex,medium,0.11716222575663773,0.5953559841687531,0.2874817900746091,1.0,fresh_kronos_target_free_risk_v1,past_only_cross_sectional_vol_drawdown_liquidity_momentum,False
2026-01-31,2026-01-31T18:51:00,2026-01-31T18:50:00,GAZP,GAZP,moex,medium,0.25316276597524484,0.6276813452358385,0.11915588878891653,1.0,fresh_kronos_target_free_risk_v1,past_only_cross_sectional_vol_drawdown_liquidity_momentum,False
2026-01-31,2026-01-31T18:51:00,2026-01-31T18:50:00,GMKN,GMKN,moex,medium,0.1207558053579903,0.7363977315357818,0.1428464631062278,1.0,fresh_kronos_target_free_risk_v1,past_only_cross_sectional_vol_drawdown_liquidity_momentum,False
2026-01-31,2026-01-31T18:51:00,2026-01-31T18:50:00,HEAD,HEAD,moex,medium,0.3671631280876302,0.522072381422977,0.11076449048939284,1.0,fresh_kronos_target_free_risk_v1,past_only_cross_sectional_vol_drawdown_liquidity_momentum,False
2026-01-31,2026-01-31T18:51:00,2026-01-31T18:50:00,HYDR,HYDR,moex,medium,0.1211003158407697,0.7227181113531217,0.15618157280610848,1.0,fresh_kronos_target_free_risk_v1,past_only_cross_sectional_vol_drawdown_liquidity_momentum,False
2026-01-31,2026-01-31T18:51:00,2026-01-31T18:50:00,IRAO,IRAO,moex,medium,0.3118183228307203,0.5727336185846537,0.11544805858462615,1.0,fresh_kronos_target_free_risk_v1,past_only_cross_sectional_vol_drawdown_liquidity_momentum,False
2026-01-31,2026-01-31T18:51:00,2026-01-31T18:50:00,LKOH,LKOH,moex,medium,0.11093159297285825,0.5236972403831139,0.36537116664402775,1.0,fresh_kronos_target_free_risk_v1,past_only_cross_sectional_vol_drawdown_liquidity_momentum,False
2026-01-31,2026-01-31T18:51:00,2026-01-31T18:50:00,MAGN,MAGN,moex,medium,0.1289308628615682,0.75090287353119,0.12016626360724168,1.0,fresh_kronos_target_free_risk_v1,past_only_cross_sectional_vol_drawdown_liquidity_momentum,False
2026-01-31,2026-01-31T18:51:00,2026-01-31T18:50:00,MGNT,MGNT,moex,medium,0.12014785956481193,0.6490586921314245,0.23079344830376355,1.0,fresh_kronos_target_free_risk_v1,past_only_cross_sectional_vol_drawdown_liquidity_momentum,False
2026-01-31,2026-01-31T18:51:00,2026-01-31T18:50:00,MOEX,MOEX,moex,medium,0.2696018555576793,0.6121309692421459,0.11826717520017473,1.0,fresh_kronos_target_free_risk_v1,past_only_cross_sectional_vol_drawdown_liquidity_momentum,False
2026-01-31,2026-01-31T18:51:00,2026-01-31T18:50:00,MTLR,MTLR,moex,medium,0.11848351145999299,0.6157086045778956,0.26580788396211147,1.0,fresh_kronos_target_free_risk_v1,past_only_cross_sectional_vol_drawdown_liquidity_momentum,False
2026-01-31,2026-01-31T18:51:00,2026-01-31T18:50:00,MTSS,MTSS,moex,low,0.6354288540605995,0.28780988241909333,0.07676126352030724,1.0,fresh_kronos_target_free_risk_v1,past_only_cross_sectional_vol_drawdown_liquidity_momentum,False
2026-01-31,2026-01-31T18:51:00,2026-01-31T18:50:00,NLMK,NLMK,moex,medium,0.1235675739591077,0.7565647824489782,0.11986764359191411,1.0,fresh_kronos_target_free_risk_v1,past_only_cross_sectional_vol_drawdown_liquidity_momentum,False
2026-01-31,2026-01-31T18:51:00,2026-01-31T18:50:00,NVTK,NVTK,moex,medium,0.12096248263479199,0.7291507032573983,0.1498868141078096,1.0,fresh_kronos_target_free_risk_v1,past_only_cross_sectional_vol_drawdown_liquidity_momentum,False
2026-01-31,2026-01-31T18:51:00,2026-01-31T18:50:00,OZON,OZON,moex,medium,0.3380859140978088,0.5485618562912492,0.11335222961094198,1.0,fresh_kronos_target_free_risk_v1,past_only_cross_sectional_vol_drawdown_liquidity_momentum,False
2026-01-31,2026-01-31T18:51:00,2026-01-31T18:50:00,PHOR,PHOR,moex,medium,0.2003487223188565,0.678618734685138,0.12103254299600547,1.0,fresh_kronos_target_free_risk_v1,past_only_cross_sectional_vol_drawdown_liquidity_momentum,False
2026-01-31,2026-01-31T18:51:00,2026-01-31T18:50:00,PIKK,PIKK,moex,medium,0.11808798898888533,0.6092508063333942,0.27266120467772054,1.0,fresh_kronos_target_free_risk_v1,past_only_cross_sectional_vol_drawdown_liquidity_momentum,False
2026-01-31,2026-01-31T18:51:00,2026-01-31T18:50:00,PLZL,PLZL,moex,medium,0.21897279251393267,0.6604672156016546,0.12055999188441276,1.0,fresh_kronos_target_free_risk_v1,past_only_cross_sectional_vol_drawdown_liquidity_momentum,False
2026-01-31,2026-01-31T18:51:00,2026-01-31T18:50:00,POSI,POSI,moex,high,0.0908970564806175,0.37052748247570083,0.5385754610436817,1.0,fresh_kronos_target_free_risk_v1,past_only_cross_sectional_vol_drawdown_liquidity_momentum,False
2026-01-31,2026-01-31T18:51:00,2026-01-31T18:50:00,RAGR,RAGR,moex,medium,0.11637237876671347,0.5845224630048086,0.29910515822847783,1.0,fresh_kronos_target_free_risk_v1,past_only_cross_sectional_vol_drawdown_liquidity_momentum,False
2026-01-31,2026-01-31T18:51:00,2026-01-31T18:50:00,RNFT,RNFT,moex,medium,0.12126908214991478,0.6989728470035947,0.17975807084649034,1.0,fresh_kronos_target_free_risk_v1,past_only_cross_sectional_vol_drawdown_liquidity_momentum,False
2026-01-31,2026-01-31T18:51:00,2026-01-31T18:50:00,ROSN,ROSN,moex,medium,0.3118183228307203,0.5727336185846537,0.11544805858462615,1.0,fresh_kronos_target_free_risk_v1,past_only_cross_sectional_vol_drawdown_liquidity_momentum,False
2026-01-31,2026-01-31T18:51:00,2026-01-31T18:50:00,RTKM,RTKM,moex,medium,0.25758052642648216,0.6234897934397204,0.11892968013379734,1.0,fresh_kronos_target_free_risk_v1,past_only_cross_sectional_vol_drawdown_liquidity_momentum,False
2026-01-31,2026-01-31T18:51:00,2026-01-31T18:50:00,RUAL,RUAL,moex,medium,0.1212497872372081,0.7107016880840269,0.1680485246787651,1.0,fresh_kronos_target_free_risk_v1,past_only_cross_sectional_vol_drawdown_liquidity_momentum,False
2026-01-31,2026-01-31T18:51:00,2026-01-31T18:50:00,SBER,SBER,moex,low,0.8075118722445037,0.14575946417950789,0.04672866357598835,1.0,fresh_kronos_target_free_risk_v1,past_only_cross_sectional_vol_drawdown_liquidity_momentum,False
2026-01-31,2026-01-31T18:51:00,2026-01-31T18:50:00,SGZH,SGZH,moex,medium,0.11631524023251598,0.583768262535606,0.29991649723187813,1.0,fresh_kronos_target_free_risk_v1,past_only_cross_sectional_vol_drawdown_liquidity_momentum,False
2026-01-31,2026-01-31T18:51:00,2026-01-31T18:50:00,SIBN,SIBN,moex,medium,0.26960185555767924,0.6121309692421459,0.11826717520017474,1.0,fresh_kronos_target_free_risk_v1,past_only_cross_sectional_vol_drawdown_liquidity_momentum,False
2026-01-31,2026-01-31T18:51:00,2026-01-31T18:50:00,SMLT,SMLT,moex,high,0.10129887917011511,0.44216156489878433,0.4565395559311006,1.0,fresh_kronos_target_free_risk_v1,past_only_cross_sectional_vol_drawdown_liquidity_momentum,False
2026-01-31,2026-01-31T18:51:00,2026-01-31T18:50:00,SNGS,SNGS,moex,medium,0.25832163689294546,0.6227875585464155,0.11889080456063894,1.0,fresh_kronos_target_free_risk_v1,past_only_cross_sectional_vol_drawdown_liquidity_momentum,False
2026-01-31,2026-01-31T18:51:00,2026-01-31T18:50:00,SPBE,SPBE,moex,medium,0.11839799498526736,0.6142805760738811,0.2673214289408515,1.0,fresh_kronos_target_free_risk_v1,past_only_cross_sectional_vol_drawdown_liquidity_momentum,False
2026-01-31,2026-01-31T18:51:00,2026-01-31T18:50:00,SVCB,SVCB,moex,medium,0.14963939202196666,0.7294044261287295,0.1209561818493039,1.0,fresh_kronos_target_free_risk_v1,past_only_cross_sectional_vol_drawdown_liquidity_momentum,False
2026-01-31,2026-01-31T18:51:00,2026-01-31T18:50:00,T,T,moex,low,0.48146061241166555,0.4202393483770292,0.0983000392113052,1.0,fresh_kronos_target_free_risk_v1,past_only_cross_sectional_vol_drawdown_liquidity_momentum,False
2026-01-31,2026-01-31T18:51:00,2026-01-31T18:50:00,TATN,TATN,moex,medium,0.11865048059455308,0.6185524767334186,0.26279704267202836,1.0,fresh_kronos_target_free_risk_v1,past_only_cross_sectional_vol_drawdown_liquidity_momentum,False
2026-01-31,2026-01-31T18:51:00,2026-01-31T18:50:00,UGLD,UGLD,moex,medium,0.11021240994889407,0.5167759956504332,0.3730115944006728,1.0,fresh_kronos_target_free_risk_v1,past_only_cross_sectional_vol_drawdown_liquidity_momentum,False
2026-01-31,2026-01-31T18:51:00,2026-01-31T18:50:00,VKCO,VKCO,moex,medium,0.25133671110035066,0.6294167007278068,0.11924658817184253,1.0,fresh_kronos_target_free_risk_v1,past_only_cross_sectional_vol_drawdown_liquidity_momentum,False
2026-01-31,2026-01-31T18:51:00,2026-01-31T18:50:00,VTBR,VTBR,moex,medium,0.4446218262908291,0.45269748202413634,0.10268069168503459,1.0,fresh_kronos_target_free_risk_v1,past_only_cross_sectional_vol_drawdown_liquidity_momentum,False
2026-01-31,2026-01-31T18:51:00,2026-01-31T18:50:00,WUSH,WUSH,moex,high,0.06251253150611,0.21567379131306866,0.7218136771808215,1.0,fresh_kronos_target_free_risk_v1,past_only_cross_sectional_vol_drawdown_liquidity_momentum,False
2026-01-31,2026-01-31T18:51:00,2026-01-31T18:50:00,X5,X5,moex,medium,0.1212332327514854,0.6929211649787534,0.18584560226976113,1.0,fresh_kronos_target_free_risk_v1,past_only_cross_sectional_vol_drawdown_liquidity_momentum,False
2026-01-31,2026-01-31T18:51:00,2026-01-31T18:50:00,YDEX,YDEX,moex,low,0.7884966748358616,0.1611165779036625,0.050386747260475914,1.0,fresh_kronos_target_free_risk_v1,past_only_cross_sectional_vol_drawdown_liquidity_momentum,False
2026-02-28,2026-02-28T18:51:00,2026-02-28T18:50:00,AFKS,AFKS,moex,medium,0.11316895162804876,0.5465806374476931,0.3402504109242581,1.0,fresh_kronos_target_free_risk_v1,past_only_cross_sectional_vol_drawdown_liquidity_momentum,False
2026-02-28,2026-02-28T18:51:00,2026-02-28T18:50:00,AFLT,AFLT,moex,medium,0.15237946018293252,0.7265983569266307,0.12102218289043695,1.0,fresh_kronos_target_free_risk_v1,past_only_cross_sectional_vol_drawdown_liquidity_momentum,False
2026-02-28,2026-02-28T18:51:00,2026-02-28T18:50:00,ALRS,ALRS,moex,medium,0.1132425164158283,0.5473736626795291,0.3393838209046425,1.0,fresh_kronos_target_free_risk_v1,past_only_cross_sectional_vol_drawdown_liquidity_momentum,False
2026-02-28,2026-02-28T18:51:00,2026-02-28T18:50:00,ASTR,ASTR,moex,medium,0.11962098336773887,0.6369736394305052,0.24340537720175578,1.0,fresh_kronos_target_free_risk_v1,past_only_cross_sectional_vol_drawdown_liquidity_momentum,False
2026-02-28,2026-02-28T18:51:00,2026-02-28T18:50:00,BSPB,BSPB,moex,medium,0.16696543594672475,0.7117927735159719,0.1212417905373032,1.0,fresh_kronos_target_free_risk_v1,past_only_cross_sectional_vol_drawdown_liquidity_momentum,False
2026-02-28,2026-02-28T18:51:00,2026-02-28T18:50:00,CBOM,CBOM,moex,medium,0.10464891748339095,0.4682541034574495,0.4270969790591595,1.0,fresh_kronos_target_free_risk_v1,past_only_cross_sectional_vol_drawdown_liquidity_momentum,False
2026-02-28,2026-02-28T18:51:00,2026-02-28T18:50:00,CHMF,CHMF,moex,medium,0.1203715630461436,0.746490818609953,0.13313761834390334,1.0,fresh_kronos_target_free_risk_v1,past_only_cross_sectional_vol_drawdown_liquidity_momentum,False
2026-02-28,2026-02-28T18:51:00,2026-02-28T18:50:00,CNRU,CNRU,moex,medium,0.12083262855936441,0.7339246399659616,0.1452427314746741,1.0,fresh_kronos_target_free_risk_v1,past_only_cross_sectional_vol_drawdown_liquidity_momentum,False
2026-02-28,2026-02-28T18:51:00,2026-02-28T18:50:00,DOMRF,DOMRF,moex,medium,0.27690261065900157,0.6052646850439929,0.11783270429700554,1.0,fresh_kronos_target_free_risk_v1,past_only_cross_sectional_vol_drawdown_liquidity_momentum,False
2026-02-28,2026-02-28T18:51:00,2026-02-28T18:50:00,ENPG,ENPG,moex,high,0.0710885776694103,0.2579399155353326,0.6709715067952571,1.0,fresh_kronos_target_free_risk_v1,past_only_cross_sectional_vol_drawdown_liquidity_momentum,False
2026-02-28,2026-02-28T18:51:00,2026-02-28T18:50:00,FEES,FEES,moex,medium,0.11142502988438607,0.5285577056913306,0.3600172644242833,1.0,fresh_kronos_target_free_risk_v1,past_only_cross_sectional_vol_drawdown_liquidity_momentum,False
2026-02-28,2026-02-28T18:51:00,2026-02-28T18:50:00,FLOT,FLOT,moex,medium,0.10284375126071924,0.4539608034959581,0.44319544524332266,1.0,fresh_kronos_target_free_risk_v1,past_only_cross_sectional_vol_drawdown_liquidity_momentum,False
2026-02-28,2026-02-28T18:51:00,2026-02-28T18:50:00,GAZP,GAZP,moex,low,0.5285335283265845,0.3792161062778542,0.09225036539556135,1.0,fresh_kronos_target_free_risk_v1,past_only_cross_sectional_vol_drawdown_liquidity_momentum,False
2026-02-28,2026-02-28T18:51:00,2026-02-28T18:50:00,GMKN,GMKN,moex,medium,0.11751767654209913,0.6005156849078891,0.28196663855001164,1.0,fresh_kronos_target_free_risk_v1,past_only_cross_sectional_vol_drawdown_liquidity_momentum,False
2026-02-28,2026-02-28T18:51:00,2026-02-28T18:50:00,HEAD,HEAD,moex,medium,0.12116826225305419,0.7185103976508087,0.160321340096137,1.0,fresh_kronos_target_free_risk_v1,past_only_cross_sectional_vol_drawdown_liquidity_momentum,False
2026-02-28,2026-02-28T18:51:00,2026-02-28T18:50:00,HYDR,HYDR,moex,medium,0.12083659585524076,0.6699741874463789,0.20918921669838036,1.0,fresh_kronos_target_free_risk_v1,past_only_cross_sectional_vol_drawdown_liquidity_momentum,False
2026-02-28,2026-02-28T18:51:00,2026-02-28T18:50:00,IRAO,IRAO,moex,medium,0.1201740459609495,0.6497197233163016,0.23010623072274888,1.0,fresh_kronos_target_free_risk_v1,past_only_cross_sectional_vol_drawdown_liquidity_momentum,False
2026-02-28,2026-02-28T18:51:00,2026-02-28T18:50:00,LKOH,LKOH,moex,medium,0.12096262812806628,0.6752490862332019,0.203788285638732,1.0,fresh_kronos_target_free_risk_v1,past_only_cross_sectional_vol_drawdown_liquidity_momentum,False
2026-02-28,2026-02-28T18:51:00,2026-02-28T18:50:00,MAGN,MAGN,moex,medium,0.1212747804125294,0.7046201642249286,0.17410505536254198,1.0,fresh_kronos_target_free_risk_v1,past_only_cross_sectional_vol_drawdown_liquidity_momentum,False
2026-02-28,2026-02-28T18:51:00,2026-02-28T18:50:00,MGNT,MGNT,moex,medium,0.15849945197834267,0.7203600350885332,0.12114051293312404,1.0,fresh_kronos_target_free_risk_v1,past_only_cross_sectional_vol_drawdown_liquidity_momentum,False
2026-02-28,2026-02-28T18:51:00,2026-02-28T18:50:00,MOEX,MOEX,moex,low,0.5054963191955676,0.39923122364482677,0.09527245715960556,1.0,fresh_kronos_target_free_risk_v1,past_only_cross_sectional_vol_drawdown_liquidity_momentum,False
2026-02-28,2026-02-28T18:51:00,2026-02-28T18:50:00,MTLR,MTLR,moex,medium,0.12127514431577706,0.7043404859947262,0.17438436968949686,1.0,fresh_kronos_target_free_risk_v1,past_only_cross_sectional_vol_drawdown_liquidity_momentum,False
2026-02-28,2026-02-28T18:51:00,2026-02-28T18:50:00,MTSS,MTSS,moex,low,0.5792604751891344,0.3355437154087502,0.08519580940211541,1.0,fresh_kronos_target_free_risk_v1,past_only_cross_sectional_vol_drawdown_liquidity_momentum,False
2026-02-28,2026-02-28T18:51:00,2026-02-28T18:50:00,NLMK,NLMK,moex,medium,0.1235675739591078,0.7565647824489781,0.11986764359191411,1.0,fresh_kronos_target_free_risk_v1,past_only_cross_sectional_vol_drawdown_liquidity_momentum,False
2026-02-28,2026-02-28T18:51:00,2026-02-28T18:50:00,NVTK,NVTK,moex,medium,0.12040682725327172,0.655944535632217,0.22364863711451122,1.0,fresh_kronos_target_free_risk_v1,past_only_cross_sectional_vol_drawdown_liquidity_momentum,False
2026-02-28,2026-02-28T18:51:00,2026-02-28T18:50:00,OZON,OZON,moex,medium,0.20663470494648467,0.6724666531995585,0.12089864185395689,1.0,fresh_kronos_target_free_risk_v1,past_only_cross_sectional_vol_drawdown_liquidity_momentum,False
2026-02-28,2026-02-28T18:51:00,2026-02-28T18:50:00,PHOR,PHOR,moex,medium,0.3716586573494472,0.5180003123551292,0.1103410302954236,1.0,fresh_kronos_target_free_risk_v1,past_only_cross_sectional_vol_drawdown_liquidity_momentum,False
2026-02-28,2026-02-28T18:51:00,2026-02-28T18:50:00,PIKK,PIKK,moex,medium,0.12091040715448277,0.7311728104374537,0.1479167824080634,1.0,fresh_kronos_target_free_risk_v1,past_only_cross_sectional_vol_drawdown_liquidity_momentum,False
2026-02-28,2026-02-28T18:51:00,2026-02-28T18:50:00,PLZL,PLZL,moex,medium,0.11625775749707586,0.5830131683978121,0.3007290741051119,1.0,fresh_kronos_target_free_risk_v1,past_only_cross_sectional_vol_drawdown_liquidity_momentum,False
2026-02-28,2026-02-28T18:51:00,2026-02-28T18:50:00,POSI,POSI,moex,medium,0.1201346455309019,0.6487277647145616,0.23113758975453638,1.0,fresh_kronos_target_free_risk_v1,past_only_cross_sectional_vol_drawdown_liquidity_momentum,False
2026-02-28,2026-02-28T18:51:00,2026-02-28T18:50:00,RAGR,RAGR,moex,medium,0.10897712185392174,0.5052927523585394,0.38573012578753874,1.0,fresh_kronos_target_free_risk_v1,past_only_cross_sectional_vol_drawdown_liquidity_momentum,False
2026-02-28,2026-02-28T18:51:00,2026-02-28T18:50:00,RNFT,RNFT,moex,medium,0.12070702134597741,0.6652522541597224,0.21404072449430023,1.0,fresh_kronos_target_free_risk_v1,past_only_cross_sectional_vol_drawdown_liquidity_momentum,False
2026-02-28,2026-02-28T18:51:00,2026-02-28T18:50:00,ROSN,ROSN,moex,medium,0.37753530419961384,0.512686263200252,0.1097784326001342,1.0,fresh_kronos_target_free_risk_v1,past_only_cross_sectional_vol_drawdown_liquidity_momentum,False
2026-02-28,2026-02-28T18:51:00,2026-02-28T18:50:00,RTKM,RTKM,moex,medium,0.11881204442981522,0.6213799843572101,0.2598079712129748,1.0,fresh_kronos_target_free_risk_v1,past_only_cross_sectional_vol_drawdown_liquidity_momentum,False
2026-02-28,2026-02-28T18:51:00,2026-02-28T18:50:00,RUAL,RUAL,moex,medium,0.11025536429270567,0.5171842369988326,0.3725603987084617,1.0,fresh_kronos_target_free_risk_v1,past_only_cross_sectional_vol_drawdown_liquidity_momentum,False
2026-02-28,2026-02-28T18:51:00,2026-02-28T18:50:00,SBER,SBER,moex,low,0.8589163157099133,0.10475994521108282,0.03632373907900382,1.0,fresh_kronos_target_free_risk_v1,past_only_cross_sectional_vol_drawdown_liquidity_momentum,False
2026-02-28,2026-02-28T18:51:00,2026-02-28T18:50:00,SGZH,SGZH,moex,medium,0.11654172929092875,0.5867796700442702,0.296678600664801,1.0,fresh_kronos_target_free_risk_v1,past_only_cross_sectional_vol_drawdown_liquidity_momentum,False
2026-02-28,2026-02-28T18:51:00,2026-02-28T18:50:00,SIBN,SIBN,moex,medium,0.1204418136882688,0.7598847388364974,0.11967344747523384,1.0,fresh_kronos_target_free_risk_v1,past_only_cross_sectional_vol_drawdown_liquidity_momentum,False
2026-02-28,2026-02-28T18:51:00,2026-02-28T18:50:00,SMLT,SMLT,moex,high,0.08193014645831005,0.3165455065302362,0.6015243470114539,1.0,fresh_kronos_target_free_risk_v1,past_only_cross_sectional_vol_drawdown_liquidity_momentum,False
2026-02-28,2026-02-28T18:51:00,2026-02-28T18:50:00,SNGS,SNGS,moex,medium,0.2661857635753284,0.6153519769564039,0.11846225946826767,1.0,fresh_kronos_target_free_risk_v1,past_only_cross_sectional_vol_drawdown_liquidity_momentum,False
2026-02-28,2026-02-28T18:51:00,2026-02-28T18:50:00,SPBE,SPBE,moex,medium,0.1202441150306117,0.7492884091407195,0.13046747582866886,1.0,fresh_kronos_target_free_risk_v1,past_only_cross_sectional_vol_drawdown_liquidity_momentum,False
2026-02-28,2026-02-28T18:51:00,2026-02-28T18:50:00,SVCB,SVCB,moex,low,0.7132961068481088,0.22271582496975265,0.06398806818213858,1.0,fresh_kronos_target_free_risk_v1,past_only_cross_sectional_vol_drawdown_liquidity_momentum,False
2026-02-28,2026-02-28T18:51:00,2026-02-28T18:50:00,T,T,moex,low,0.4992464776148919,0.4046813296107392,0.0960721927743688,1.0,fresh_kronos_target_free_risk_v1,past_only_cross_sectional_vol_drawdown_liquidity_momentum,False
2026-02-28,2026-02-28T18:51:00,2026-02-28T18:50:00,TATN,TATN,moex,medium,0.28432250505490186,0.5983100961941772,0.11736739875092098,1.0,fresh_kronos_target_free_risk_v1,past_only_cross_sectional_vol_drawdown_liquidity_momentum,False
2026-02-28,2026-02-28T18:51:00,2026-02-28T18:50:00,UGLD,UGLD,moex,high,0.10146682976332673,0.4434264485024544,0.45510672173421884,1.0,fresh_kronos_target_free_risk_v1,past_only_cross_sectional_vol_drawdown_liquidity_momentum,False
2026-02-28,2026-02-28T18:51:00,2026-02-28T18:50:00,VKCO,VKCO,moex,medium,0.2616735831343949,0.6196147172752137,0.11871169959039148,1.0,fresh_kronos_target_free_risk_v1,past_only_cross_sectional_vol_drawdown_liquidity_momentum,False
2026-02-28,2026-02-28T18:51:00,2026-02-28T18:50:00,VTBR,VTBR,moex,medium,0.22737157827167237,0.6523528443700334,0.12027557735829418,1.0,fresh_kronos_target_free_risk_v1,past_only_cross_sectional_vol_drawdown_liquidity_momentum,False
2026-02-28,2026-02-28T18:51:00,2026-02-28T18:50:00,WUSH,WUSH,moex,medium,0.1120644533470163,0.5350039778407638,0.3529315688122198,1.0,fresh_kronos_target_free_risk_v1,past_only_cross_sectional_vol_drawdown_liquidity_momentum,False
2026-02-28,2026-02-28T18:51:00,2026-02-28T18:50:00,X5,X5,moex,medium,0.1177851792146472,0.6045367427046185,0.27767807808073425,1.0,fresh_kronos_target_free_risk_v1,past_only_cross_sectional_vol_drawdown_liquidity_momentum,False
2026-02-28,2026-02-28T18:51:00,2026-02-28T18:50:00,YDEX,YDEX,moex,low,0.45033571429672425,0.4476417898660046,0.10202249583727112,1.0,fresh_kronos_target_free_risk_v1,past_only_cross_sectional_vol_drawdown_liquidity_momentum,False
2026-03-31,2026-03-31T23:41:00,2026-03-31T23:40:00,AFKS,AFKS,moex,medium,0.12314684147439235,0.7570107668936265,0.11984239163198118,1.0,fresh_kronos_target_free_risk_v1,past_only_cross_sectional_vol_drawdown_liquidity_momentum,False
2026-03-31,2026-03-31T23:41:00,2026-03-31T23:40:00,AFLT,AFLT,moex,medium,0.12094340099875579,0.729911048845826,0.14914555015541828,1.0,fresh_kronos_target_free_risk_v1,past_only_cross_sectional_vol_drawdown_liquidity_momentum,False
2026-03-31,2026-03-31T23:41:00,2026-03-31T23:40:00,ALRS,ALRS,moex,medium,0.11877215931988439,0.6206746491966357,0.2605531914834799,1.0,fresh_kronos_target_free_risk_v1,past_only_cross_sectional_vol_drawdown_liquidity_momentum,False
2026-03-31,2026-03-31T23:41:00,2026-03-31T23:40:00,ASTR,ASTR,moex,medium,0.26922094400826135,0.6124898651979893,0.11828919079374922,1.0,fresh_kronos_target_free_risk_v1,past_only_cross_sectional_vol_drawdown_liquidity_momentum,False
2026-03-31,2026-03-31T23:41:00,2026-03-31T23:40:00,BSPB,BSPB,moex,medium,0.37436647328804623,0.5155504644015041,0.11008306231044965,1.0,fresh_kronos_target_free_risk_v1,past_only_cross_sectional_vol_drawdown_liquidity_momentum,False
2026-03-31,2026-03-31T23:41:00,2026-03-31T23:40:00,CBOM,CBOM,moex,medium,0.10218793189343446,0.44890603405328316,0.44890603405328233,1.0,fresh_kronos_target_free_risk_v1,past_only_cross_sectional_vol_drawdown_liquidity_momentum,False
2026-03-31,2026-03-31T23:41:00,2026-03-31T23:40:00,CHMF,CHMF,moex,medium,0.11962098336773887,0.6369736394305052,0.24340537720175578,1.0,fresh_kronos_target_free_risk_v1,past_only_cross_sectional_vol_drawdown_liquidity_momentum,False
2026-03-31,2026-03-31T23:41:00,2026-03-31T23:40:00,CNRU,CNRU,moex,medium,0.20631700321208538,0.6727769420978154,0.12090605469009941,1.0,fresh_kronos_target_free_risk_v1,past_only_cross_sectional_vol_drawdown_liquidity_momentum,False
2026-03-31,2026-03-31T23:41:00,2026-03-31T23:40:00,DOMRF,DOMRF,moex,medium,0.37527079549307235,0.5147327771511513,0.1099964273557764,1.0,fresh_kronos_target_free_risk_v1,past_only_cross_sectional_vol_drawdown_liquidity_momentum,False
2026-03-31,2026-03-31T23:41:00,2026-03-31T23:40:00,ENPG,ENPG,moex,high,0.03880411076993801,0.11417429549959887,0.847021593730463,1.0,fresh_kronos_target_free_risk_v1,past_only_cross_sectional_vol_drawdown_liquidity_momentum,False
2026-03-31,2026-03-31T23:41:00,2026-03-31T23:40:00,FEES,FEES,moex,high,0.09011608460905089,0.3655849480551204,0.5442989673358287,1.0,fresh_kronos_target_free_risk_v1,past_only_cross_sectional_vol_drawdown_liquidity_momentum,False
2026-03-31,2026-03-31T23:41:00,2026-03-31T23:40:00,FLOT,FLOT,moex,medium,0.12118493647597242,0.6882263489610799,0.19058871456294765,1.0,fresh_kronos_target_free_risk_v1,past_only_cross_sectional_vol_drawdown_liquidity_momentum,False
2026-03-31,2026-03-31T23:41:00,2026-03-31T23:40:00,GAZP,GAZP,moex,low,0.6974101682275959,0.23589191535393864,0.06669791641846541,1.0,fresh_kronos_target_free_risk_v1,past_only_cross_sectional_vol_drawdown_liquidity_momentum,False
2026-03-31,2026-03-31T23:41:00,2026-03-31T23:40:00,GMKN,GMKN,moex,medium,0.11708386960247118,0.5942442987712675,0.2886718316262614,1.0,fresh_kronos_target_free_risk_v1,past_only_cross_sectional_vol_drawdown_liquidity_momentum,False
2026-03-31,2026-03-31T23:41:00,2026-03-31T23:40:00,HEAD,HEAD,moex,medium,0.2757418858658715,0.6063547628418472,0.11790335129228138,1.0,fresh_kronos_target_free_risk_v1,past_only_cross_sectional_vol_drawdown_liquidity_momentum,False
2026-03-31,2026-03-31T23:41:00,2026-03-31T23:40:00,HYDR,HYDR,moex,medium,0.11982969118579115,0.7572333745172893,0.12293693429691957,1.0,fresh_kronos_target_free_risk_v1,past_only_cross_sectional_vol_drawdown_liquidity_momentum,False
2026-03-31,2026-03-31T23:41:00,2026-03-31T23:40:00,IRAO,IRAO,moex,medium,0.1168441620907768,0.5908966322772359,0.29225920563198726,1.0,fresh_kronos_target_free_risk_v1,past_only_cross_sectional_vol_drawdown_liquidity_momentum,False
2026-03-31,2026-03-31T23:41:00,2026-03-31T23:40:00,LKOH,LKOH,moex,low,0.4939574371448678,0.4093003971652,0.09674216568993231,1.0,fresh_kronos_target_free_risk_v1,past_only_cross_sectional_vol_drawdown_liquidity_momentum,False
2026-03-31,2026-03-31T23:41:00,2026-03-31T23:40:00,MAGN,MAGN,moex,high,0.08377275624932636,0.3271791401854384,0.5890481035652352,1.0,fresh_kronos_target_free_risk_v1,past_only_cross_sectional_vol_drawdown_liquidity_momentum,False
2026-03-31,2026-03-31T23:41:00,2026-03-31T23:40:00,MGNT,MGNT,moex,medium,0.12027557735829418,0.6523528443700334,0.22737157827167237,1.0,fresh_kronos_target_free_risk_v1,past_only_cross_sectional_vol_drawdown_liquidity_momentum,False
2026-03-31,2026-03-31T23:41:00,2026-03-31T23:40:00,MOEX,MOEX,moex,medium,0.3962930943347044,0.495790805521739,0.10791610014355656,1.0,fresh_kronos_target_free_risk_v1,past_only_cross_sectional_vol_drawdown_liquidity_momentum,False
2026-03-31,2026-03-31T23:41:00,2026-03-31T23:40:00,MTLR,MTLR,moex,medium,0.11084820517395673,0.522885099263188,0.36626669556285524,1.0,fresh_kronos_target_free_risk_v1,past_only_cross_sectional_vol_drawdown_liquidity_momentum,False
2026-03-31,2026-03-31T23:41:00,2026-03-31T23:40:00,MTSS,MTSS,moex,low,0.6495062747059496,0.27594801509979633,0.07454571019425395,1.0,fresh_kronos_target_free_risk_v1,past_only_cross_sectional_vol_drawdown_liquidity_momentum,False
2026-03-31,2026-03-31T23:41:00,2026-03-31T23:40:00,NLMK,NLMK,moex,medium,0.12127566862394268,0.7037802815710674,0.17494404980498993,1.0,fresh_kronos_target_free_risk_v1,past_only_cross_sectional_vol_drawdown_liquidity_momentum,False
2026-03-31,2026-03-31T23:41:00,2026-03-31T23:40:00,NVTK,NVTK,moex,medium,0.12112767624169263,0.7211485611715934,0.15772376258671392,1.0,fresh_kronos_target_free_risk_v1,past_only_cross_sectional_vol_drawdown_liquidity_momentum,False
2026-03-31,2026-03-31T23:41:00,2026-03-31T23:40:00,OZON,OZON,moex,medium,0.12095618184930391,0.7294044261287294,0.1496393920219668,1.0,fresh_kronos_target_free_risk_v1,past_only_cross_sectional_vol_drawdown_liquidity_momentum,False
2026-03-31,2026-03-31T23:41:00,2026-03-31T23:40:00,PHOR,PHOR,moex,medium,0.3101616001029529,0.5742664299524225,0.11557196994462453,1.0,fresh_kronos_target_free_risk_v1,past_only_cross_sectional_vol_drawdown_liquidity_momentum,False
2026-03-31,2026-03-31T23:41:00,2026-03-31T23:40:00,PIKK,PIKK,moex,medium,0.4139478323934959,0.4799778500817573,0.10607431752474658,1.0,fresh_kronos_target_free_risk_v1,past_only_cross_sectional_vol_drawdown_liquidity_momentum,False
2026-03-31,2026-03-31T23:41:00,2026-03-31T23:40:00,PLZL,PLZL,moex,medium,0.10879556735090326,0.5036444648882703,0.3875599677608264,1.0,fresh_kronos_target_free_risk_v1,past_only_cross_sectional_vol_drawdown_liquidity_momentum,False
2026-03-31,2026-03-31T23:41:00,2026-03-31T23:40:00,POSI,POSI,moex,medium,0.10536869513937525,0.4741224311593625,0.4205088737012624,1.0,fresh_kronos_target_free_risk_v1,past_only_cross_sectional_vol_drawdown_liquidity_momentum,False
2026-03-31,2026-03-31T23:41:00,2026-03-31T23:40:00,RAGR,RAGR,moex,medium,0.11881204442981523,0.6213799843572102,0.2598079712129746,1.0,fresh_kronos_target_free_risk_v1,past_only_cross_sectional_vol_drawdown_liquidity_momentum,False
2026-03-31,2026-03-31T23:41:00,2026-03-31T23:40:00,RNFT,RNFT,moex,medium,0.10676551052484277,0.4858184231690939,0.40741606630606314,1.0,fresh_kronos_target_free_risk_v1,past_only_cross_sectional_vol_drawdown_liquidity_momentum,False
2026-03-31,2026-03-31T23:41:00,2026-03-31T23:40:00,ROSN,ROSN,moex,medium,0.3320608262621545,0.5540850327947562,0.11385414094308924,1.0,fresh_kronos_target_free_risk_v1,past_only_cross_sectional_vol_drawdown_liquidity_momentum,False
2026-03-31,2026-03-31T23:41:00,2026-03-31T23:40:00,RTKM,RTKM,moex,medium,0.12040682725327172,0.655944535632217,0.22364863711451122,1.0,fresh_kronos_target_free_risk_v1,past_only_cross_sectional_vol_drawdown_liquidity_momentum,False
2026-03-31,2026-03-31T23:41:00,2026-03-31T23:40:00,RUAL,RUAL,moex,medium,0.10990947045237408,0.5139145626213008,0.37617596692632516,1.0,fresh_kronos_target_free_risk_v1,past_only_cross_sectional_vol_drawdown_liquidity_momentum,False
2026-03-31,2026-03-31T23:41:00,2026-03-31T23:40:00,SBER,SBER,moex,low,0.8589163157099133,0.10475994521108282,0.03632373907900382,1.0,fresh_kronos_target_free_risk_v1,past_only_cross_sectional_vol_drawdown_liquidity_momentum,False
2026-03-31,2026-03-31T23:41:00,2026-03-31T23:40:00,SGZH,SGZH,moex,medium,0.11716222575663773,0.5953559841687531,0.2874817900746091,1.0,fresh_kronos_target_free_risk_v1,past_only_cross_sectional_vol_drawdown_liquidity_momentum,False
2026-03-31,2026-03-31T23:41:00,2026-03-31T23:40:00,SIBN,SIBN,moex,medium,0.17410505536254198,0.7046201642249286,0.1212747804125294,1.0,fresh_kronos_target_free_risk_v1,past_only_cross_sectional_vol_drawdown_liquidity_momentum,False
2026-03-31,2026-03-31T23:41:00,2026-03-31T23:40:00,SMLT,SMLT,moex,high,0.07627674858201747,0.28519357352011904,0.6385296778978635,1.0,fresh_kronos_target_free_risk_v1,past_only_cross_sectional_vol_drawdown_liquidity_momentum,False
2026-03-31,2026-03-31T23:41:00,2026-03-31T23:40:00,SNGS,SNGS,moex,medium,0.14380102135836048,0.735411751069391,0.12078722757224847,1.0,fresh_kronos_target_free_risk_v1,past_only_cross_sectional_vol_drawdown_liquidity_momentum,False
2026-03-31,2026-03-31T23:41:00,2026-03-31T23:40:00,SPBE,SPBE,moex,medium,0.11356937037801275,0.5509333516682798,0.3354972779537074,1.0,fresh_kronos_target_free_risk_v1,past_only_cross_sectional_vol_drawdown_liquidity_momentum,False
2026-03-31,2026-03-31T23:41:00,2026-03-31T23:40:00,SVCB,SVCB,moex,low,0.4756983154115169,0.4252953471962607,0.0990063373922224,1.0,fresh_kronos_target_free_risk_v1,past_only_cross_sectional_vol_drawdown_liquidity_momentum,False
2026-03-31,2026-03-31T23:41:00,2026-03-31T23:40:00,T,T,moex,medium,0.42191840827933813,0.47286595260680764,0.10521563911385415,1.0,fresh_kronos_target_free_risk_v1,past_only_cross_sectional_vol_drawdown_liquidity_momentum,False
2026-03-31,2026-03-31T23:41:00,2026-03-31T23:40:00,TATN,TATN,moex,medium,0.40230591757787654,0.4903957843393411,0.10729829808278234,1.0,fresh_kronos_target_free_risk_v1,past_only_cross_sectional_vol_drawdown_liquidity_momentum,False
2026-03-31,2026-03-31T23:41:00,2026-03-31T23:40:00,UGLD,UGLD,moex,high,0.07240068056042838,0.2647049208505966,0.662894398588975,1.0,fresh_kronos_target_free_risk_v1,past_only_cross_sectional_vol_drawdown_liquidity_momentum,False
2026-03-31,2026-03-31T23:41:00,2026-03-31T23:40:00,VKCO,VKCO,moex,high,0.09770523642538753,0.41602907705981107,0.48626568651480145,1.0,fresh_kronos_target_free_risk_v1,past_only_cross_sectional_vol_drawdown_liquidity_momentum,False
2026-03-31,2026-03-31T23:41:00,2026-03-31T23:40:00,VTBR,VTBR,moex,medium,0.3193319397577504,0.565794605920698,0.11487345432155158,1.0,fresh_kronos_target_free_risk_v1,past_only_cross_sectional_vol_drawdown_liquidity_momentum,False
2026-03-31,2026-03-31T23:41:00,2026-03-31T23:40:00,WUSH,WUSH,moex,medium,0.10495910877361304,0.47077055646188143,0.42427033476450554,1.0,fresh_kronos_target_free_risk_v1,past_only_cross_sectional_vol_drawdown_liquidity_momentum,False
2026-03-31,2026-03-31T23:41:00,2026-03-31T23:40:00,X5,X5,moex,low,0.5088605964247531,0.39630103096978003,0.09483837260546683,1.0,fresh_kronos_target_free_risk_v1,past_only_cross_sectional_vol_drawdown_liquidity_momentum,False
2026-03-31,2026-03-31T23:41:00,2026-03-31T23:40:00,YDEX,YDEX,moex,medium,0.2430488806755733,0.637314069084842,0.11963705023958462,1.0,fresh_kronos_target_free_risk_v1,past_only_cross_sectional_vol_drawdown_liquidity_momentum,False
2026-04-30,2026-04-30T23:41:00,2026-04-30T23:40:00,AFKS,AFKS,moex,medium,0.11721403389523952,0.5960959315609472,0.2866900345438132,1.0,fresh_kronos_target_free_risk_v1,past_only_cross_sectional_vol_drawdown_liquidity_momentum,False
2026-04-30,2026-04-30T23:41:00,2026-04-30T23:40:00,AFLT,AFLT,moex,medium,0.2270313476811485,0.6526807442095868,0.12028790810926467,1.0,fresh_kronos_target_free_risk_v1,past_only_cross_sectional_vol_drawdown_liquidity_momentum,False
2026-04-30,2026-04-30T23:41:00,2026-04-30T23:40:00,ALRS,ALRS,moex,high,0.09710493046574828,0.4118223846606347,0.49107268487361694,1.0,fresh_kronos_target_free_risk_v1,past_only_cross_sectional_vol_drawdown_liquidity_momentum,False
2026-04-30,2026-04-30T23:41:00,2026-04-30T23:40:00,ASTR,ASTR,moex,medium,0.18672800496262343,0.6920464233259306,0.12122557171144589,1.0,fresh_kronos_target_free_risk_v1,past_only_cross_sectional_vol_drawdown_liquidity_momentum,False
2026-04-30,2026-04-30T23:41:00,2026-04-30T23:40:00,BSPB,BSPB,moex,low,0.5500098916388755,0.36066020795070897,0.08932990041041564,1.0,fresh_kronos_target_free_risk_v1,past_only_cross_sectional_vol_drawdown_liquidity_momentum,False
2026-04-30,2026-04-30T23:41:00,2026-04-30T23:40:00,CBOM,CBOM,moex,high,0.07724560120314637,0.29043795452263804,0.6323164442742156,1.0,fresh_kronos_target_free_risk_v1,past_only_cross_sectional_vol_drawdown_liquidity_momentum,False
2026-04-30,2026-04-30T23:41:00,2026-04-30T23:40:00,CHMF,CHMF,moex,medium,0.11754242293354875,0.6008824439569321,0.28157513310951904,1.0,fresh_kronos_target_free_risk_v1,past_only_cross_sectional_vol_drawdown_liquidity_momentum,False
2026-04-30,2026-04-30T23:41:00,2026-04-30T23:40:00,CNRU,CNRU,moex,medium,0.2342508245607221,0.6457370910308433,0.12001208440843444,1.0,fresh_kronos_target_free_risk_v1,past_only_cross_sectional_vol_drawdown_liquidity_momentum,False
2026-04-30,2026-04-30T23:41:00,2026-04-30T23:40:00,DOMRF,DOMRF,moex,low,0.5059769864869152,0.398812422380503,0.09521059113258162,1.0,fresh_kronos_target_free_risk_v1,past_only_cross_sectional_vol_drawdown_liquidity_momentum,False
2026-04-30,2026-04-30T23:41:00,2026-04-30T23:40:00,ENPG,ENPG,moex,high,0.0685434616701281,0.24505140895661778,0.6864051293732542,1.0,fresh_kronos_target_free_risk_v1,past_only_cross_sectional_vol_drawdown_liquidity_momentum,False
2026-04-30,2026-04-30T23:41:00,2026-04-30T23:40:00,FEES,FEES,moex,medium,0.11937006810759912,0.6318351260854111,0.2487948058069897,1.0,fresh_kronos_target_free_risk_v1,past_only_cross_sectional_vol_drawdown_liquidity_momentum,False
2026-04-30,2026-04-30T23:41:00,2026-04-30T23:40:00,FLOT,FLOT,moex,medium,0.13381229107702128,0.7457854848540619,0.12040222406891675,1.0,fresh_kronos_target_free_risk_v1,past_only_cross_sectional_vol_drawdown_liquidity_momentum,False
2026-04-30,2026-04-30T23:41:00,2026-04-30T23:40:00,GAZP,GAZP,moex,medium,0.3962930943347045,0.4957908055217389,0.10791610014355654,1.0,fresh_kronos_target_free_risk_v1,past_only_cross_sectional_vol_drawdown_liquidity_momentum,False
2026-04-30,2026-04-30T23:41:00,2026-04-30T23:40:00,GMKN,GMKN,moex,medium,0.11839799498526739,0.6142805760738815,0.26732142894085104,1.0,fresh_kronos_target_free_risk_v1,past_only_cross_sectional_vol_drawdown_liquidity_momentum,False
2026-04-30,2026-04-30T23:41:00,2026-04-30T23:40:00,HEAD,HEAD,moex,low,0.5380979807610234,0.37094012593132913,0.09096189330764752,1.0,fresh_kronos_target_free_risk_v1,past_only_cross_sectional_vol_drawdown_liquidity_momentum,False
2026-04-30,2026-04-30T23:41:00,2026-04-30T23:40:00,HYDR,HYDR,moex,medium,0.11984239163198118,0.7570107668936265,0.12314684147439231,1.0,fresh_kronos_target_free_risk_v1,past_only_cross_sectional_vol_drawdown_liquidity_momentum,False
2026-04-30,2026-04-30T23:41:00,2026-04-30T23:40:00,IRAO,IRAO,moex,medium,0.38481637772278604,0.5061161961248963,0.10906742615231761,1.0,fresh_kronos_target_free_risk_v1,past_only_cross_sectional_vol_drawdown_liquidity_momentum,False
2026-04-30,2026-04-30T23:41:00,2026-04-30T23:40:00,LKOH,LKOH,moex,low,0.5741070143612591,0.3399558700147439,0.08593711562399706,1.0,fresh_kronos_target_free_risk_v1,past_only_cross_sectional_vol_drawdown_liquidity_momentum,False
2026-04-30,2026-04-30T23:41:00,2026-04-30T23:40:00,MAGN,MAGN,moex,medium,0.11831112143296896,0.6128485102865552,0.2688403682804758,1.0,fresh_kronos_target_free_risk_v1,past_only_cross_sectional_vol_drawdown_liquidity_momentum,False
2026-04-30,2026-04-30T23:41:00,2026-04-30T23:40:00,MGNT,MGNT,moex,medium,0.10744201392586168,0.49164223959674536,0.40091574647739286,1.0,fresh_kronos_target_free_risk_v1,past_only_cross_sectional_vol_drawdown_liquidity_momentum,False
2026-04-30,2026-04-30T23:41:00,2026-04-30T23:40:00,MOEX,MOEX,moex,low,0.487226960726622,0.4151874284000754,0.09758561087330261,1.0,fresh_kronos_target_free_risk_v1,past_only_cross_sectional_vol_drawdown_liquidity_momentum,False
2026-04-30,2026-04-30T23:41:00,2026-04-30T23:40:00,MTLR,MTLR,moex,high,0.07613829078728969,0.2844482396060986,0.6394134696066117,1.0,fresh_kronos_target_free_risk_v1,past_only_cross_sectional_vol_drawdown_liquidity_momentum,False
2026-04-30,2026-04-30T23:41:00,2026-04-30T23:40:00,MTSS,MTSS,moex,low,0.6296396073229915,0.29269982734667493,0.07766056533033361,1.0,fresh_kronos_target_free_risk_v1,past_only_cross_sectional_vol_drawdown_liquidity_momentum,False
2026-04-30,2026-04-30T23:41:00,2026-04-30T23:40:00,NLMK,NLMK,moex,medium,0.11995445252055874,0.7549957411720214,0.12504980630741977,1.0,fresh_kronos_target_free_risk_v1,past_only_cross_sectional_vol_drawdown_liquidity_momentum,False
2026-04-30,2026-04-30T23:41:00,2026-04-30T23:40:00,NVTK,NVTK,moex,medium,0.1221003597031258,0.7581212453084692,0.11977839498840492,1.0,fresh_kronos_target_free_risk_v1,past_only_cross_sectional_vol_drawdown_liquidity_momentum,False
2026-04-30,2026-04-30T23:41:00,2026-04-30T23:40:00,OZON,OZON,moex,medium,0.1656193710124576,0.7131503086896318,0.12123032029791064,1.0,fresh_kronos_target_free_risk_v1,past_only_cross_sectional_vol_drawdown_liquidity_momentum,False
2026-04-30,2026-04-30T23:41:00,2026-04-30T23:40:00,PHOR,PHOR,moex,medium,0.2894667940294809,0.5935020032305799,0.11703120273993922,1.0,fresh_kronos_target_free_risk_v1,past_only_cross_sectional_vol_drawdown_liquidity_momentum,False
2026-04-30,2026-04-30T23:41:00,2026-04-30T23:40:00,PIKK,PIKK,moex,low,0.7758392395239706,0.17139062930326113,0.05277013117276836,1.0,fresh_kronos_target_free_risk_v1,past_only_cross_sectional_vol_drawdown_liquidity_momentum,False
2026-04-30,2026-04-30T23:41:00,2026-04-30T23:40:00,PLZL,PLZL,moex,medium,0.11584574105126663,0.5777027641868756,0.30645149476185773,1.0,fresh_kronos_target_free_risk_v1,past_only_cross_sectional_vol_drawdown_liquidity_momentum,False
2026-04-30,2026-04-30T23:41:00,2026-04-30T23:40:00,POSI,POSI,moex,medium,0.11544805858462612,0.5727336185846534,0.3118183228307205,1.0,fresh_kronos_target_free_risk_v1,past_only_cross_sectional_vol_drawdown_liquidity_momentum,False
2026-04-30,2026-04-30T23:41:00,2026-04-30T23:40:00,RAGR,RAGR,moex,high,0.08620592184810118,0.3415652994143483,0.5722287787375505,1.0,fresh_kronos_target_free_risk_v1,past_only_cross_sectional_vol_drawdown_liquidity_momentum,False
2026-04-30,2026-04-30T23:41:00,2026-04-30T23:40:00,RNFT,RNFT,moex,high,0.08431601410388179,0.33035631441511676,0.5853276714810014,1.0,fresh_kronos_target_free_risk_v1,past_only_cross_sectional_vol_drawdown_liquidity_momentum,False
2026-04-30,2026-04-30T23:41:00,2026-04-30T23:40:00,ROSN,ROSN,moex,medium,0.17466403445993073,0.7040605251264138,0.12127544041365544,1.0,fresh_kronos_target_free_risk_v1,past_only_cross_sectional_vol_drawdown_liquidity_momentum,False
2026-04-30,2026-04-30T23:41:00,2026-04-30T23:40:00,RTKM,RTKM,moex,medium,0.12104436691867411,0.7255697056269339,0.15338592745439186,1.0,fresh_kronos_target_free_risk_v1,past_only_cross_sectional_vol_drawdown_liquidity_momentum,False
2026-04-30,2026-04-30T23:41:00,2026-04-30T23:40:00,RUAL,RUAL,moex,medium,0.12980704305597116,0.7499818930431245,0.12021106390090436,1.0,fresh_kronos_target_free_risk_v1,past_only_cross_sectional_vol_drawdown_liquidity_momentum,False
2026-04-30,2026-04-30T23:41:00,2026-04-30T23:40:00,SBER,SBER,moex,low,0.8727804028304214,0.09384870656964191,0.03337089059993668,1.0,fresh_kronos_target_free_risk_v1,past_only_cross_sectional_vol_drawdown_liquidity_momentum,False
2026-04-30,2026-04-30T23:41:00,2026-04-30T23:40:00,SGZH,SGZH,moex,high,0.036227043299962465,0.10439751708051788,0.8593754396195197,1.0,fresh_kronos_target_free_risk_v1,past_only_cross_sectional_vol_drawdown_liquidity_momentum,False
2026-04-30,2026-04-30T23:41:00,2026-04-30T23:40:00,SIBN,SIBN,moex,medium,0.19118800846210796,0.6876343862872935,0.1211776052505985,1.0,fresh_kronos_target_free_risk_v1,past_only_cross_sectional_vol_drawdown_liquidity_momentum,False
2026-04-30,2026-04-30T23:41:00,2026-04-30T23:40:00,SMLT,SMLT,moex,high,0.06977966267402416,0.2512736543507542,0.6789466829752215,1.0,fresh_kronos_target_free_risk_v1,past_only_cross_sectional_vol_drawdown_liquidity_momentum,False
2026-04-30,2026-04-30T23:41:00,2026-04-30T23:40:00,SNGS,SNGS,moex,medium,0.1227273328021239,0.7574557259864595,0.11981694121141669,1.0,fresh_kronos_target_free_risk_v1,past_only_cross_sectional_vol_drawdown_liquidity_momentum,False
2026-04-30,2026-04-30T23:41:00,2026-04-30T23:40:00,SPBE,SPBE,moex,high,0.057064560757786154,0.1904487770911691,0.7524866621510449,1.0,fresh_kronos_target_free_risk_v1,past_only_cross_sectional_vol_drawdown_liquidity_momentum,False
2026-04-30,2026-04-30T23:41:00,2026-04-30T23:40:00,SVCB,SVCB,moex,medium,0.15618157280610842,0.7227181113531219,0.12110031584076972,1.0,fresh_kronos_target_free_risk_v1,past_only_cross_sectional_vol_drawdown_liquidity_momentum,False
2026-04-30,2026-04-30T23:41:00,2026-04-30T23:40:00,T,T,moex,medium,0.440820116142935,0.45606570649758177,0.10311417735948318,0.7,fresh_kronos_target_free_risk_v1,past_only_cross_sectional_vol_drawdown_liquidity_momentum,False
2026-04-30,2026-04-30T23:41:00,2026-04-30T23:40:00,TATN,TATN,moex,medium,0.11977839498840492,0.7581212453084692,0.1221003597031258,1.0,fresh_kronos_target_free_risk_v1,past_only_cross_sectional_vol_drawdown_liquidity_momentum,False
2026-04-30,2026-04-30T23:41:00,2026-04-30T23:40:00,UGLD,UGLD,moex,high,0.07842077565292115,0.29686838363108586,0.624710840715993,1.0,fresh_kronos_target_free_risk_v1,past_only_cross_sectional_vol_drawdown_liquidity_momentum,False
2026-04-30,2026-04-30T23:41:00,2026-04-30T23:40:00,VKCO,VKCO,moex,high,0.09490052996992916,0.39671942393468207,0.5083800460953887,1.0,fresh_kronos_target_free_risk_v1,past_only_cross_sectional_vol_drawdown_liquidity_momentum,False
2026-04-30,2026-04-30T23:41:00,2026-04-30T23:40:00,VTBR,VTBR,moex,low,0.658172948424581,0.26866566790061175,0.0731613836748073,1.0,fresh_kronos_target_free_risk_v1,past_only_cross_sectional_vol_drawdown_liquidity_momentum,False
2026-04-30,2026-04-30T23:41:00,2026-04-30T23:40:00,WUSH,WUSH,moex,high,0.05591164047122572,0.18526228835804537,0.758826071170729,1.0,fresh_kronos_target_free_risk_v1,past_only_cross_sectional_vol_drawdown_liquidity_momentum,False
2026-04-30,2026-04-30T23:41:00,2026-04-30T23:40:00,X5,X5,moex,low,0.7171873725627017,0.21949668612011602,0.06331594131718224,1.0,fresh_kronos_target_free_risk_v1,past_only_cross_sectional_vol_drawdown_liquidity_momentum,False
2026-04-30,2026-04-30T23:41:00,2026-04-30T23:40:00,YDEX,YDEX,moex,medium,0.1814814480351273,0.6972565592641788,0.12126199270069386,1.0,fresh_kronos_target_free_risk_v1,past_only_cross_sectional_vol_drawdown_liquidity_momentum,False
2026-05-31,2026-05-31T18:51:00,2026-05-31T18:50:00,AFKS,AFKS,moex,medium,0.11975245145851324,0.7585636474667905,0.12168390107469623,1.0,fresh_kronos_target_free_risk_v1,past_only_cross_sectional_vol_drawdown_liquidity_momentum,False
2026-05-31,2026-05-31T18:51:00,2026-05-31T18:50:00,AFLT,AFLT,moex,medium,0.39906458701739767,0.4933028452512826,0.10763256773131986,1.0,fresh_kronos_target_free_risk_v1,past_only_cross_sectional_vol_drawdown_liquidity_momentum,False
2026-05-31,2026-05-31T18:51:00,2026-05-31T18:50:00,ALRS,ALRS,moex,high,0.09607219277436885,0.4046813296107395,0.49924647761489166,1.0,fresh_kronos_target_free_risk_v1,past_only_cross_sectional_vol_drawdown_liquidity_momentum,False
2026-05-31,2026-05-31T18:51:00,2026-05-31T18:50:00,ASTR,ASTR,moex,medium,0.37075778724951475,0.5188158404507949,0.11042637229969035,1.0,fresh_kronos_target_free_risk_v1,past_only_cross_sectional_vol_drawdown_liquidity_momentum,False
2026-05-31,2026-05-31T18:51:00,2026-05-31T18:50:00,BSPB,BSPB,moex,medium,0.11723980921044465,0.5964655513073467,0.2862946394822086,1.0,fresh_kronos_target_free_risk_v1,past_only_cross_sectional_vol_drawdown_liquidity_momentum,False
2026-05-31,2026-05-31T18:51:00,2026-05-31T18:50:00,CBOM,CBOM,moex,high,0.06991726387173368,0.25197064643155054,0.6781120896967158,1.0,fresh_kronos_target_free_risk_v1,past_only_cross_sectional_vol_drawdown_liquidity_momentum,False
2026-05-31,2026-05-31T18:51:00,2026-05-31T18:50:00,CHMF,CHMF,moex,medium,0.1211738310597444,0.6873379790795044,0.19148818986075122,1.0,fresh_kronos_target_free_risk_v1,past_only_cross_sectional_vol_drawdown_liquidity_momentum,False
2026-05-31,2026-05-31T18:51:00,2026-05-31T18:50:00,CNRU,CNRU,moex,medium,0.1873180490457494,0.6914618427471521,0.12122010820709872,1.0,fresh_kronos_target_free_risk_v1,past_only_cross_sectional_vol_drawdown_liquidity_momentum,False
2026-05-31,2026-05-31T18:51:00,2026-05-31T18:50:00,DOMRF,DOMRF,moex,low,0.5155855237354314,0.39045127834364635,0.0939631979209221,1.0,fresh_kronos_target_free_risk_v1,past_only_cross_sectional_vol_drawdown_liquidity_momentum,False
2026-05-31,2026-05-31T18:51:00,2026-05-31T18:50:00,ENPG,ENPG,moex,high,0.10196722012399363,0.44722033395720656,0.4508124459187998,1.0,fresh_kronos_target_free_risk_v1,past_only_cross_sectional_vol_drawdown_liquidity_momentum,False
2026-05-31,2026-05-31T18:51:00,2026-05-31T18:50:00,FEES,FEES,moex,high,0.06806389938142303,0.24265652370185783,0.6892795769167191,1.0,fresh_kronos_target_free_risk_v1,past_only_cross_sectional_vol_drawdown_liquidity_momentum,False
2026-05-31,2026-05-31T18:51:00,2026-05-31T18:50:00,FLOT,FLOT,moex,medium,0.14356188894735453,0.7356586527246415,0.12077945832800392,1.0,fresh_kronos_target_free_risk_v1,past_only_cross_sectional_vol_drawdown_liquidity_momentum,False
2026-05-31,2026-05-31T18:51:00,2026-05-31T18:50:00,GAZP,GAZP,moex,medium,0.18321754820394592,0.6955300625443456,0.12125238925170845,1.0,fresh_kronos_target_free_risk_v1,past_only_cross_sectional_vol_drawdown_liquidity_momentum,False
2026-05-31,2026-05-31T18:51:00,2026-05-31T18:50:00,GMKN,GMKN,moex,medium,0.2572104861371906,0.6238405219424524,0.11894899192035704,1.0,fresh_kronos_target_free_risk_v1,past_only_cross_sectional_vol_drawdown_liquidity_momentum,False
2026-05-31,2026-05-31T18:51:00,2026-05-31T18:50:00,HEAD,HEAD,moex,medium,0.12121997120358602,0.7142312853647268,0.1645487434316872,1.0,fresh_kronos_target_free_risk_v1,past_only_cross_sectional_vol_drawdown_liquidity_momentum,False
2026-05-31,2026-05-31T18:51:00,2026-05-31T18:50:00,HYDR,HYDR,moex,medium,0.12043239995390145,0.745077767829692,0.1344898322164065,1.0,fresh_kronos_target_free_risk_v1,past_only_cross_sectional_vol_drawdown_liquidity_momentum,False
2026-05-31,2026-05-31T18:51:00,2026-05-31T18:50:00,IRAO,IRAO,moex,low,0.6233619545064295,0.2980100874532874,0.07862795804028308,1.0,fresh_kronos_target_free_risk_v1,past_only_cross_sectional_vol_drawdown_liquidity_momentum,False
2026-05-31,2026-05-31T18:51:00,2026-05-31T18:50:00,LKOH,LKOH,moex,medium,0.26242221567752694,0.6189068129791105,0.11867097134336249,1.0,fresh_kronos_target_free_risk_v1,past_only_cross_sectional_vol_drawdown_liquidity_momentum,False
2026-05-31,2026-05-31T18:51:00,2026-05-31T18:50:00,MAGN,MAGN,moex,medium,0.12070702134597741,0.6652522541597224,0.21404072449430023,1.0,fresh_kronos_target_free_risk_v1,past_only_cross_sectional_vol_drawdown_liquidity_momentum,False
2026-05-31,2026-05-31T18:51:00,2026-05-31T18:50:00,MGNT,MGNT,moex,medium,0.11409885100819725,0.5568328954656832,0.32906825352611974,1.0,fresh_kronos_target_free_risk_v1,past_only_cross_sectional_vol_drawdown_liquidity_momentum,False
2026-05-31,2026-05-31T18:51:00,2026-05-31T18:50:00,MOEX,MOEX,moex,low,0.6477605208766771,0.2774167980818485,0.07482268104147438,1.0,fresh_kronos_target_free_risk_v1,past_only_cross_sectional_vol_drawdown_liquidity_momentum,False
2026-05-31,2026-05-31T18:51:00,2026-05-31T18:50:00,MTLR,MTLR,moex,high,0.05635867604107167,0.1872671478757791,0.7563741760831492,1.0,fresh_kronos_target_free_risk_v1,past_only_cross_sectional_vol_drawdown_liquidity_momentum,False
2026-05-31,2026-05-31T18:51:00,2026-05-31T18:50:00,MTSS,MTSS,moex,low,0.7167997134777,0.21981723738459974,0.06338304913770039,1.0,fresh_kronos_target_free_risk_v1,past_only_cross_sectional_vol_drawdown_liquidity_momentum,False
2026-05-31,2026-05-31T18:51:00,2026-05-31T18:50:00,NLMK,NLMK,moex,medium,0.12047436476874787,0.6578895037484245,0.2216361314828277,1.0,fresh_kronos_target_free_risk_v1,past_only_cross_sectional_vol_drawdown_liquidity_momentum,False
2026-05-31,2026-05-31T18:51:00,2026-05-31T18:50:00,NVTK,NVTK,moex,medium,0.1577237625867139,0.7211485611715936,0.12112767624169264,1.0,fresh_kronos_target_free_risk_v1,past_only_cross_sectional_vol_drawdown_liquidity_momentum,False
2026-05-31,2026-05-31T18:51:00,2026-05-31T18:50:00,OZON,OZON,moex,medium,0.16481588227708943,0.7139614618425014,0.12122265588040908,1.0,fresh_kronos_target_free_risk_v1,past_only_cross_sectional_vol_drawdown_liquidity_momentum,False
2026-05-31,2026-05-31T18:51:00,2026-05-31T18:50:00,PHOR,PHOR,moex,medium,0.15112894442579922,0.7278779689033054,0.12099308667089549,1.0,fresh_kronos_target_free_risk_v1,past_only_cross_sectional_vol_drawdown_liquidity_momentum,False
2026-05-31,2026-05-31T18:51:00,2026-05-31T18:50:00,PIKK,PIKK,moex,low,0.7907115362643423,0.15932294116921777,0.049965522566439775,1.0,fresh_kronos_target_free_risk_v1,past_only_cross_sectional_vol_drawdown_liquidity_momentum,False
2026-05-31,2026-05-31T18:51:00,2026-05-31T18:50:00,PLZL,PLZL,moex,medium,0.2914597838462161,0.5916421841483591,0.1168980320054247,1.0,fresh_kronos_target_free_risk_v1,past_only_cross_sectional_vol_drawdown_liquidity_momentum,False
2026-05-31,2026-05-31T18:51:00,2026-05-31T18:50:00,POSI,POSI,moex,medium,0.10375628705645655,0.4611137484532497,0.4351299644902938,1.0,fresh_kronos_target_free_risk_v1,past_only_cross_sectional_vol_drawdown_liquidity_momentum,False
2026-05-31,2026-05-31T18:51:00,2026-05-31T18:50:00,RAGR,RAGR,moex,medium,0.10475259875249657,0.46909315224692916,0.42615424900057425,1.0,fresh_kronos_target_free_risk_v1,past_only_cross_sectional_vol_drawdown_liquidity_momentum,False
2026-05-31,2026-05-31T18:51:00,2026-05-31T18:50:00,RNFT,RNFT,moex,high,0.056807400241153404,0.18928742047913708,0.7539051792797096,1.0,fresh_kronos_target_free_risk_v1,past_only_cross_sectional_vol_drawdown_liquidity_momentum,False
2026-05-31,2026-05-31T18:51:00,2026-05-31T18:50:00,ROSN,ROSN,moex,medium,0.16481588227708935,0.7139614618425015,0.12122265588040908,1.0,fresh_kronos_target_free_risk_v1,past_only_cross_sectional_vol_drawdown_liquidity_momentum,False
2026-05-31,2026-05-31T18:51:00,2026-05-31T18:50:00,RTKM,RTKM,moex,medium,0.22839440551993936,0.6513674897101023,0.12023810476995843,1.0,fresh_kronos_target_free_risk_v1,past_only_cross_sectional_vol_drawdown_liquidity_momentum,False
2026-05-31,2026-05-31T18:51:00,2026-05-31T18:50:00,RUAL,RUAL,moex,medium,0.11346118122214155,0.5497484240459951,0.33679039473186334,1.0,fresh_kronos_target_free_risk_v1,past_only_cross_sectional_vol_drawdown_liquidity_momentum,False
2026-05-31,2026-05-31T18:51:00,2026-05-31T18:50:00,SBER,SBER,moex,low,0.8710874016874809,0.09517738091984032,0.03373521739267871,1.0,fresh_kronos_target_free_risk_v1,past_only_cross_sectional_vol_drawdown_liquidity_momentum,False
2026-05-31,2026-05-31T18:51:00,2026-05-31T18:50:00,SGZH,SGZH,moex,high,0.06649360051358025,0.23488727310756102,0.6986191263788587,1.0,fresh_kronos_target_free_risk_v1,past_only_cross_sectional_vol_drawdown_liquidity_momentum,False
2026-05-31,2026-05-31T18:51:00,2026-05-31T18:50:00,SIBN,SIBN,moex,medium,0.41301287950794113,0.48081317145747227,0.10617394903458653,1.0,fresh_kronos_target_free_risk_v1,past_only_cross_sectional_vol_drawdown_liquidity_momentum,False
2026-05-31,2026-05-31T18:51:00,2026-05-31T18:50:00,SMLT,SMLT,moex,high,0.057386764433854646,0.19190753969705288,0.7507056958690925,1.0,fresh_kronos_target_free_risk_v1,past_only_cross_sectional_vol_drawdown_liquidity_momentum,False
2026-05-31,2026-05-31T18:51:00,2026-05-31T18:50:00,SNGS,SNGS,moex,medium,0.2469895985519183,0.6335546258001833,0.11945577564789842,1.0,fresh_kronos_target_free_risk_v1,past_only_cross_sectional_vol_drawdown_liquidity_momentum,False
2026-05-31,2026-05-31T18:51:00,2026-05-31T18:50:00,SPBE,SPBE,moex,high,0.07260808062023758,0.2657819455280676,0.6616099738516948,1.0,fresh_kronos_target_free_risk_v1,past_only_cross_sectional_vol_drawdown_liquidity_momentum,False
2026-05-31,2026-05-31T18:51:00,2026-05-31T18:50:00,SVCB,SVCB,moex,medium,0.3445990148951174,0.5426049187857158,0.11279606631916678,1.0,fresh_kronos_target_free_risk_v1,past_only_cross_sectional_vol_drawdown_liquidity_momentum,False
2026-05-31,2026-05-31T18:51:00,2026-05-31T18:50:00,T,T,moex,low,0.6516827093521638,0.2741177617268026,0.07419952892103364,0.95,fresh_kronos_target_free_risk_v1,past_only_cross_sectional_vol_drawdown_liquidity_momentum,False
2026-05-31,2026-05-31T18:51:00,2026-05-31T18:50:00,TATN,TATN,moex,medium,0.1212669972665052,0.6984018850600403,0.18033111767345456,1.0,fresh_kronos_target_free_risk_v1,past_only_cross_sectional_vol_drawdown_liquidity_momentum,False
2026-05-31,2026-05-31T18:51:00,2026-05-31T18:50:00,UGLD,UGLD,moex,high,0.059206044584638934,0.20022137734946557,0.7405725780658956,1.0,fresh_kronos_target_free_risk_v1,past_only_cross_sectional_vol_drawdown_liquidity_momentum,False
2026-05-31,2026-05-31T18:51:00,2026-05-31T18:50:00,VKCO,VKCO,moex,medium,0.1143734057103171,0.5599618096520538,0.3256647846376292,1.0,fresh_kronos_target_free_risk_v1,past_only_cross_sectional_vol_drawdown_liquidity_momentum,False
2026-05-31,2026-05-31T18:51:00,2026-05-31T18:50:00,VTBR,VTBR,moex,medium,0.12031232978477494,0.6533357154881946,0.22635195472703049,1.0,fresh_kronos_target_free_risk_v1,past_only_cross_sectional_vol_drawdown_liquidity_momentum,False
2026-05-31,2026-05-31T18:51:00,2026-05-31T18:50:00,WUSH,WUSH,moex,high,0.04368156374625226,0.13334318335148895,0.8229752529022588,1.0,fresh_kronos_target_free_risk_v1,past_only_cross_sectional_vol_drawdown_liquidity_momentum,False
2026-05-31,2026-05-31T18:51:00,2026-05-31T18:50:00,X5,X5,moex,low,0.6385296778978639,0.2851935735201187,0.0762767485820174,1.0,fresh_kronos_target_free_risk_v1,past_only_cross_sectional_vol_drawdown_liquidity_momentum,False
2026-05-31,2026-05-31T18:51:00,2026-05-31T18:50:00,YDEX,YDEX,moex,low,0.5717588763822332,0.34196806575534255,0.08627305786242426,1.0,fresh_kronos_target_free_risk_v1,past_only_cross_sectional_vol_drawdown_liquidity_momentum,False
2026-06-19,2026-06-19T23:41:00,2026-06-19T23:40:00,AFKS,AFKS,moex,medium,0.3286418458298355,0.5572246852810738,0.11413346888909072,1.0,fresh_kronos_target_free_risk_v1,past_only_cross_sectional_vol_drawdown_liquidity_momentum,False
2026-06-19,2026-06-19T23:41:00,2026-06-19T23:40:00,AFLT,AFLT,moex,medium,0.3564667316038033,0.5317858740940157,0.11174739430218099,1.0,fresh_kronos_target_free_risk_v1,past_only_cross_sectional_vol_drawdown_liquidity_momentum,False
2026-06-19,2026-06-19T23:41:00,2026-06-19T23:40:00,ALRS,ALRS,moex,high,0.09643841115444622,0.4072000460041059,0.49636154284144784,1.0,fresh_kronos_target_free_risk_v1,past_only_cross_sectional_vol_drawdown_liquidity_momentum,False
2026-06-19,2026-06-19T23:41:00,2026-06-19T23:40:00,ASTR,ASTR,moex,high,0.043077311542559456,0.1309213084925392,0.8260013799649014,1.0,fresh_kronos_target_free_risk_v1,past_only_cross_sectional_vol_drawdown_liquidity_momentum,False
2026-06-19,2026-06-19T23:41:00,2026-06-19T23:40:00,BSPB,BSPB,moex,medium,0.11813329613927628,0.6099723420358889,0.2718943618248348,1.0,fresh_kronos_target_free_risk_v1,past_only_cross_sectional_vol_drawdown_liquidity_momentum,False
2026-06-19,2026-06-19T23:41:00,2026-06-19T23:40:00,CBOM,CBOM,moex,medium,0.10602439128343125,0.47956007541064855,0.4144155333059201,1.0,fresh_kronos_target_free_risk_v1,past_only_cross_sectional_vol_drawdown_liquidity_momentum,False
2026-06-19,2026-06-19T23:41:00,2026-06-19T23:40:00,CHMF,CHMF,moex,medium,0.12113201782228578,0.7208859972297114,0.15798198494800272,1.0,fresh_kronos_target_free_risk_v1,past_only_cross_sectional_vol_drawdown_liquidity_momentum,False
2026-06-19,2026-06-19T23:41:00,2026-06-19T23:40:00,CNRU,CNRU,moex,low,0.5247007720693088,0.3825380563873781,0.09276117154331315,1.0,fresh_kronos_target_free_risk_v1,past_only_cross_sectional_vol_drawdown_liquidity_momentum,False
2026-06-19,2026-06-19T23:41:00,2026-06-19T23:40:00,DOMRF,DOMRF,moex,low,0.614773997384362,0.3052877322541726,0.07993827036146538,1.0,fresh_kronos_target_free_risk_v1,past_only_cross_sectional_vol_drawdown_liquidity_momentum,False
2026-06-19,2026-06-19T23:41:00,2026-06-19T23:40:00,ENPG,ENPG,moex,high,0.07496117168864715,0.27815270700748346,0.6468861213038694,1.0,fresh_kronos_target_free_risk_v1,past_only_cross_sectional_vol_drawdown_liquidity_momentum,False
2026-06-19,2026-06-19T23:41:00,2026-06-19T23:40:00,FEES,FEES,moex,high,0.07468419346546158,0.2766818996419543,0.648633906892584,1.0,fresh_kronos_target_free_risk_v1,past_only_cross_sectional_vol_drawdown_liquidity_momentum,False
2026-06-19,2026-06-19T23:41:00,2026-06-19T23:40:00,FLOT,FLOT,moex,medium,0.12633231413214194,0.7536407901289269,0.12002689573893105,1.0,fresh_kronos_target_free_risk_v1,past_only_cross_sectional_vol_drawdown_liquidity_momentum,False
2026-06-19,2026-06-19T23:41:00,2026-06-19T23:40:00,GAZP,GAZP,moex,low,0.4843433761322707,0.41771279789254884,0.09794382597518045,1.0,fresh_kronos_target_free_risk_v1,past_only_cross_sectional_vol_drawdown_liquidity_momentum,False
2026-06-19,2026-06-19T23:41:00,2026-06-19T23:40:00,GMKN,GMKN,moex,medium,0.21731982445457163,0.6620692209962488,0.12061095454917964,1.0,fresh_kronos_target_free_risk_v1,past_only_cross_sectional_vol_drawdown_liquidity_momentum,False
2026-06-19,2026-06-19T23:41:00,2026-06-19T23:40:00,HEAD,HEAD,moex,medium,0.34285646101427986,0.5441973074254655,0.11294623156025466,1.0,fresh_kronos_target_free_risk_v1,past_only_cross_sectional_vol_drawdown_liquidity_momentum,False
2026-06-19,2026-06-19T23:41:00,2026-06-19T23:40:00,HYDR,HYDR,moex,high,0.07026146137287208,0.25371800814234896,0.676020530484779,1.0,fresh_kronos_target_free_risk_v1,past_only_cross_sectional_vol_drawdown_liquidity_momentum,False
2026-06-19,2026-06-19T23:41:00,2026-06-19T23:40:00,IRAO,IRAO,moex,medium,0.10597439151449034,0.47914222568609804,0.4148833827994116,1.0,fresh_kronos_target_free_risk_v1,past_only_cross_sectional_vol_drawdown_liquidity_momentum,False
2026-06-19,2026-06-19T23:41:00,2026-06-19T23:40:00,LKOH,LKOH,moex,medium,0.16428194967940302,0.7145008285879604,0.1212172217326367,1.0,fresh_kronos_target_free_risk_v1,past_only_cross_sectional_vol_drawdown_liquidity_momentum,False
2026-06-19,2026-06-19T23:41:00,2026-06-19T23:40:00,MAGN,MAGN,moex,medium,0.12118272546705985,0.7174473278860428,0.16136994664689733,1.0,fresh_kronos_target_free_risk_v1,past_only_cross_sectional_vol_drawdown_liquidity_momentum,False
2026-06-19,2026-06-19T23:41:00,2026-06-19T23:40:00,MGNT,MGNT,moex,medium,0.1212356442861783,0.6932121777779177,0.185552177935904,1.0,fresh_kronos_target_free_risk_v1,past_only_cross_sectional_vol_drawdown_liquidity_momentum,False
2026-06-19,2026-06-19T23:41:00,2026-06-19T23:40:00,MOEX,MOEX,moex,low,0.6768580220183256,0.25301822824969566,0.07012374973197878,1.0,fresh_kronos_target_free_risk_v1,past_only_cross_sectional_vol_drawdown_liquidity_momentum,False
2026-06-19,2026-06-19T23:41:00,2026-06-19T23:40:00,MTLR,MTLR,moex,high,0.05147916553242798,0.1657991594535902,0.7827216750139818,1.0,fresh_kronos_target_free_risk_v1,past_only_cross_sectional_vol_drawdown_liquidity_momentum,False
2026-06-19,2026-06-19T23:41:00,2026-06-19T23:40:00,MTSS,MTSS,moex,low,0.8107442455806705,0.14315853428029487,0.046097220139034556,1.0,fresh_kronos_target_free_risk_v1,past_only_cross_sectional_vol_drawdown_liquidity_momentum,False
2026-06-19,2026-06-19T23:41:00,2026-06-19T23:40:00,NLMK,NLMK,moex,medium,0.12085454436665455,0.7331774132727926,0.14596804236055283,1.0,fresh_kronos_target_free_risk_v1,past_only_cross_sectional_vol_drawdown_liquidity_momentum,False
2026-06-19,2026-06-19T23:41:00,2026-06-19T23:40:00,NVTK,NVTK,moex,medium,0.1235675739591078,0.7565647824489781,0.11986764359191411,1.0,fresh_kronos_target_free_risk_v1,past_only_cross_sectional_vol_drawdown_liquidity_momentum,False
2026-06-19,2026-06-19T23:41:00,2026-06-19T23:40:00,OZON,OZON,moex,medium,0.17550513273863888,0.7032189462080761,0.12127592105328494,1.0,fresh_kronos_target_free_risk_v1,past_only_cross_sectional_vol_drawdown_liquidity_momentum,False
2026-06-19,2026-06-19T23:41:00,2026-06-19T23:40:00,PHOR,PHOR,moex,medium,0.2226407779476518,0.6569182696339522,0.12044095241839602,1.0,fresh_kronos_target_free_risk_v1,past_only_cross_sectional_vol_drawdown_liquidity_momentum,False
2026-06-19,2026-06-19T23:41:00,2026-06-19T23:40:00,PIKK,PIKK,moex,medium,0.15849945197834273,0.7203600350885332,0.12114051293312404,1.0,fresh_kronos_target_free_risk_v1,past_only_cross_sectional_vol_drawdown_liquidity_momentum,False
2026-06-19,2026-06-19T23:41:00,2026-06-19T23:40:00,PLZL,PLZL,moex,medium,0.30399169457327574,0.5799839208886238,0.11602438453810054,1.0,fresh_kronos_target_free_risk_v1,past_only_cross_sectional_vol_drawdown_liquidity_momentum,False
2026-06-19,2026-06-19T23:41:00,2026-06-19T23:40:00,POSI,POSI,moex,medium,0.10647106882861228,0.4833172614655299,0.41021166970585776,1.0,fresh_kronos_target_free_risk_v1,past_only_cross_sectional_vol_drawdown_liquidity_momentum,False
2026-06-19,2026-06-19T23:41:00,2026-06-19T23:40:00,RAGR,RAGR,moex,medium,0.12060313439392047,0.740781176972454,0.13861568863362542,1.0,fresh_kronos_target_free_risk_v1,past_only_cross_sectional_vol_drawdown_liquidity_momentum,False
2026-06-19,2026-06-19T23:41:00,2026-06-19T23:40:00,RNFT,RNFT,moex,high,0.05445505593052131,0.17878352199417927,0.7667614220752993,1.0,fresh_kronos_target_free_risk_v1,past_only_cross_sectional_vol_drawdown_liquidity_momentum,False
2026-06-19,2026-06-19T23:41:00,2026-06-19T23:40:00,ROSN,ROSN,moex,medium,0.13381229107702122,0.7457854848540619,0.12040222406891675,1.0,fresh_kronos_target_free_risk_v1,past_only_cross_sectional_vol_drawdown_liquidity_momentum,False
2026-06-19,2026-06-19T23:41:00,2026-06-19T23:40:00,RTKM,RTKM,moex,medium,0.14572594141201173,0.733426761131527,0.12084729745646115,1.0,fresh_kronos_target_free_risk_v1,past_only_cross_sectional_vol_drawdown_liquidity_momentum,False
2026-06-19,2026-06-19T23:41:00,2026-06-19T23:40:00,RUAL,RUAL,moex,high,0.10152268576539149,0.4438480519784595,0.4546292622561489,1.0,fresh_kronos_target_free_risk_v1,past_only_cross_sectional_vol_drawdown_liquidity_momentum,False
2026-06-19,2026-06-19T23:41:00,2026-06-19T23:40:00,SBER,SBER,moex,low,0.8689438775977991,0.0968611529763311,0.03419496942586972,1.0,fresh_kronos_target_free_risk_v1,past_only_cross_sectional_vol_drawdown_liquidity_momentum,False
2026-06-19,2026-06-19T23:41:00,2026-06-19T23:40:00,SGZH,SGZH,moex,high,0.07952486527992207,0.302980892836154,0.6174942418839239,1.0,fresh_kronos_target_free_risk_v1,past_only_cross_sectional_vol_drawdown_liquidity_momentum,False
2026-06-19,2026-06-19T23:41:00,2026-06-19T23:40:00,SIBN,SIBN,moex,medium,0.3555814873539394,0.5325913552239759,0.11182715742208468,1.0,fresh_kronos_target_free_risk_v1,past_only_cross_sectional_vol_drawdown_liquidity_momentum,False
2026-06-19,2026-06-19T23:41:00,2026-06-19T23:40:00,SMLT,SMLT,moex,high,0.07074377701239447,0.256175965921724,0.6730802570658815,1.0,fresh_kronos_target_free_risk_v1,past_only_cross_sectional_vol_drawdown_liquidity_momentum,False
2026-06-19,2026-06-19T23:41:00,2026-06-19T23:40:00,SNGS,SNGS,moex,medium,0.24519311546352643,0.6352674723080575,0.11953941222841608,1.0,fresh_kronos_target_free_risk_v1,past_only_cross_sectional_vol_drawdown_liquidity_momentum,False
2026-06-19,2026-06-19T23:41:00,2026-06-19T23:40:00,SPBE,SPBE,moex,medium,0.11602438453810052,0.5799839208886235,0.3039916945732759,1.0,fresh_kronos_target_free_risk_v1,past_only_cross_sectional_vol_drawdown_liquidity_momentum,False
2026-06-19,2026-06-19T23:41:00,2026-06-19T23:40:00,SVCB,SVCB,moex,medium,0.30481041125690145,0.579224407900691,0.11596518084240766,1.0,fresh_kronos_target_free_risk_v1,past_only_cross_sectional_vol_drawdown_liquidity_momentum,False
2026-06-19,2026-06-19T23:41:00,2026-06-19T23:40:00,T,T,moex,low,0.4992464776148919,0.4046813296107392,0.0960721927743688,1.0,fresh_kronos_target_free_risk_v1,past_only_cross_sectional_vol_drawdown_liquidity_momentum,False
2026-06-19,2026-06-19T23:41:00,2026-06-19T23:40:00,TATN,TATN,moex,medium,0.12251803671911743,0.757677821485088,0.11980414179579456,1.0,fresh_kronos_target_free_risk_v1,past_only_cross_sectional_vol_drawdown_liquidity_momentum,False
2026-06-19,2026-06-19T23:41:00,2026-06-19T23:40:00,UGLD,UGLD,moex,high,0.07683046674006307,0.2881846048442146,0.6349849284157224,1.0,fresh_kronos_target_free_risk_v1,past_only_cross_sectional_vol_drawdown_liquidity_momentum,False
2026-06-19,2026-06-19T23:41:00,2026-06-19T23:40:00,VKCO,VKCO,moex,medium,0.16750628660514758,0.711247793059614,0.12124592033523829,1.0,fresh_kronos_target_free_risk_v1,past_only_cross_sectional_vol_drawdown_liquidity_momentum,False
2026-06-19,2026-06-19T23:41:00,2026-06-19T23:40:00,VTBR,VTBR,moex,medium,0.16374939679193087,0.7150390744599994,0.12121152874806977,1.0,fresh_kronos_target_free_risk_v1,past_only_cross_sectional_vol_drawdown_liquidity_momentum,False
2026-06-19,2026-06-19T23:41:00,2026-06-19T23:40:00,WUSH,WUSH,moex,high,0.04581199756680656,0.14198849205100958,0.8121995103821839,1.0,fresh_kronos_target_free_risk_v1,past_only_cross_sectional_vol_drawdown_liquidity_momentum,False
2026-06-19,2026-06-19T23:41:00,2026-06-19T23:40:00,X5,X5,moex,low,0.7650521487360307,0.18017777453169612,0.05477007673227315,1.0,fresh_kronos_target_free_risk_v1,past_only_cross_sectional_vol_drawdown_liquidity_momentum,False
2026-06-19,2026-06-19T23:41:00,2026-06-19T23:40:00,YDEX,YDEX,moex,low,0.654285892193745,0.2719299237864201,0.07378418401983491,1.0,fresh_kronos_target_free_risk_v1,past_only_cross_sectional_vol_drawdown_liquidity_momentum,False
