wall_time,latest_candle,symbol,score,score_minus_median,short_rank,long_rank,tradable,has_live_price,price,marketdata_price,candle_price,is_selected_candidate,candidate_reason,candidate_weight,filter_pass,trade_mode,alpha_name,policy_gross,policy_confidence_min,policy_rebalance_every,validation_return_pct,worst_validation_segment_return_pct
2026-06-22T17:29:25,2026-06-22 17:00:00,ASTR,-16.243778228759766,-4.9797821044921875,9.0,42.0,True,True,155.8,155.8,154.75,False,validation_gate_passed,0.0,True,short_only,voladj_mom_96,1.5,0.0,24,28.376162144185948,0.828655805029288
2026-06-22T17:29:25,2026-06-22 17:00:00,CBOM,-5.675910949707031,5.588085174560547,46.0,5.0,True,True,8.223,8.223,8.189,False,validation_gate_passed,0.0,True,short_only,voladj_mom_96,1.5,0.0,24,28.376162144185948,0.828655805029288
2026-06-22T17:29:25,2026-06-22 17:00:00,CNRU,-25.053476333618164,-13.789480209350586,1.0,50.0,True,True,548.0,548.0,548.6,True,validation_gate_passed,-0.5,True,short_only,voladj_mom_96,1.5,0.0,24,28.376162144185948,0.828655805029288
2026-06-22T17:29:25,2026-06-22 17:00:00,FLOT,-4.077038764953613,7.186957359313965,48.0,3.0,True,True,74.46,74.46,74.49,False,validation_gate_passed,0.0,True,short_only,voladj_mom_96,1.5,0.0,24,28.376162144185948,0.828655805029288
2026-06-22T17:29:25,2026-06-22 17:00:00,GAZP,-16.451892852783203,-5.187896728515625,8.0,43.0,True,True,99.56,99.56,99.14,False,validation_gate_passed,0.0,True,short_only,voladj_mom_96,1.5,0.0,24,28.376162144185948,0.828655805029288
2026-06-22T17:29:25,2026-06-22 17:00:00,HEAD,-6.180312633514404,5.083683490753174,45.0,6.0,True,True,2680.0,2680.0,2672.0,False,validation_gate_passed,0.0,True,short_only,voladj_mom_96,1.5,0.0,24,28.376162144185948,0.828655805029288
2026-06-22T17:29:25,2026-06-22 17:00:00,HYDR,-6.995993614196777,4.268002510070801,43.0,8.0,True,True,0.316,0.316,0.3164,False,validation_gate_passed,0.0,True,short_only,voladj_mom_96,1.5,0.0,24,28.376162144185948,0.828655805029288
2026-06-22T17:29:25,2026-06-22 17:00:00,MOEX,-5.652890682220459,5.611105442047119,47.0,4.0,True,True,165.46,165.46,165.33,False,validation_gate_passed,0.0,True,short_only,voladj_mom_96,1.5,0.0,24,28.376162144185948,0.828655805029288
2026-06-22T17:29:25,2026-06-22 17:00:00,MTLR,-17.526992797851562,-6.262996673583984,7.0,44.0,True,True,39.81,39.81,39.86,False,validation_gate_passed,0.0,True,short_only,voladj_mom_96,1.5,0.0,24,28.376162144185948,0.828655805029288
2026-06-22T17:29:25,2026-06-22 17:00:00,NLMK,-17.903499603271484,-6.639503479003906,5.0,46.0,True,True,65.0,65.0,64.64,False,validation_gate_passed,0.0,True,short_only,voladj_mom_96,1.5,0.0,24,28.376162144185948,0.828655805029288
2026-06-22T17:29:25,2026-06-22 17:00:00,OZON,-6.719889163970947,4.544106960296631,44.0,7.0,True,True,3640.0,3640.0,3639.0,False,validation_gate_passed,0.0,True,short_only,voladj_mom_96,1.5,0.0,24,28.376162144185948,0.828655805029288
2026-06-22T17:29:25,2026-06-22 17:00:00,PLZL,-1.5682865381240845,9.695709586143494,49.0,2.0,True,True,1995.0,1995.0,1991.8,False,validation_gate_passed,0.0,True,short_only,voladj_mom_96,1.5,0.0,24,28.376162144185948,0.828655805029288
2026-06-22T17:29:25,2026-06-22 17:00:00,POSI,-7.056959629058838,4.20703649520874,42.0,9.0,True,True,783.6,783.6,783.6,False,validation_gate_passed,0.0,True,short_only,voladj_mom_96,1.5,0.0,24,28.376162144185948,0.828655805029288
2026-06-22T17:29:25,2026-06-22 17:00:00,RNFT,-20.394208908081055,-9.130212783813477,2.0,49.0,True,True,70.7,70.7,72.05,True,validation_gate_passed,-0.5,True,short_only,voladj_mom_96,1.5,0.0,24,28.376162144185948,0.828655805029288
2026-06-22T17:29:25,2026-06-22 17:00:00,SGZH,-17.58225440979004,-6.318258285522461,6.0,45.0,True,True,0.7195,0.7195,0.7315,False,validation_gate_passed,0.0,True,short_only,voladj_mom_96,1.5,0.0,24,28.376162144185948,0.828655805029288
2026-06-22T17:29:25,2026-06-22 17:00:00,SMLT,-19.24600601196289,-7.9820098876953125,3.0,48.0,True,True,316.4,316.4,315.6,True,validation_gate_passed,-0.5,True,short_only,voladj_mom_96,1.5,0.0,24,28.376162144185948,0.828655805029288
2026-06-22T17:29:25,2026-06-22 17:00:00,SVCB,2.9992594718933105,14.263255596160889,50.0,1.0,True,True,10.78,10.78,10.745,False,validation_gate_passed,0.0,True,short_only,voladj_mom_96,1.5,0.0,24,28.376162144185948,0.828655805029288
2026-06-22T17:29:25,2026-06-22 17:00:00,TATN,-8.004913330078125,3.259082794189453,41.0,10.0,True,True,510.2,510.2,510.4,False,validation_gate_passed,0.0,True,short_only,voladj_mom_96,1.5,0.0,24,28.376162144185948,0.828655805029288
2026-06-22T17:29:25,2026-06-22 17:00:00,VKCO,-19.02825164794922,-7.764255523681641,4.0,47.0,True,True,204.85,204.85,203.3,False,validation_gate_passed,0.0,True,short_only,voladj_mom_96,1.5,0.0,24,28.376162144185948,0.828655805029288
2026-06-22T17:29:25,2026-06-22 17:00:00,VTBR,-15.222043991088867,-3.958047866821289,10.0,41.0,True,True,71.605,71.605,71.525,False,validation_gate_passed,0.0,True,short_only,voladj_mom_96,1.5,0.0,24,28.376162144185948,0.828655805029288
2026-06-22T17:30:42,2026-06-22 17:00:00,ASTR,-16.243778228759766,-4.9797821044921875,9.0,42.0,True,True,155.6,155.6,154.75,False,validation_gate_passed,0.0,True,short_only,voladj_mom_96,1.5,0.0,24,28.376162144185948,0.828655805029288
2026-06-22T17:30:42,2026-06-22 17:00:00,CBOM,-5.675910949707031,5.588085174560547,46.0,5.0,True,True,8.218,8.218,8.189,False,validation_gate_passed,0.0,True,short_only,voladj_mom_96,1.5,0.0,24,28.376162144185948,0.828655805029288
2026-06-22T17:30:42,2026-06-22 17:00:00,CNRU,-25.053476333618164,-13.789480209350586,1.0,50.0,True,True,547.2,547.2,548.6,True,validation_gate_passed,-0.5,True,short_only,voladj_mom_96,1.5,0.0,24,28.376162144185948,0.828655805029288
2026-06-22T17:30:42,2026-06-22 17:00:00,FLOT,-4.077038764953613,7.186957359313965,48.0,3.0,True,True,74.46,74.46,74.49,False,validation_gate_passed,0.0,True,short_only,voladj_mom_96,1.5,0.0,24,28.376162144185948,0.828655805029288
2026-06-22T17:30:42,2026-06-22 17:00:00,GAZP,-16.451892852783203,-5.187896728515625,8.0,43.0,True,True,99.61,99.61,99.14,False,validation_gate_passed,0.0,True,short_only,voladj_mom_96,1.5,0.0,24,28.376162144185948,0.828655805029288
2026-06-22T17:30:42,2026-06-22 17:00:00,HEAD,-6.180312633514404,5.083683490753174,45.0,6.0,True,True,2679.0,2679.0,2672.0,False,validation_gate_passed,0.0,True,short_only,voladj_mom_96,1.5,0.0,24,28.376162144185948,0.828655805029288
2026-06-22T17:30:42,2026-06-22 17:00:00,HYDR,-6.995993614196777,4.268002510070801,43.0,8.0,True,True,0.3161,0.3161,0.3164,False,validation_gate_passed,0.0,True,short_only,voladj_mom_96,1.5,0.0,24,28.376162144185948,0.828655805029288
2026-06-22T17:30:42,2026-06-22 17:00:00,MOEX,-5.652890682220459,5.611105442047119,47.0,4.0,True,True,165.41,165.41,165.33,False,validation_gate_passed,0.0,True,short_only,voladj_mom_96,1.5,0.0,24,28.376162144185948,0.828655805029288
2026-06-22T17:30:42,2026-06-22 17:00:00,MTLR,-17.526992797851562,-6.262996673583984,7.0,44.0,True,True,39.82,39.82,39.86,False,validation_gate_passed,0.0,True,short_only,voladj_mom_96,1.5,0.0,24,28.376162144185948,0.828655805029288
2026-06-22T17:30:42,2026-06-22 17:00:00,NLMK,-17.903499603271484,-6.639503479003906,5.0,46.0,True,True,65.08,65.08,64.64,False,validation_gate_passed,0.0,True,short_only,voladj_mom_96,1.5,0.0,24,28.376162144185948,0.828655805029288
2026-06-22T17:30:42,2026-06-22 17:00:00,OZON,-6.719889163970947,4.544106960296631,44.0,7.0,True,True,3635.5,3635.5,3639.0,False,validation_gate_passed,0.0,True,short_only,voladj_mom_96,1.5,0.0,24,28.376162144185948,0.828655805029288
2026-06-22T17:30:42,2026-06-22 17:00:00,PLZL,-1.5682865381240845,9.695709586143494,49.0,2.0,True,True,1991.6,1991.6,1991.8,False,validation_gate_passed,0.0,True,short_only,voladj_mom_96,1.5,0.0,24,28.376162144185948,0.828655805029288
2026-06-22T17:30:42,2026-06-22 17:00:00,POSI,-7.056959629058838,4.20703649520874,42.0,9.0,True,True,784.0,784.0,783.6,False,validation_gate_passed,0.0,True,short_only,voladj_mom_96,1.5,0.0,24,28.376162144185948,0.828655805029288
2026-06-22T17:30:42,2026-06-22 17:00:00,RNFT,-20.394208908081055,-9.130212783813477,2.0,49.0,True,True,70.7,70.7,72.05,True,validation_gate_passed,-0.5,True,short_only,voladj_mom_96,1.5,0.0,24,28.376162144185948,0.828655805029288
2026-06-22T17:30:42,2026-06-22 17:00:00,SGZH,-17.58225440979004,-6.318258285522461,6.0,45.0,True,True,0.7175,0.7175,0.7315,False,validation_gate_passed,0.0,True,short_only,voladj_mom_96,1.5,0.0,24,28.376162144185948,0.828655805029288
2026-06-22T17:30:42,2026-06-22 17:00:00,SMLT,-19.24600601196289,-7.9820098876953125,3.0,48.0,True,True,316.8,316.8,315.6,True,validation_gate_passed,-0.5,True,short_only,voladj_mom_96,1.5,0.0,24,28.376162144185948,0.828655805029288
2026-06-22T17:30:42,2026-06-22 17:00:00,SVCB,2.9992594718933105,14.263255596160889,50.0,1.0,True,True,10.795,10.795,10.745,False,validation_gate_passed,0.0,True,short_only,voladj_mom_96,1.5,0.0,24,28.376162144185948,0.828655805029288
2026-06-22T17:30:42,2026-06-22 17:00:00,TATN,-8.004913330078125,3.259082794189453,41.0,10.0,True,True,509.7,509.7,510.4,False,validation_gate_passed,0.0,True,short_only,voladj_mom_96,1.5,0.0,24,28.376162144185948,0.828655805029288
2026-06-22T17:30:42,2026-06-22 17:00:00,VKCO,-19.02825164794922,-7.764255523681641,4.0,47.0,True,True,205.2,205.2,203.3,False,validation_gate_passed,0.0,True,short_only,voladj_mom_96,1.5,0.0,24,28.376162144185948,0.828655805029288
2026-06-22T17:30:42,2026-06-22 17:00:00,VTBR,-15.222043991088867,-3.958047866821289,10.0,41.0,True,True,71.685,71.685,71.525,False,validation_gate_passed,0.0,True,short_only,voladj_mom_96,1.5,0.0,24,28.376162144185948,0.828655805029288
2026-06-22T17:31:53,2026-06-22 17:00:00,ASTR,-16.243778228759766,-4.9797821044921875,9.0,42.0,True,True,155.65,155.65,154.75,False,validation_gate_passed,0.0,True,short_only,voladj_mom_96,1.5,0.0,24,28.376162144185948,0.828655805029288
2026-06-22T17:31:53,2026-06-22 17:00:00,CBOM,-5.675910949707031,5.588085174560547,46.0,5.0,True,True,8.211,8.211,8.189,False,validation_gate_passed,0.0,True,short_only,voladj_mom_96,1.5,0.0,24,28.376162144185948,0.828655805029288
2026-06-22T17:31:53,2026-06-22 17:00:00,CNRU,-25.053476333618164,-13.789480209350586,1.0,50.0,True,True,547.6,547.6,548.6,True,validation_gate_passed,-0.5,True,short_only,voladj_mom_96,1.5,0.0,24,28.376162144185948,0.828655805029288
2026-06-22T17:31:53,2026-06-22 17:00:00,FLOT,-4.077038764953613,7.186957359313965,48.0,3.0,True,True,74.51,74.51,74.49,False,validation_gate_passed,0.0,True,short_only,voladj_mom_96,1.5,0.0,24,28.376162144185948,0.828655805029288
2026-06-22T17:31:53,2026-06-22 17:00:00,GAZP,-16.451892852783203,-5.187896728515625,8.0,43.0,True,True,99.62,99.62,99.14,False,validation_gate_passed,0.0,True,short_only,voladj_mom_96,1.5,0.0,24,28.376162144185948,0.828655805029288
2026-06-22T17:31:53,2026-06-22 17:00:00,HEAD,-6.180312633514404,5.083683490753174,45.0,6.0,True,True,2679.0,2679.0,2672.0,False,validation_gate_passed,0.0,True,short_only,voladj_mom_96,1.5,0.0,24,28.376162144185948,0.828655805029288
2026-06-22T17:31:53,2026-06-22 17:00:00,HYDR,-6.995993614196777,4.268002510070801,43.0,8.0,True,True,0.3152,0.3152,0.3164,False,validation_gate_passed,0.0,True,short_only,voladj_mom_96,1.5,0.0,24,28.376162144185948,0.828655805029288
2026-06-22T17:31:53,2026-06-22 17:00:00,MOEX,-5.652890682220459,5.611105442047119,47.0,4.0,True,True,165.77,165.77,165.33,False,validation_gate_passed,0.0,True,short_only,voladj_mom_96,1.5,0.0,24,28.376162144185948,0.828655805029288
2026-06-22T17:31:53,2026-06-22 17:00:00,MTLR,-17.526992797851562,-6.262996673583984,7.0,44.0,True,True,39.79,39.79,39.86,False,validation_gate_passed,0.0,True,short_only,voladj_mom_96,1.5,0.0,24,28.376162144185948,0.828655805029288
2026-06-22T17:31:53,2026-06-22 17:00:00,NLMK,-17.903499603271484,-6.639503479003906,5.0,46.0,True,True,65.18,65.18,64.64,False,validation_gate_passed,0.0,True,short_only,voladj_mom_96,1.5,0.0,24,28.376162144185948,0.828655805029288
2026-06-22T17:31:53,2026-06-22 17:00:00,OZON,-6.719889163970947,4.544106960296631,44.0,7.0,True,True,3636.0,3636.0,3639.0,False,validation_gate_passed,0.0,True,short_only,voladj_mom_96,1.5,0.0,24,28.376162144185948,0.828655805029288
2026-06-22T17:31:53,2026-06-22 17:00:00,PLZL,-1.5682865381240845,9.695709586143494,49.0,2.0,True,True,1991.8,1991.8,1991.8,False,validation_gate_passed,0.0,True,short_only,voladj_mom_96,1.5,0.0,24,28.376162144185948,0.828655805029288
2026-06-22T17:31:53,2026-06-22 17:00:00,POSI,-7.056959629058838,4.20703649520874,42.0,9.0,True,True,785.0,785.0,783.6,False,validation_gate_passed,0.0,True,short_only,voladj_mom_96,1.5,0.0,24,28.376162144185948,0.828655805029288
2026-06-22T17:31:53,2026-06-22 17:00:00,RNFT,-20.394208908081055,-9.130212783813477,2.0,49.0,True,True,71.2,71.2,72.05,True,validation_gate_passed,-0.5,True,short_only,voladj_mom_96,1.5,0.0,24,28.376162144185948,0.828655805029288
2026-06-22T17:31:53,2026-06-22 17:00:00,SGZH,-17.58225440979004,-6.318258285522461,6.0,45.0,True,True,0.716,0.716,0.7315,False,validation_gate_passed,0.0,True,short_only,voladj_mom_96,1.5,0.0,24,28.376162144185948,0.828655805029288
2026-06-22T17:31:53,2026-06-22 17:00:00,SMLT,-19.24600601196289,-7.9820098876953125,3.0,48.0,True,True,316.6,316.6,315.6,True,validation_gate_passed,-0.5,True,short_only,voladj_mom_96,1.5,0.0,24,28.376162144185948,0.828655805029288
2026-06-22T17:31:53,2026-06-22 17:00:00,SVCB,2.9992594718933105,14.263255596160889,50.0,1.0,True,True,10.785,10.785,10.745,False,validation_gate_passed,0.0,True,short_only,voladj_mom_96,1.5,0.0,24,28.376162144185948,0.828655805029288
2026-06-22T17:31:53,2026-06-22 17:00:00,TATN,-8.004913330078125,3.259082794189453,41.0,10.0,True,True,508.9,508.9,510.4,False,validation_gate_passed,0.0,True,short_only,voladj_mom_96,1.5,0.0,24,28.376162144185948,0.828655805029288
2026-06-22T17:31:53,2026-06-22 17:00:00,VKCO,-19.02825164794922,-7.764255523681641,4.0,47.0,True,True,204.55,204.55,203.3,False,validation_gate_passed,0.0,True,short_only,voladj_mom_96,1.5,0.0,24,28.376162144185948,0.828655805029288
2026-06-22T17:31:53,2026-06-22 17:00:00,VTBR,-15.222043991088867,-3.958047866821289,10.0,41.0,True,True,71.63,71.63,71.525,False,validation_gate_passed,0.0,True,short_only,voladj_mom_96,1.5,0.0,24,28.376162144185948,0.828655805029288
2026-06-22T17:33:02,2026-06-22 17:00:00,ASTR,-16.243778228759766,-4.9797821044921875,9.0,42.0,True,True,156.15,156.15,154.75,False,validation_gate_passed,0.0,True,short_only,voladj_mom_96,1.5,0.0,24,28.376162144185948,0.828655805029288
2026-06-22T17:33:02,2026-06-22 17:00:00,CBOM,-5.675910949707031,5.588085174560547,46.0,5.0,True,True,8.231,8.231,8.189,False,validation_gate_passed,0.0,True,short_only,voladj_mom_96,1.5,0.0,24,28.376162144185948,0.828655805029288
2026-06-22T17:33:02,2026-06-22 17:00:00,CNRU,-25.053476333618164,-13.789480209350586,1.0,50.0,True,True,548.0,548.0,548.6,True,validation_gate_passed,-0.5,True,short_only,voladj_mom_96,1.5,0.0,24,28.376162144185948,0.828655805029288
2026-06-22T17:33:02,2026-06-22 17:00:00,FLOT,-4.077038764953613,7.186957359313965,48.0,3.0,True,True,74.49,74.49,74.49,False,validation_gate_passed,0.0,True,short_only,voladj_mom_96,1.5,0.0,24,28.376162144185948,0.828655805029288
2026-06-22T17:33:02,2026-06-22 17:00:00,GAZP,-16.451892852783203,-5.187896728515625,8.0,43.0,True,True,99.55,99.55,99.14,False,validation_gate_passed,0.0,True,short_only,voladj_mom_96,1.5,0.0,24,28.376162144185948,0.828655805029288
2026-06-22T17:33:02,2026-06-22 17:00:00,HEAD,-6.180312633514404,5.083683490753174,45.0,6.0,True,True,2678.0,2678.0,2672.0,False,validation_gate_passed,0.0,True,short_only,voladj_mom_96,1.5,0.0,24,28.376162144185948,0.828655805029288
2026-06-22T17:33:02,2026-06-22 17:00:00,HYDR,-6.995993614196777,4.268002510070801,43.0,8.0,True,True,0.3163,0.3163,0.3164,False,validation_gate_passed,0.0,True,short_only,voladj_mom_96,1.5,0.0,24,28.376162144185948,0.828655805029288
2026-06-22T17:33:02,2026-06-22 17:00:00,MOEX,-5.652890682220459,5.611105442047119,47.0,4.0,True,True,165.77,165.77,165.33,False,validation_gate_passed,0.0,True,short_only,voladj_mom_96,1.5,0.0,24,28.376162144185948,0.828655805029288
2026-06-22T17:33:02,2026-06-22 17:00:00,MTLR,-17.526992797851562,-6.262996673583984,7.0,44.0,True,True,39.88,39.88,39.86,False,validation_gate_passed,0.0,True,short_only,voladj_mom_96,1.5,0.0,24,28.376162144185948,0.828655805029288
2026-06-22T17:33:02,2026-06-22 17:00:00,NLMK,-17.903499603271484,-6.639503479003906,5.0,46.0,True,True,65.16,65.16,64.64,False,validation_gate_passed,0.0,True,short_only,voladj_mom_96,1.5,0.0,24,28.376162144185948,0.828655805029288
2026-06-22T17:33:02,2026-06-22 17:00:00,OZON,-6.719889163970947,4.544106960296631,44.0,7.0,True,True,3636.5,3636.5,3639.0,False,validation_gate_passed,0.0,True,short_only,voladj_mom_96,1.5,0.0,24,28.376162144185948,0.828655805029288
2026-06-22T17:33:02,2026-06-22 17:00:00,PLZL,-1.5682865381240845,9.695709586143494,49.0,2.0,True,True,1991.2,1991.2,1991.8,False,validation_gate_passed,0.0,True,short_only,voladj_mom_96,1.5,0.0,24,28.376162144185948,0.828655805029288
2026-06-22T17:33:02,2026-06-22 17:00:00,POSI,-7.056959629058838,4.20703649520874,42.0,9.0,True,True,786.4,786.4,783.6,False,validation_gate_passed,0.0,True,short_only,voladj_mom_96,1.5,0.0,24,28.376162144185948,0.828655805029288
2026-06-22T17:33:02,2026-06-22 17:00:00,RNFT,-20.394208908081055,-9.130212783813477,2.0,49.0,True,True,71.55,71.55,72.05,True,validation_gate_passed,-0.5,True,short_only,voladj_mom_96,1.5,0.0,24,28.376162144185948,0.828655805029288
2026-06-22T17:33:02,2026-06-22 17:00:00,SGZH,-17.58225440979004,-6.318258285522461,6.0,45.0,True,True,0.7175,0.7175,0.7315,False,validation_gate_passed,0.0,True,short_only,voladj_mom_96,1.5,0.0,24,28.376162144185948,0.828655805029288
2026-06-22T17:33:02,2026-06-22 17:00:00,SMLT,-19.24600601196289,-7.9820098876953125,3.0,48.0,True,True,317.0,317.0,315.6,True,validation_gate_passed,-0.5,True,short_only,voladj_mom_96,1.5,0.0,24,28.376162144185948,0.828655805029288
2026-06-22T17:33:02,2026-06-22 17:00:00,SVCB,2.9992594718933105,14.263255596160889,50.0,1.0,True,True,10.8,10.8,10.745,False,validation_gate_passed,0.0,True,short_only,voladj_mom_96,1.5,0.0,24,28.376162144185948,0.828655805029288
2026-06-22T17:33:02,2026-06-22 17:00:00,TATN,-8.004913330078125,3.259082794189453,41.0,10.0,True,True,509.5,509.5,510.4,False,validation_gate_passed,0.0,True,short_only,voladj_mom_96,1.5,0.0,24,28.376162144185948,0.828655805029288
2026-06-22T17:33:02,2026-06-22 17:00:00,VKCO,-19.02825164794922,-7.764255523681641,4.0,47.0,True,True,205.55,205.55,203.3,False,validation_gate_passed,0.0,True,short_only,voladj_mom_96,1.5,0.0,24,28.376162144185948,0.828655805029288
2026-06-22T17:33:02,2026-06-22 17:00:00,VTBR,-15.222043991088867,-3.958047866821289,10.0,41.0,True,True,71.725,71.725,71.525,False,validation_gate_passed,0.0,True,short_only,voladj_mom_96,1.5,0.0,24,28.376162144185948,0.828655805029288
2026-06-22T17:34:12,2026-06-22 17:00:00,ASTR,-16.243778228759766,-4.9797821044921875,9.0,42.0,True,True,156.2,156.2,154.75,False,validation_gate_passed,0.0,True,short_only,voladj_mom_96,1.5,0.0,24,28.376162144185948,0.828655805029288
2026-06-22T17:34:12,2026-06-22 17:00:00,CBOM,-5.675910949707031,5.588085174560547,46.0,5.0,True,True,8.24,8.24,8.189,False,validation_gate_passed,0.0,True,short_only,voladj_mom_96,1.5,0.0,24,28.376162144185948,0.828655805029288
2026-06-22T17:34:12,2026-06-22 17:00:00,CNRU,-25.053476333618164,-13.789480209350586,1.0,50.0,True,True,547.8,547.8,548.6,True,validation_gate_passed,-0.5,True,short_only,voladj_mom_96,1.5,0.0,24,28.376162144185948,0.828655805029288
2026-06-22T17:34:12,2026-06-22 17:00:00,FLOT,-4.077038764953613,7.186957359313965,48.0,3.0,True,True,74.49,74.49,74.49,False,validation_gate_passed,0.0,True,short_only,voladj_mom_96,1.5,0.0,24,28.376162144185948,0.828655805029288
2026-06-22T17:34:12,2026-06-22 17:00:00,GAZP,-16.451892852783203,-5.187896728515625,8.0,43.0,True,True,99.61,99.61,99.14,False,validation_gate_passed,0.0,True,short_only,voladj_mom_96,1.5,0.0,24,28.376162144185948,0.828655805029288
2026-06-22T17:34:12,2026-06-22 17:00:00,HEAD,-6.180312633514404,5.083683490753174,45.0,6.0,True,True,2678.0,2678.0,2672.0,False,validation_gate_passed,0.0,True,short_only,voladj_mom_96,1.5,0.0,24,28.376162144185948,0.828655805029288
2026-06-22T17:34:12,2026-06-22 17:00:00,HYDR,-6.995993614196777,4.268002510070801,43.0,8.0,True,True,0.3167,0.3167,0.3164,False,validation_gate_passed,0.0,True,short_only,voladj_mom_96,1.5,0.0,24,28.376162144185948,0.828655805029288
2026-06-22T17:34:12,2026-06-22 17:00:00,MOEX,-5.652890682220459,5.611105442047119,47.0,4.0,True,True,165.81,165.81,165.33,False,validation_gate_passed,0.0,True,short_only,voladj_mom_96,1.5,0.0,24,28.376162144185948,0.828655805029288
2026-06-22T17:34:12,2026-06-22 17:00:00,MTLR,-17.526992797851562,-6.262996673583984,7.0,44.0,True,True,39.85,39.85,39.86,False,validation_gate_passed,0.0,True,short_only,voladj_mom_96,1.5,0.0,24,28.376162144185948,0.828655805029288
2026-06-22T17:34:12,2026-06-22 17:00:00,NLMK,-17.903499603271484,-6.639503479003906,5.0,46.0,True,True,65.18,65.18,64.64,False,validation_gate_passed,0.0,True,short_only,voladj_mom_96,1.5,0.0,24,28.376162144185948,0.828655805029288
2026-06-22T17:34:12,2026-06-22 17:00:00,OZON,-6.719889163970947,4.544106960296631,44.0,7.0,True,True,3637.0,3637.0,3639.0,False,validation_gate_passed,0.0,True,short_only,voladj_mom_96,1.5,0.0,24,28.376162144185948,0.828655805029288
2026-06-22T17:34:12,2026-06-22 17:00:00,PLZL,-1.5682865381240845,9.695709586143494,49.0,2.0,True,True,1992.0,1992.0,1991.8,False,validation_gate_passed,0.0,True,short_only,voladj_mom_96,1.5,0.0,24,28.376162144185948,0.828655805029288
2026-06-22T17:34:12,2026-06-22 17:00:00,POSI,-7.056959629058838,4.20703649520874,42.0,9.0,True,True,785.0,785.0,783.6,False,validation_gate_passed,0.0,True,short_only,voladj_mom_96,1.5,0.0,24,28.376162144185948,0.828655805029288
2026-06-22T17:34:12,2026-06-22 17:00:00,RNFT,-20.394208908081055,-9.130212783813477,2.0,49.0,True,True,71.6,71.6,72.05,True,validation_gate_passed,-0.5,True,short_only,voladj_mom_96,1.5,0.0,24,28.376162144185948,0.828655805029288
2026-06-22T17:34:12,2026-06-22 17:00:00,SGZH,-17.58225440979004,-6.318258285522461,6.0,45.0,True,True,0.711,0.711,0.7315,False,validation_gate_passed,0.0,True,short_only,voladj_mom_96,1.5,0.0,24,28.376162144185948,0.828655805029288
2026-06-22T17:34:12,2026-06-22 17:00:00,SMLT,-19.24600601196289,-7.9820098876953125,3.0,48.0,True,True,316.8,316.8,315.6,True,validation_gate_passed,-0.5,True,short_only,voladj_mom_96,1.5,0.0,24,28.376162144185948,0.828655805029288
2026-06-22T17:34:12,2026-06-22 17:00:00,SVCB,2.9992594718933105,14.263255596160889,50.0,1.0,True,True,10.805,10.805,10.745,False,validation_gate_passed,0.0,True,short_only,voladj_mom_96,1.5,0.0,24,28.376162144185948,0.828655805029288
2026-06-22T17:34:12,2026-06-22 17:00:00,TATN,-8.004913330078125,3.259082794189453,41.0,10.0,True,True,509.7,509.7,510.4,False,validation_gate_passed,0.0,True,short_only,voladj_mom_96,1.5,0.0,24,28.376162144185948,0.828655805029288
2026-06-22T17:34:12,2026-06-22 17:00:00,VKCO,-19.02825164794922,-7.764255523681641,4.0,47.0,True,True,205.65,205.65,203.3,False,validation_gate_passed,0.0,True,short_only,voladj_mom_96,1.5,0.0,24,28.376162144185948,0.828655805029288
2026-06-22T17:34:12,2026-06-22 17:00:00,VTBR,-15.222043991088867,-3.958047866821289,10.0,41.0,True,True,71.545,71.545,71.525,False,validation_gate_passed,0.0,True,short_only,voladj_mom_96,1.5,0.0,24,28.376162144185948,0.828655805029288
2026-06-22T17:35:22,2026-06-22 17:10:00,AFKS,-8.404839515686035,3.497549057006836,41.0,10.0,True,True,12.992,12.992,12.983,False,validation_gate_passed,0.0,True,short_only,voladj_mom_96,1.5,0.0,24,25.819436895090963,0.4807844002671091
2026-06-22T17:35:22,2026-06-22 17:10:00,ASTR,-17.247570037841797,-5.345181465148926,7.0,44.0,True,True,156.6,156.6,156.35,False,validation_gate_passed,0.0,True,short_only,voladj_mom_96,1.5,0.0,24,25.819436895090963,0.4807844002671091
2026-06-22T17:35:22,2026-06-22 17:10:00,BSPB,-16.422164916992188,-4.519776344299316,9.0,42.0,True,True,269.8,269.8,269.57,False,validation_gate_passed,0.0,True,short_only,voladj_mom_96,1.5,0.0,24,25.819436895090963,0.4807844002671091
2026-06-22T17:35:22,2026-06-22 17:10:00,CBOM,-6.837411880493164,5.064976692199707,47.0,4.0,True,True,8.232,8.232,8.236,False,validation_gate_passed,0.0,True,short_only,voladj_mom_96,1.5,0.0,24,25.819436895090963,0.4807844002671091
2026-06-22T17:35:22,2026-06-22 17:10:00,CNRU,-25.51936912536621,-13.61698055267334,1.0,50.0,True,True,548.2,548.2,548.4,True,validation_gate_passed,-0.5,True,short_only,voladj_mom_96,1.5,0.0,24,25.819436895090963,0.4807844002671091
2026-06-22T17:35:22,2026-06-22 17:10:00,FLOT,-2.549870252609253,9.352518320083618,49.0,2.0,True,True,74.5,74.5,74.51,False,validation_gate_passed,0.0,True,short_only,voladj_mom_96,1.5,0.0,24,25.819436895090963,0.4807844002671091
2026-06-22T17:35:22,2026-06-22 17:10:00,GAZP,-16.97823715209961,-5.075848579406738,8.0,43.0,True,True,99.66,99.66,99.64,False,validation_gate_passed,0.0,True,short_only,voladj_mom_96,1.5,0.0,24,25.819436895090963,0.4807844002671091
2026-06-22T17:35:22,2026-06-22 17:10:00,HEAD,-7.0267181396484375,4.875670433044434,46.0,5.0,True,True,2676.0,2676.0,2675.0,False,validation_gate_passed,0.0,True,short_only,voladj_mom_96,1.5,0.0,24,25.819436895090963,0.4807844002671091
2026-06-22T17:35:22,2026-06-22 17:10:00,HYDR,-8.37911319732666,3.523275375366211,42.0,9.0,True,True,0.3172,0.3172,0.3168,False,validation_gate_passed,0.0,True,short_only,voladj_mom_96,1.5,0.0,24,25.819436895090963,0.4807844002671091
2026-06-22T17:35:22,2026-06-22 17:10:00,MOEX,-7.419118881225586,4.483269691467285,44.0,7.0,True,True,165.83,165.83,165.75,False,validation_gate_passed,0.0,True,short_only,voladj_mom_96,1.5,0.0,24,25.819436895090963,0.4807844002671091
2026-06-22T17:35:22,2026-06-22 17:10:00,MTLR,-18.083738327026367,-6.181349754333496,6.0,45.0,True,True,39.82,39.82,39.85,False,validation_gate_passed,0.0,True,short_only,voladj_mom_96,1.5,0.0,24,25.819436895090963,0.4807844002671091
2026-06-22T17:35:22,2026-06-22 17:10:00,NLMK,-18.641494750976562,-6.739106178283691,4.0,47.0,True,True,65.28,65.28,65.22,False,validation_gate_passed,0.0,True,short_only,voladj_mom_96,1.5,0.0,24,25.819436895090963,0.4807844002671091
2026-06-22T17:35:22,2026-06-22 17:10:00,OZON,-7.28777551651001,4.614613056182861,45.0,6.0,True,True,3637.5,3637.5,3638.5,False,validation_gate_passed,0.0,True,short_only,voladj_mom_96,1.5,0.0,24,25.819436895090963,0.4807844002671091
2026-06-22T17:35:22,2026-06-22 17:10:00,PLZL,-2.692575693130493,9.209812879562378,48.0,3.0,True,True,1996.0,1996.0,1994.8,False,validation_gate_passed,0.0,True,short_only,voladj_mom_96,1.5,0.0,24,25.819436895090963,0.4807844002671091
2026-06-22T17:35:22,2026-06-22 17:10:00,RNFT,-20.05036735534668,-8.147978782653809,3.0,48.0,True,True,71.55,71.55,71.6,True,validation_gate_passed,-0.5,True,short_only,voladj_mom_96,1.5,0.0,24,25.819436895090963,0.4807844002671091
2026-06-22T17:35:22,2026-06-22 17:10:00,SGZH,-18.520517349243164,-6.618128776550293,5.0,46.0,True,True,0.716,0.716,0.7135,False,validation_gate_passed,0.0,True,short_only,voladj_mom_96,1.5,0.0,24,25.819436895090963,0.4807844002671091
2026-06-22T17:35:22,2026-06-22 17:10:00,SMLT,-20.742639541625977,-8.840250968933105,2.0,49.0,True,True,316.2,316.2,316.4,True,validation_gate_passed,-0.5,True,short_only,voladj_mom_96,1.5,0.0,24,25.819436895090963,0.4807844002671091
2026-06-22T17:35:22,2026-06-22 17:10:00,SVCB,2.234806537628174,14.137195110321045,50.0,1.0,True,True,10.8,10.8,10.805,False,validation_gate_passed,0.0,True,short_only,voladj_mom_96,1.5,0.0,24,25.819436895090963,0.4807844002671091
2026-06-22T17:35:22,2026-06-22 17:10:00,TATN,-7.583476543426514,4.318912029266357,43.0,8.0,True,True,510.0,510.0,509.7,False,validation_gate_passed,0.0,True,short_only,voladj_mom_96,1.5,0.0,24,25.819436895090963,0.4807844002671091
2026-06-22T17:35:22,2026-06-22 17:10:00,VKCO,-16.264184951782227,-4.3617963790893555,10.0,41.0,True,True,206.35,206.35,205.7,False,validation_gate_passed,0.0,True,short_only,voladj_mom_96,1.5,0.0,24,25.819436895090963,0.4807844002671091
2026-06-22T17:36:40,2026-06-22 17:10:00,AFKS,-8.404839515686035,3.497549057006836,41.0,10.0,True,True,13.009,13.009,12.983,False,validation_gate_passed,0.0,True,short_only,voladj_mom_96,1.5,0.0,24,25.819436895090963,0.4807844002671091
2026-06-22T17:36:40,2026-06-22 17:10:00,ASTR,-17.247570037841797,-5.345181465148926,7.0,44.0,True,True,156.65,156.65,156.35,False,validation_gate_passed,0.0,True,short_only,voladj_mom_96,1.5,0.0,24,25.819436895090963,0.4807844002671091
2026-06-22T17:36:40,2026-06-22 17:10:00,BSPB,-16.422164916992188,-4.519776344299316,9.0,42.0,True,True,269.98,269.98,269.57,False,validation_gate_passed,0.0,True,short_only,voladj_mom_96,1.5,0.0,24,25.819436895090963,0.4807844002671091
2026-06-22T17:36:40,2026-06-22 17:10:00,CBOM,-6.837411880493164,5.064976692199707,47.0,4.0,True,True,8.257,8.257,8.236,False,validation_gate_passed,0.0,True,short_only,voladj_mom_96,1.5,0.0,24,25.819436895090963,0.4807844002671091
2026-06-22T17:36:40,2026-06-22 17:10:00,CNRU,-25.51936912536621,-13.61698055267334,1.0,50.0,True,True,548.4,548.4,548.4,True,validation_gate_passed,-0.5,True,short_only,voladj_mom_96,1.5,0.0,24,25.819436895090963,0.4807844002671091
2026-06-22T17:36:40,2026-06-22 17:10:00,FLOT,-2.549870252609253,9.352518320083618,49.0,2.0,True,True,74.51,74.51,74.51,False,validation_gate_passed,0.0,True,short_only,voladj_mom_96,1.5,0.0,24,25.819436895090963,0.4807844002671091
2026-06-22T17:36:40,2026-06-22 17:10:00,GAZP,-16.97823715209961,-5.075848579406738,8.0,43.0,True,True,99.65,99.65,99.64,False,validation_gate_passed,0.0,True,short_only,voladj_mom_96,1.5,0.0,24,25.819436895090963,0.4807844002671091
2026-06-22T17:36:40,2026-06-22 17:10:00,HEAD,-7.0267181396484375,4.875670433044434,46.0,5.0,True,True,2678.0,2678.0,2675.0,False,validation_gate_passed,0.0,True,short_only,voladj_mom_96,1.5,0.0,24,25.819436895090963,0.4807844002671091
2026-06-22T17:36:40,2026-06-22 17:10:00,HYDR,-8.37911319732666,3.523275375366211,42.0,9.0,True,True,0.3174,0.3174,0.3168,False,validation_gate_passed,0.0,True,short_only,voladj_mom_96,1.5,0.0,24,25.819436895090963,0.4807844002671091
2026-06-22T17:36:40,2026-06-22 17:10:00,MOEX,-7.419118881225586,4.483269691467285,44.0,7.0,True,True,165.89,165.89,165.75,False,validation_gate_passed,0.0,True,short_only,voladj_mom_96,1.5,0.0,24,25.819436895090963,0.4807844002671091
2026-06-22T17:36:40,2026-06-22 17:10:00,MTLR,-18.083738327026367,-6.181349754333496,6.0,45.0,True,True,39.88,39.88,39.85,False,validation_gate_passed,0.0,True,short_only,voladj_mom_96,1.5,0.0,24,25.819436895090963,0.4807844002671091
2026-06-22T17:36:40,2026-06-22 17:10:00,NLMK,-18.641494750976562,-6.739106178283691,4.0,47.0,True,True,65.36,65.36,65.22,False,validation_gate_passed,0.0,True,short_only,voladj_mom_96,1.5,0.0,24,25.819436895090963,0.4807844002671091
2026-06-22T17:36:40,2026-06-22 17:10:00,OZON,-7.28777551651001,4.614613056182861,45.0,6.0,True,True,3639.0,3639.0,3638.5,False,validation_gate_passed,0.0,True,short_only,voladj_mom_96,1.5,0.0,24,25.819436895090963,0.4807844002671091
2026-06-22T17:36:40,2026-06-22 17:10:00,PLZL,-2.692575693130493,9.209812879562378,48.0,3.0,True,True,1997.6,1997.6,1994.8,False,validation_gate_passed,0.0,True,short_only,voladj_mom_96,1.5,0.0,24,25.819436895090963,0.4807844002671091
2026-06-22T17:36:40,2026-06-22 17:10:00,RNFT,-20.05036735534668,-8.147978782653809,3.0,48.0,True,True,71.6,71.6,71.6,True,validation_gate_passed,-0.5,True,short_only,voladj_mom_96,1.5,0.0,24,25.819436895090963,0.4807844002671091
2026-06-22T17:36:40,2026-06-22 17:10:00,SGZH,-18.520517349243164,-6.618128776550293,5.0,46.0,True,True,0.706,0.706,0.7135,False,validation_gate_passed,0.0,True,short_only,voladj_mom_96,1.5,0.0,24,25.819436895090963,0.4807844002671091
2026-06-22T17:36:40,2026-06-22 17:10:00,SMLT,-20.742639541625977,-8.840250968933105,2.0,49.0,True,True,316.0,316.0,316.4,True,validation_gate_passed,-0.5,True,short_only,voladj_mom_96,1.5,0.0,24,25.819436895090963,0.4807844002671091
2026-06-22T17:36:40,2026-06-22 17:10:00,SVCB,2.234806537628174,14.137195110321045,50.0,1.0,True,True,10.805,10.805,10.805,False,validation_gate_passed,0.0,True,short_only,voladj_mom_96,1.5,0.0,24,25.819436895090963,0.4807844002671091
2026-06-22T17:36:40,2026-06-22 17:10:00,TATN,-7.583476543426514,4.318912029266357,43.0,8.0,True,True,510.0,510.0,509.7,False,validation_gate_passed,0.0,True,short_only,voladj_mom_96,1.5,0.0,24,25.819436895090963,0.4807844002671091
2026-06-22T17:36:40,2026-06-22 17:10:00,VKCO,-16.264184951782227,-4.3617963790893555,10.0,41.0,True,True,207.2,207.2,205.7,False,validation_gate_passed,0.0,True,short_only,voladj_mom_96,1.5,0.0,24,25.819436895090963,0.4807844002671091
2026-06-22T17:37:48,2026-06-22 17:10:00,AFKS,-8.404839515686035,3.497549057006836,41.0,10.0,True,True,12.957,12.957,12.983,False,validation_gate_passed,0.0,True,short_only,voladj_mom_96,1.5,0.0,24,25.819436895090963,0.4807844002671091
2026-06-22T17:37:48,2026-06-22 17:10:00,ASTR,-17.247570037841797,-5.345181465148926,7.0,44.0,True,True,155.85,155.85,156.35,False,validation_gate_passed,0.0,True,short_only,voladj_mom_96,1.5,0.0,24,25.819436895090963,0.4807844002671091
2026-06-22T17:37:48,2026-06-22 17:10:00,BSPB,-16.422164916992188,-4.519776344299316,9.0,42.0,True,True,268.96,268.96,269.57,False,validation_gate_passed,0.0,True,short_only,voladj_mom_96,1.5,0.0,24,25.819436895090963,0.4807844002671091
2026-06-22T17:37:48,2026-06-22 17:10:00,CBOM,-6.837411880493164,5.064976692199707,47.0,4.0,True,True,8.227,8.227,8.236,False,validation_gate_passed,0.0,True,short_only,voladj_mom_96,1.5,0.0,24,25.819436895090963,0.4807844002671091
2026-06-22T17:37:48,2026-06-22 17:10:00,CNRU,-25.51936912536621,-13.61698055267334,1.0,50.0,True,True,548.0,548.0,548.4,True,validation_gate_passed,-0.5,True,short_only,voladj_mom_96,1.5,0.0,24,25.819436895090963,0.4807844002671091
2026-06-22T17:37:48,2026-06-22 17:10:00,FLOT,-2.549870252609253,9.352518320083618,49.0,2.0,True,True,74.45,74.45,74.51,False,validation_gate_passed,0.0,True,short_only,voladj_mom_96,1.5,0.0,24,25.819436895090963,0.4807844002671091
2026-06-22T17:37:48,2026-06-22 17:10:00,GAZP,-16.97823715209961,-5.075848579406738,8.0,43.0,True,True,99.33,99.33,99.64,False,validation_gate_passed,0.0,True,short_only,voladj_mom_96,1.5,0.0,24,25.819436895090963,0.4807844002671091
2026-06-22T17:37:48,2026-06-22 17:10:00,HEAD,-7.0267181396484375,4.875670433044434,46.0,5.0,True,True,2674.0,2674.0,2675.0,False,validation_gate_passed,0.0,True,short_only,voladj_mom_96,1.5,0.0,24,25.819436895090963,0.4807844002671091
2026-06-22T17:37:48,2026-06-22 17:10:00,HYDR,-8.37911319732666,3.523275375366211,42.0,9.0,True,True,0.316,0.316,0.3168,False,validation_gate_passed,0.0,True,short_only,voladj_mom_96,1.5,0.0,24,25.819436895090963,0.4807844002671091
2026-06-22T17:37:48,2026-06-22 17:10:00,MOEX,-7.419118881225586,4.483269691467285,44.0,7.0,True,True,165.79,165.79,165.75,False,validation_gate_passed,0.0,True,short_only,voladj_mom_96,1.5,0.0,24,25.819436895090963,0.4807844002671091
2026-06-22T17:37:48,2026-06-22 17:10:00,MTLR,-18.083738327026367,-6.181349754333496,6.0,45.0,True,True,39.76,39.76,39.85,False,validation_gate_passed,0.0,True,short_only,voladj_mom_96,1.5,0.0,24,25.819436895090963,0.4807844002671091
2026-06-22T17:37:48,2026-06-22 17:10:00,NLMK,-18.641494750976562,-6.739106178283691,4.0,47.0,True,True,65.2,65.2,65.22,False,validation_gate_passed,0.0,True,short_only,voladj_mom_96,1.5,0.0,24,25.819436895090963,0.4807844002671091
2026-06-22T17:37:48,2026-06-22 17:10:00,OZON,-7.28777551651001,4.614613056182861,45.0,6.0,True,True,3627.5,3627.5,3638.5,False,validation_gate_passed,0.0,True,short_only,voladj_mom_96,1.5,0.0,24,25.819436895090963,0.4807844002671091
2026-06-22T17:37:48,2026-06-22 17:10:00,PLZL,-2.692575693130493,9.209812879562378,48.0,3.0,True,True,1995.8,1995.8,1994.8,False,validation_gate_passed,0.0,True,short_only,voladj_mom_96,1.5,0.0,24,25.819436895090963,0.4807844002671091
2026-06-22T17:37:48,2026-06-22 17:10:00,RNFT,-20.05036735534668,-8.147978782653809,3.0,48.0,True,True,71.1,71.1,71.6,True,validation_gate_passed,-0.5,True,short_only,voladj_mom_96,1.5,0.0,24,25.819436895090963,0.4807844002671091
2026-06-22T17:37:48,2026-06-22 17:10:00,SGZH,-18.520517349243164,-6.618128776550293,5.0,46.0,True,True,0.703,0.703,0.7135,False,validation_gate_passed,0.0,True,short_only,voladj_mom_96,1.5,0.0,24,25.819436895090963,0.4807844002671091
2026-06-22T17:37:48,2026-06-22 17:10:00,SMLT,-20.742639541625977,-8.840250968933105,2.0,49.0,True,True,314.2,314.2,316.4,True,validation_gate_passed,-0.5,True,short_only,voladj_mom_96,1.5,0.0,24,25.819436895090963,0.4807844002671091
2026-06-22T17:37:48,2026-06-22 17:10:00,SVCB,2.234806537628174,14.137195110321045,50.0,1.0,True,True,10.785,10.785,10.805,False,validation_gate_passed,0.0,True,short_only,voladj_mom_96,1.5,0.0,24,25.819436895090963,0.4807844002671091
2026-06-22T17:37:48,2026-06-22 17:10:00,TATN,-7.583476543426514,4.318912029266357,43.0,8.0,True,True,509.2,509.2,509.7,False,validation_gate_passed,0.0,True,short_only,voladj_mom_96,1.5,0.0,24,25.819436895090963,0.4807844002671091
2026-06-22T17:37:48,2026-06-22 17:10:00,VKCO,-16.264184951782227,-4.3617963790893555,10.0,41.0,True,True,206.6,206.6,205.7,False,validation_gate_passed,0.0,True,short_only,voladj_mom_96,1.5,0.0,24,25.819436895090963,0.4807844002671091
2026-06-22T17:39:02,2026-06-22 17:10:00,AFKS,-8.404839515686035,3.497549057006836,41.0,10.0,True,True,12.965,12.965,12.983,False,validation_gate_passed,0.0,True,short_only,voladj_mom_96,1.5,0.0,24,25.819436895090963,0.4807844002671091
2026-06-22T17:39:02,2026-06-22 17:10:00,ASTR,-17.247570037841797,-5.345181465148926,7.0,44.0,True,True,155.2,155.2,156.35,False,validation_gate_passed,0.0,True,short_only,voladj_mom_96,1.5,0.0,24,25.819436895090963,0.4807844002671091
2026-06-22T17:39:02,2026-06-22 17:10:00,BSPB,-16.422164916992188,-4.519776344299316,9.0,42.0,True,True,268.89,268.89,269.57,False,validation_gate_passed,0.0,True,short_only,voladj_mom_96,1.5,0.0,24,25.819436895090963,0.4807844002671091
2026-06-22T17:39:02,2026-06-22 17:10:00,CBOM,-6.837411880493164,5.064976692199707,47.0,4.0,True,True,8.219,8.219,8.236,False,validation_gate_passed,0.0,True,short_only,voladj_mom_96,1.5,0.0,24,25.819436895090963,0.4807844002671091
2026-06-22T17:39:02,2026-06-22 17:10:00,CNRU,-25.51936912536621,-13.61698055267334,1.0,50.0,True,True,546.8,546.8,548.4,True,validation_gate_passed,-0.5,True,short_only,voladj_mom_96,1.5,0.0,24,25.819436895090963,0.4807844002671091
2026-06-22T17:39:02,2026-06-22 17:10:00,FLOT,-2.549870252609253,9.352518320083618,49.0,2.0,True,True,74.36,74.36,74.51,False,validation_gate_passed,0.0,True,short_only,voladj_mom_96,1.5,0.0,24,25.819436895090963,0.4807844002671091
2026-06-22T17:39:02,2026-06-22 17:10:00,GAZP,-16.97823715209961,-5.075848579406738,8.0,43.0,True,True,99.21,99.21,99.64,False,validation_gate_passed,0.0,True,short_only,voladj_mom_96,1.5,0.0,24,25.819436895090963,0.4807844002671091
2026-06-22T17:39:02,2026-06-22 17:10:00,HEAD,-7.0267181396484375,4.875670433044434,46.0,5.0,True,True,2672.0,2672.0,2675.0,False,validation_gate_passed,0.0,True,short_only,voladj_mom_96,1.5,0.0,24,25.819436895090963,0.4807844002671091
2026-06-22T17:39:02,2026-06-22 17:10:00,HYDR,-8.37911319732666,3.523275375366211,42.0,9.0,True,True,0.3158,0.3158,0.3168,False,validation_gate_passed,0.0,True,short_only,voladj_mom_96,1.5,0.0,24,25.819436895090963,0.4807844002671091
2026-06-22T17:39:02,2026-06-22 17:10:00,MOEX,-7.419118881225586,4.483269691467285,44.0,7.0,True,True,165.48,165.48,165.75,False,validation_gate_passed,0.0,True,short_only,voladj_mom_96,1.5,0.0,24,25.819436895090963,0.4807844002671091
2026-06-22T17:39:02,2026-06-22 17:10:00,MTLR,-18.083738327026367,-6.181349754333496,6.0,45.0,True,True,39.75,39.75,39.85,False,validation_gate_passed,0.0,True,short_only,voladj_mom_96,1.5,0.0,24,25.819436895090963,0.4807844002671091
2026-06-22T17:39:02,2026-06-22 17:10:00,NLMK,-18.641494750976562,-6.739106178283691,4.0,47.0,True,True,65.34,65.34,65.22,False,validation_gate_passed,0.0,True,short_only,voladj_mom_96,1.5,0.0,24,25.819436895090963,0.4807844002671091
2026-06-22T17:39:02,2026-06-22 17:10:00,OZON,-7.28777551651001,4.614613056182861,45.0,6.0,True,True,3625.5,3625.5,3638.5,False,validation_gate_passed,0.0,True,short_only,voladj_mom_96,1.5,0.0,24,25.819436895090963,0.4807844002671091
2026-06-22T17:39:02,2026-06-22 17:10:00,PLZL,-2.692575693130493,9.209812879562378,48.0,3.0,True,True,1997.2,1997.2,1994.8,False,validation_gate_passed,0.0,True,short_only,voladj_mom_96,1.5,0.0,24,25.819436895090963,0.4807844002671091
2026-06-22T17:39:02,2026-06-22 17:10:00,RNFT,-20.05036735534668,-8.147978782653809,3.0,48.0,True,True,70.95,70.95,71.6,True,validation_gate_passed,-0.5,True,short_only,voladj_mom_96,1.5,0.0,24,25.819436895090963,0.4807844002671091
2026-06-22T17:39:02,2026-06-22 17:10:00,SGZH,-18.520517349243164,-6.618128776550293,5.0,46.0,True,True,0.704,0.704,0.7135,False,validation_gate_passed,0.0,True,short_only,voladj_mom_96,1.5,0.0,24,25.819436895090963,0.4807844002671091
2026-06-22T17:39:02,2026-06-22 17:10:00,SMLT,-20.742639541625977,-8.840250968933105,2.0,49.0,True,True,312.0,312.0,316.4,True,validation_gate_passed,-0.5,True,short_only,voladj_mom_96,1.5,0.0,24,25.819436895090963,0.4807844002671091
2026-06-22T17:39:02,2026-06-22 17:10:00,SVCB,2.234806537628174,14.137195110321045,50.0,1.0,True,True,10.78,10.78,10.805,False,validation_gate_passed,0.0,True,short_only,voladj_mom_96,1.5,0.0,24,25.819436895090963,0.4807844002671091
2026-06-22T17:39:02,2026-06-22 17:10:00,TATN,-7.583476543426514,4.318912029266357,43.0,8.0,True,True,508.2,508.2,509.7,False,validation_gate_passed,0.0,True,short_only,voladj_mom_96,1.5,0.0,24,25.819436895090963,0.4807844002671091
2026-06-22T17:39:02,2026-06-22 17:10:00,VKCO,-16.264184951782227,-4.3617963790893555,10.0,41.0,True,True,207.3,207.3,205.7,False,validation_gate_passed,0.0,True,short_only,voladj_mom_96,1.5,0.0,24,25.819436895090963,0.4807844002671091
2026-06-22T17:40:12,2026-06-22 17:10:00,AFKS,-8.404839515686035,3.497549057006836,41.0,10.0,True,True,12.975,12.975,12.983,False,validation_gate_passed,0.0,True,short_only,voladj_mom_96,1.5,0.0,24,25.819436895090963,0.4807844002671091
2026-06-22T17:40:12,2026-06-22 17:10:00,ASTR,-17.247570037841797,-5.345181465148926,7.0,44.0,True,True,156.55,156.55,156.35,False,validation_gate_passed,0.0,True,short_only,voladj_mom_96,1.5,0.0,24,25.819436895090963,0.4807844002671091
2026-06-22T17:40:12,2026-06-22 17:10:00,BSPB,-16.422164916992188,-4.519776344299316,9.0,42.0,True,True,270.57,270.57,269.57,False,validation_gate_passed,0.0,True,short_only,voladj_mom_96,1.5,0.0,24,25.819436895090963,0.4807844002671091
2026-06-22T17:40:12,2026-06-22 17:10:00,CBOM,-6.837411880493164,5.064976692199707,47.0,4.0,True,True,8.232,8.232,8.236,False,validation_gate_passed,0.0,True,short_only,voladj_mom_96,1.5,0.0,24,25.819436895090963,0.4807844002671091
2026-06-22T17:40:12,2026-06-22 17:10:00,CNRU,-25.51936912536621,-13.61698055267334,1.0,50.0,True,True,548.2,548.2,548.4,True,validation_gate_passed,-0.5,True,short_only,voladj_mom_96,1.5,0.0,24,25.819436895090963,0.4807844002671091
2026-06-22T17:40:12,2026-06-22 17:10:00,FLOT,-2.549870252609253,9.352518320083618,49.0,2.0,True,True,74.51,74.51,74.51,False,validation_gate_passed,0.0,True,short_only,voladj_mom_96,1.5,0.0,24,25.819436895090963,0.4807844002671091
2026-06-22T17:40:12,2026-06-22 17:10:00,GAZP,-16.97823715209961,-5.075848579406738,8.0,43.0,True,True,99.32,99.32,99.64,False,validation_gate_passed,0.0,True,short_only,voladj_mom_96,1.5,0.0,24,25.819436895090963,0.4807844002671091
2026-06-22T17:40:12,2026-06-22 17:10:00,HEAD,-7.0267181396484375,4.875670433044434,46.0,5.0,True,True,2670.0,2670.0,2675.0,False,validation_gate_passed,0.0,True,short_only,voladj_mom_96,1.5,0.0,24,25.819436895090963,0.4807844002671091
2026-06-22T17:40:12,2026-06-22 17:10:00,HYDR,-8.37911319732666,3.523275375366211,42.0,9.0,True,True,0.3177,0.3177,0.3168,False,validation_gate_passed,0.0,True,short_only,voladj_mom_96,1.5,0.0,24,25.819436895090963,0.4807844002671091
2026-06-22T17:40:12,2026-06-22 17:10:00,MOEX,-7.419118881225586,4.483269691467285,44.0,7.0,True,True,166.0,166.0,165.75,False,validation_gate_passed,0.0,True,short_only,voladj_mom_96,1.5,0.0,24,25.819436895090963,0.4807844002671091
2026-06-22T17:40:12,2026-06-22 17:10:00,MTLR,-18.083738327026367,-6.181349754333496,6.0,45.0,True,True,39.8,39.8,39.85,False,validation_gate_passed,0.0,True,short_only,voladj_mom_96,1.5,0.0,24,25.819436895090963,0.4807844002671091
2026-06-22T17:40:12,2026-06-22 17:10:00,NLMK,-18.641494750976562,-6.739106178283691,4.0,47.0,True,True,65.3,65.3,65.22,False,validation_gate_passed,0.0,True,short_only,voladj_mom_96,1.5,0.0,24,25.819436895090963,0.4807844002671091
2026-06-22T17:40:12,2026-06-22 17:10:00,OZON,-7.28777551651001,4.614613056182861,45.0,6.0,True,True,3629.0,3629.0,3638.5,False,validation_gate_passed,0.0,True,short_only,voladj_mom_96,1.5,0.0,24,25.819436895090963,0.4807844002671091
2026-06-22T17:40:12,2026-06-22 17:10:00,PLZL,-2.692575693130493,9.209812879562378,48.0,3.0,True,True,1997.8,1997.8,1994.8,False,validation_gate_passed,0.0,True,short_only,voladj_mom_96,1.5,0.0,24,25.819436895090963,0.4807844002671091
2026-06-22T17:40:12,2026-06-22 17:10:00,RNFT,-20.05036735534668,-8.147978782653809,3.0,48.0,True,True,71.7,71.7,71.6,True,validation_gate_passed,-0.5,True,short_only,voladj_mom_96,1.5,0.0,24,25.819436895090963,0.4807844002671091
2026-06-22T17:40:12,2026-06-22 17:10:00,SGZH,-18.520517349243164,-6.618128776550293,5.0,46.0,True,True,0.7055,0.7055,0.7135,False,validation_gate_passed,0.0,True,short_only,voladj_mom_96,1.5,0.0,24,25.819436895090963,0.4807844002671091
2026-06-22T17:40:12,2026-06-22 17:10:00,SMLT,-20.742639541625977,-8.840250968933105,2.0,49.0,True,True,314.2,314.2,316.4,True,validation_gate_passed,-0.5,True,short_only,voladj_mom_96,1.5,0.0,24,25.819436895090963,0.4807844002671091
2026-06-22T17:40:12,2026-06-22 17:10:00,SVCB,2.234806537628174,14.137195110321045,50.0,1.0,True,True,10.8,10.8,10.805,False,validation_gate_passed,0.0,True,short_only,voladj_mom_96,1.5,0.0,24,25.819436895090963,0.4807844002671091
2026-06-22T17:40:12,2026-06-22 17:10:00,TATN,-7.583476543426514,4.318912029266357,43.0,8.0,True,True,509.4,509.4,509.7,False,validation_gate_passed,0.0,True,short_only,voladj_mom_96,1.5,0.0,24,25.819436895090963,0.4807844002671091
2026-06-22T17:40:12,2026-06-22 17:10:00,VKCO,-16.264184951782227,-4.3617963790893555,10.0,41.0,True,True,207.75,207.75,205.7,False,validation_gate_passed,0.0,True,short_only,voladj_mom_96,1.5,0.0,24,25.819436895090963,0.4807844002671091
2026-06-22T17:41:22,2026-06-22 17:10:00,AFKS,-8.404839515686035,3.497549057006836,41.0,10.0,True,True,12.981,12.981,12.983,False,validation_gate_passed,0.0,True,short_only,voladj_mom_96,1.5,0.0,24,25.819436895090963,0.4807844002671091
2026-06-22T17:41:22,2026-06-22 17:10:00,ASTR,-17.247570037841797,-5.345181465148926,7.0,44.0,True,True,156.4,156.4,156.35,False,validation_gate_passed,0.0,True,short_only,voladj_mom_96,1.5,0.0,24,25.819436895090963,0.4807844002671091
2026-06-22T17:41:22,2026-06-22 17:10:00,BSPB,-16.422164916992188,-4.519776344299316,9.0,42.0,True,True,270.69,270.69,269.57,False,validation_gate_passed,0.0,True,short_only,voladj_mom_96,1.5,0.0,24,25.819436895090963,0.4807844002671091
2026-06-22T17:41:22,2026-06-22 17:10:00,CBOM,-6.837411880493164,5.064976692199707,47.0,4.0,True,True,8.225,8.225,8.236,False,validation_gate_passed,0.0,True,short_only,voladj_mom_96,1.5,0.0,24,25.819436895090963,0.4807844002671091
2026-06-22T17:41:22,2026-06-22 17:10:00,CNRU,-25.51936912536621,-13.61698055267334,1.0,50.0,True,True,548.4,548.4,548.4,True,validation_gate_passed,-0.5,True,short_only,voladj_mom_96,1.5,0.0,24,25.819436895090963,0.4807844002671091
2026-06-22T17:41:22,2026-06-22 17:10:00,FLOT,-2.549870252609253,9.352518320083618,49.0,2.0,True,True,74.48,74.48,74.51,False,validation_gate_passed,0.0,True,short_only,voladj_mom_96,1.5,0.0,24,25.819436895090963,0.4807844002671091
2026-06-22T17:41:22,2026-06-22 17:10:00,GAZP,-16.97823715209961,-5.075848579406738,8.0,43.0,True,True,99.47,99.47,99.64,False,validation_gate_passed,0.0,True,short_only,voladj_mom_96,1.5,0.0,24,25.819436895090963,0.4807844002671091
2026-06-22T17:41:22,2026-06-22 17:10:00,HEAD,-7.0267181396484375,4.875670433044434,46.0,5.0,True,True,2668.0,2668.0,2675.0,False,validation_gate_passed,0.0,True,short_only,voladj_mom_96,1.5,0.0,24,25.819436895090963,0.4807844002671091
2026-06-22T17:41:22,2026-06-22 17:10:00,HYDR,-8.37911319732666,3.523275375366211,42.0,9.0,True,True,0.3181,0.3181,0.3168,False,validation_gate_passed,0.0,True,short_only,voladj_mom_96,1.5,0.0,24,25.819436895090963,0.4807844002671091
2026-06-22T17:41:22,2026-06-22 17:10:00,MOEX,-7.419118881225586,4.483269691467285,44.0,7.0,True,True,166.11,166.11,165.75,False,validation_gate_passed,0.0,True,short_only,voladj_mom_96,1.5,0.0,24,25.819436895090963,0.4807844002671091
2026-06-22T17:41:22,2026-06-22 17:10:00,MTLR,-18.083738327026367,-6.181349754333496,6.0,45.0,True,True,39.87,39.87,39.85,False,validation_gate_passed,0.0,True,short_only,voladj_mom_96,1.5,0.0,24,25.819436895090963,0.4807844002671091
2026-06-22T17:41:22,2026-06-22 17:10:00,NLMK,-18.641494750976562,-6.739106178283691,4.0,47.0,True,True,65.12,65.12,65.22,False,validation_gate_passed,0.0,True,short_only,voladj_mom_96,1.5,0.0,24,25.819436895090963,0.4807844002671091
2026-06-22T17:41:22,2026-06-22 17:10:00,OZON,-7.28777551651001,4.614613056182861,45.0,6.0,True,True,3632.0,3632.0,3638.5,False,validation_gate_passed,0.0,True,short_only,voladj_mom_96,1.5,0.0,24,25.819436895090963,0.4807844002671091
2026-06-22T17:41:22,2026-06-22 17:10:00,PLZL,-2.692575693130493,9.209812879562378,48.0,3.0,True,True,2001.6,2001.6,1994.8,False,validation_gate_passed,0.0,True,short_only,voladj_mom_96,1.5,0.0,24,25.819436895090963,0.4807844002671091
2026-06-22T17:41:22,2026-06-22 17:10:00,RNFT,-20.05036735534668,-8.147978782653809,3.0,48.0,True,True,71.6,71.6,71.6,True,validation_gate_passed,-0.5,True,short_only,voladj_mom_96,1.5,0.0,24,25.819436895090963,0.4807844002671091
2026-06-22T17:41:22,2026-06-22 17:10:00,SGZH,-18.520517349243164,-6.618128776550293,5.0,46.0,True,True,0.7055,0.7055,0.7135,False,validation_gate_passed,0.0,True,short_only,voladj_mom_96,1.5,0.0,24,25.819436895090963,0.4807844002671091
2026-06-22T17:41:22,2026-06-22 17:10:00,SMLT,-20.742639541625977,-8.840250968933105,2.0,49.0,True,True,314.8,314.8,316.4,True,validation_gate_passed,-0.5,True,short_only,voladj_mom_96,1.5,0.0,24,25.819436895090963,0.4807844002671091
2026-06-22T17:41:22,2026-06-22 17:10:00,SVCB,2.234806537628174,14.137195110321045,50.0,1.0,True,True,10.81,10.81,10.805,False,validation_gate_passed,0.0,True,short_only,voladj_mom_96,1.5,0.0,24,25.819436895090963,0.4807844002671091
2026-06-22T17:41:22,2026-06-22 17:10:00,TATN,-7.583476543426514,4.318912029266357,43.0,8.0,True,True,508.9,508.9,509.7,False,validation_gate_passed,0.0,True,short_only,voladj_mom_96,1.5,0.0,24,25.819436895090963,0.4807844002671091
2026-06-22T17:41:22,2026-06-22 17:10:00,VKCO,-16.264184951782227,-4.3617963790893555,10.0,41.0,True,True,207.3,207.3,205.7,False,validation_gate_passed,0.0,True,short_only,voladj_mom_96,1.5,0.0,24,25.819436895090963,0.4807844002671091
2026-06-22T17:42:33,2026-06-22 17:10:00,AFKS,-8.404839515686035,3.497549057006836,41.0,10.0,True,True,12.98,12.98,12.983,False,validation_gate_passed,0.0,True,short_only,voladj_mom_96,1.5,0.0,24,25.819436895090963,0.4807844002671091
2026-06-22T17:42:33,2026-06-22 17:10:00,ASTR,-17.247570037841797,-5.345181465148926,7.0,44.0,True,True,156.25,156.25,156.35,False,validation_gate_passed,0.0,True,short_only,voladj_mom_96,1.5,0.0,24,25.819436895090963,0.4807844002671091
2026-06-22T17:42:33,2026-06-22 17:10:00,BSPB,-16.422164916992188,-4.519776344299316,9.0,42.0,True,True,270.49,270.49,269.57,False,validation_gate_passed,0.0,True,short_only,voladj_mom_96,1.5,0.0,24,25.819436895090963,0.4807844002671091
2026-06-22T17:42:33,2026-06-22 17:10:00,CBOM,-6.837411880493164,5.064976692199707,47.0,4.0,True,True,8.222,8.222,8.236,False,validation_gate_passed,0.0,True,short_only,voladj_mom_96,1.5,0.0,24,25.819436895090963,0.4807844002671091
2026-06-22T17:42:33,2026-06-22 17:10:00,CNRU,-25.51936912536621,-13.61698055267334,1.0,50.0,True,True,548.4,548.4,548.4,True,validation_gate_passed,-0.5,True,short_only,voladj_mom_96,1.5,0.0,24,25.819436895090963,0.4807844002671091
2026-06-22T17:42:33,2026-06-22 17:10:00,FLOT,-2.549870252609253,9.352518320083618,49.0,2.0,True,True,74.44,74.44,74.51,False,validation_gate_passed,0.0,True,short_only,voladj_mom_96,1.5,0.0,24,25.819436895090963,0.4807844002671091
2026-06-22T17:42:33,2026-06-22 17:10:00,GAZP,-16.97823715209961,-5.075848579406738,8.0,43.0,True,True,99.54,99.54,99.64,False,validation_gate_passed,0.0,True,short_only,voladj_mom_96,1.5,0.0,24,25.819436895090963,0.4807844002671091
2026-06-22T17:42:33,2026-06-22 17:10:00,HEAD,-7.0267181396484375,4.875670433044434,46.0,5.0,True,True,2676.0,2676.0,2675.0,False,validation_gate_passed,0.0,True,short_only,voladj_mom_96,1.5,0.0,24,25.819436895090963,0.4807844002671091
2026-06-22T17:42:33,2026-06-22 17:10:00,HYDR,-8.37911319732666,3.523275375366211,42.0,9.0,True,True,0.3182,0.3182,0.3168,False,validation_gate_passed,0.0,True,short_only,voladj_mom_96,1.5,0.0,24,25.819436895090963,0.4807844002671091
2026-06-22T17:42:33,2026-06-22 17:10:00,MOEX,-7.419118881225586,4.483269691467285,44.0,7.0,True,True,166.09,166.09,165.75,False,validation_gate_passed,0.0,True,short_only,voladj_mom_96,1.5,0.0,24,25.819436895090963,0.4807844002671091
2026-06-22T17:42:33,2026-06-22 17:10:00,MTLR,-18.083738327026367,-6.181349754333496,6.0,45.0,True,True,39.84,39.84,39.85,False,validation_gate_passed,0.0,True,short_only,voladj_mom_96,1.5,0.0,24,25.819436895090963,0.4807844002671091
2026-06-22T17:42:33,2026-06-22 17:10:00,NLMK,-18.641494750976562,-6.739106178283691,4.0,47.0,True,True,65.16,65.16,65.22,False,validation_gate_passed,0.0,True,short_only,voladj_mom_96,1.5,0.0,24,25.819436895090963,0.4807844002671091
2026-06-22T17:42:33,2026-06-22 17:10:00,OZON,-7.28777551651001,4.614613056182861,45.0,6.0,True,True,3634.5,3634.5,3638.5,False,validation_gate_passed,0.0,True,short_only,voladj_mom_96,1.5,0.0,24,25.819436895090963,0.4807844002671091
2026-06-22T17:42:33,2026-06-22 17:10:00,PLZL,-2.692575693130493,9.209812879562378,48.0,3.0,True,True,2001.6,2001.6,1994.8,False,validation_gate_passed,0.0,True,short_only,voladj_mom_96,1.5,0.0,24,25.819436895090963,0.4807844002671091
2026-06-22T17:42:33,2026-06-22 17:10:00,RNFT,-20.05036735534668,-8.147978782653809,3.0,48.0,True,True,71.8,71.8,71.6,True,validation_gate_passed,-0.5,True,short_only,voladj_mom_96,1.5,0.0,24,25.819436895090963,0.4807844002671091
2026-06-22T17:42:33,2026-06-22 17:10:00,SGZH,-18.520517349243164,-6.618128776550293,5.0,46.0,True,True,0.7025,0.7025,0.7135,False,validation_gate_passed,0.0,True,short_only,voladj_mom_96,1.5,0.0,24,25.819436895090963,0.4807844002671091
2026-06-22T17:42:33,2026-06-22 17:10:00,SMLT,-20.742639541625977,-8.840250968933105,2.0,49.0,True,True,315.0,315.0,316.4,True,validation_gate_passed,-0.5,True,short_only,voladj_mom_96,1.5,0.0,24,25.819436895090963,0.4807844002671091
2026-06-22T17:42:33,2026-06-22 17:10:00,SVCB,2.234806537628174,14.137195110321045,50.0,1.0,True,True,10.81,10.81,10.805,False,validation_gate_passed,0.0,True,short_only,voladj_mom_96,1.5,0.0,24,25.819436895090963,0.4807844002671091
2026-06-22T17:42:33,2026-06-22 17:10:00,TATN,-7.583476543426514,4.318912029266357,43.0,8.0,True,True,508.7,508.7,509.7,False,validation_gate_passed,0.0,True,short_only,voladj_mom_96,1.5,0.0,24,25.819436895090963,0.4807844002671091
2026-06-22T17:42:33,2026-06-22 17:10:00,VKCO,-16.264184951782227,-4.3617963790893555,10.0,41.0,True,True,207.45,207.45,205.7,False,validation_gate_passed,0.0,True,short_only,voladj_mom_96,1.5,0.0,24,25.819436895090963,0.4807844002671091
2026-06-22T17:43:42,2026-06-22 17:10:00,AFKS,-8.404839515686035,3.497549057006836,41.0,10.0,True,True,12.964,12.964,12.983,False,validation_gate_passed,0.0,True,short_only,voladj_mom_96,1.5,0.0,24,25.819436895090963,0.4807844002671091
2026-06-22T17:43:42,2026-06-22 17:10:00,ASTR,-17.247570037841797,-5.345181465148926,7.0,44.0,True,True,156.3,156.3,156.35,False,validation_gate_passed,0.0,True,short_only,voladj_mom_96,1.5,0.0,24,25.819436895090963,0.4807844002671091
2026-06-22T17:43:42,2026-06-22 17:10:00,BSPB,-16.422164916992188,-4.519776344299316,9.0,42.0,True,True,270.62,270.62,269.57,False,validation_gate_passed,0.0,True,short_only,voladj_mom_96,1.5,0.0,24,25.819436895090963,0.4807844002671091
2026-06-22T17:43:42,2026-06-22 17:10:00,CBOM,-6.837411880493164,5.064976692199707,47.0,4.0,True,True,8.199,8.199,8.236,False,validation_gate_passed,0.0,True,short_only,voladj_mom_96,1.5,0.0,24,25.819436895090963,0.4807844002671091
2026-06-22T17:43:42,2026-06-22 17:10:00,CNRU,-25.51936912536621,-13.61698055267334,1.0,50.0,True,True,548.2,548.2,548.4,True,validation_gate_passed,-0.5,True,short_only,voladj_mom_96,1.5,0.0,24,25.819436895090963,0.4807844002671091
2026-06-22T17:43:42,2026-06-22 17:10:00,FLOT,-2.549870252609253,9.352518320083618,49.0,2.0,True,True,74.48,74.48,74.51,False,validation_gate_passed,0.0,True,short_only,voladj_mom_96,1.5,0.0,24,25.819436895090963,0.4807844002671091
2026-06-22T17:43:42,2026-06-22 17:10:00,GAZP,-16.97823715209961,-5.075848579406738,8.0,43.0,True,True,99.52,99.52,99.64,False,validation_gate_passed,0.0,True,short_only,voladj_mom_96,1.5,0.0,24,25.819436895090963,0.4807844002671091
2026-06-22T17:43:42,2026-06-22 17:10:00,HEAD,-7.0267181396484375,4.875670433044434,46.0,5.0,True,True,2672.0,2672.0,2675.0,False,validation_gate_passed,0.0,True,short_only,voladj_mom_96,1.5,0.0,24,25.819436895090963,0.4807844002671091
2026-06-22T17:43:42,2026-06-22 17:10:00,HYDR,-8.37911319732666,3.523275375366211,42.0,9.0,True,True,0.3182,0.3182,0.3168,False,validation_gate_passed,0.0,True,short_only,voladj_mom_96,1.5,0.0,24,25.819436895090963,0.4807844002671091
2026-06-22T17:43:42,2026-06-22 17:10:00,MOEX,-7.419118881225586,4.483269691467285,44.0,7.0,True,True,165.9,165.9,165.75,False,validation_gate_passed,0.0,True,short_only,voladj_mom_96,1.5,0.0,24,25.819436895090963,0.4807844002671091
2026-06-22T17:43:42,2026-06-22 17:10:00,MTLR,-18.083738327026367,-6.181349754333496,6.0,45.0,True,True,39.8,39.8,39.85,False,validation_gate_passed,0.0,True,short_only,voladj_mom_96,1.5,0.0,24,25.819436895090963,0.4807844002671091
2026-06-22T17:43:42,2026-06-22 17:10:00,NLMK,-18.641494750976562,-6.739106178283691,4.0,47.0,True,True,65.06,65.06,65.22,False,validation_gate_passed,0.0,True,short_only,voladj_mom_96,1.5,0.0,24,25.819436895090963,0.4807844002671091
2026-06-22T17:43:42,2026-06-22 17:10:00,OZON,-7.28777551651001,4.614613056182861,45.0,6.0,True,True,3633.0,3633.0,3638.5,False,validation_gate_passed,0.0,True,short_only,voladj_mom_96,1.5,0.0,24,25.819436895090963,0.4807844002671091
2026-06-22T17:43:42,2026-06-22 17:10:00,PLZL,-2.692575693130493,9.209812879562378,48.0,3.0,True,True,2004.8,2004.8,1994.8,False,validation_gate_passed,0.0,True,short_only,voladj_mom_96,1.5,0.0,24,25.819436895090963,0.4807844002671091
2026-06-22T17:43:42,2026-06-22 17:10:00,RNFT,-20.05036735534668,-8.147978782653809,3.0,48.0,True,True,71.65,71.65,71.6,True,validation_gate_passed,-0.5,True,short_only,voladj_mom_96,1.5,0.0,24,25.819436895090963,0.4807844002671091
2026-06-22T17:43:42,2026-06-22 17:10:00,SGZH,-18.520517349243164,-6.618128776550293,5.0,46.0,True,True,0.703,0.703,0.7135,False,validation_gate_passed,0.0,True,short_only,voladj_mom_96,1.5,0.0,24,25.819436895090963,0.4807844002671091
2026-06-22T17:43:42,2026-06-22 17:10:00,SMLT,-20.742639541625977,-8.840250968933105,2.0,49.0,True,True,314.6,314.6,316.4,True,validation_gate_passed,-0.5,True,short_only,voladj_mom_96,1.5,0.0,24,25.819436895090963,0.4807844002671091
2026-06-22T17:43:42,2026-06-22 17:10:00,SVCB,2.234806537628174,14.137195110321045,50.0,1.0,True,True,10.77,10.77,10.805,False,validation_gate_passed,0.0,True,short_only,voladj_mom_96,1.5,0.0,24,25.819436895090963,0.4807844002671091
2026-06-22T17:43:42,2026-06-22 17:10:00,TATN,-7.583476543426514,4.318912029266357,43.0,8.0,True,True,508.7,508.7,509.7,False,validation_gate_passed,0.0,True,short_only,voladj_mom_96,1.5,0.0,24,25.819436895090963,0.4807844002671091
2026-06-22T17:43:42,2026-06-22 17:10:00,VKCO,-16.264184951782227,-4.3617963790893555,10.0,41.0,True,True,207.25,207.25,205.7,False,validation_gate_passed,0.0,True,short_only,voladj_mom_96,1.5,0.0,24,25.819436895090963,0.4807844002671091
2026-06-22T17:44:52,2026-06-22 17:20:00,AFKS,-7.703516960144043,2.709202766418457,43.0,8.0,True,True,12.931,12.931,,False,validation_gate_passed,0.0,True,short_only,voladj_mom_96,1.0,0.0,24,18.95794472642798,0.012861451362211618
2026-06-22T17:44:52,2026-06-22 17:20:00,ASTR,-16.216650009155273,-5.803930282592773,8.0,43.0,True,True,155.5,155.5,,False,validation_gate_passed,0.0,True,short_only,voladj_mom_96,1.0,0.0,24,18.95794472642798,0.012861451362211618
2026-06-22T17:44:52,2026-06-22 17:20:00,BSPB,-15.737709999084473,-5.324990272521973,10.0,41.0,True,True,269.45,269.45,,False,validation_gate_passed,0.0,True,short_only,voladj_mom_96,1.0,0.0,24,18.95794472642798,0.012861451362211618
2026-06-22T17:44:52,2026-06-22 17:20:00,CNRU,-25.447586059570312,-15.034866333007812,1.0,50.0,True,True,547.4,547.4,,True,validation_gate_passed,-0.3333333432674408,True,short_only,voladj_mom_96,1.0,0.0,24,18.95794472642798,0.012861451362211618
2026-06-22T17:44:52,2026-06-22 17:20:00,FLOT,-2.533282518386841,7.879437208175659,48.0,3.0,True,True,74.43,74.43,,False,validation_gate_passed,0.0,True,short_only,voladj_mom_96,1.0,0.0,24,18.95794472642798,0.012861451362211618
2026-06-22T17:44:52,2026-06-22 17:20:00,GMKN,-6.808140754699707,3.604578971862793,46.0,5.0,True,True,128.9,128.9,,False,validation_gate_passed,0.0,True,short_only,voladj_mom_96,1.0,0.0,24,18.95794472642798,0.012861451362211618
2026-06-22T17:44:52,2026-06-22 17:20:00,HEAD,-6.254558563232422,4.158161163330078,47.0,4.0,True,True,2672.0,2672.0,,False,validation_gate_passed,0.0,True,short_only,voladj_mom_96,1.0,0.0,24,18.95794472642798,0.012861451362211618
2026-06-22T17:44:52,2026-06-22 17:20:00,MOEX,-6.8130412101745605,3.5996785163879395,45.0,6.0,True,True,165.56,165.56,,False,validation_gate_passed,0.0,True,short_only,voladj_mom_96,1.0,0.0,24,18.95794472642798,0.012861451362211618
2026-06-22T17:44:52,2026-06-22 17:20:00,MTLR,-17.242826461791992,-6.830106735229492,5.0,46.0,True,True,39.7,39.7,,False,validation_gate_passed,0.0,True,short_only,voladj_mom_96,1.0,0.0,24,18.95794472642798,0.012861451362211618
2026-06-22T17:44:52,2026-06-22 17:20:00,OZON,-7.030051231384277,3.3826684951782227,44.0,7.0,True,True,3633.5,3633.5,,False,validation_gate_passed,0.0,True,short_only,voladj_mom_96,1.0,0.0,24,18.95794472642798,0.012861451362211618
2026-06-22T17:44:52,2026-06-22 17:20:00,PLZL,-2.0545730590820312,8.358146667480469,49.0,2.0,True,True,2003.0,2003.0,,False,validation_gate_passed,0.0,True,short_only,voladj_mom_96,1.0,0.0,24,18.95794472642798,0.012861451362211618
2026-06-22T17:44:52,2026-06-22 17:20:00,POSI,-7.843747138977051,2.568972587585449,42.0,9.0,True,True,784.8,784.8,,False,validation_gate_passed,0.0,True,short_only,voladj_mom_96,1.0,0.0,24,18.95794472642798,0.012861451362211618
2026-06-22T17:44:52,2026-06-22 17:20:00,RAGR,-16.91084098815918,-6.49812126159668,6.0,45.0,True,True,84.7,84.7,,False,validation_gate_passed,0.0,True,short_only,voladj_mom_96,1.0,0.0,24,18.95794472642798,0.012861451362211618
2026-06-22T17:44:52,2026-06-22 17:20:00,RNFT,-20.96954345703125,-10.55682373046875,2.0,49.0,True,True,71.35,71.35,,True,validation_gate_passed,-0.3333333432674408,True,short_only,voladj_mom_96,1.0,0.0,24,18.95794472642798,0.012861451362211618
2026-06-22T17:44:52,2026-06-22 17:20:00,ROSN,-16.68189239501953,-6.269172668457031,7.0,44.0,True,True,299.85,299.85,,False,validation_gate_passed,0.0,True,short_only,voladj_mom_96,1.0,0.0,24,18.95794472642798,0.012861451362211618
2026-06-22T17:44:52,2026-06-22 17:20:00,SGZH,-19.400484085083008,-8.987764358520508,4.0,47.0,True,True,0.7035,0.7035,,False,validation_gate_passed,0.0,True,short_only,voladj_mom_96,1.0,0.0,24,18.95794472642798,0.012861451362211618
2026-06-22T17:44:52,2026-06-22 17:20:00,SMLT,-20.322559356689453,-9.909839630126953,3.0,48.0,True,True,314.2,314.2,,True,validation_gate_passed,-0.3333333432674408,True,short_only,voladj_mom_96,1.0,0.0,24,18.95794472642798,0.012861451362211618
2026-06-22T17:44:52,2026-06-22 17:20:00,SVCB,3.1073617935180664,13.520081520080566,50.0,1.0,True,True,10.755,10.755,,False,validation_gate_passed,0.0,True,short_only,voladj_mom_96,1.0,0.0,24,18.95794472642798,0.012861451362211618
2026-06-22T17:44:52,2026-06-22 17:20:00,TATN,-7.899046897888184,2.5136728286743164,41.0,10.0,True,True,507.8,507.8,,False,validation_gate_passed,0.0,True,short_only,voladj_mom_96,1.0,0.0,24,18.95794472642798,0.012861451362211618
2026-06-22T17:44:52,2026-06-22 17:20:00,VTBR,-15.873224258422852,-5.460504531860352,9.0,42.0,True,True,70.99,70.99,,False,validation_gate_passed,0.0,True,short_only,voladj_mom_96,1.0,0.0,24,18.95794472642798,0.012861451362211618
2026-06-22T17:46:23,2026-06-22 17:20:00,AFKS,-7.703516960144043,2.709202766418457,43.0,8.0,True,True,12.973,12.973,12.934,False,validation_gate_passed,0.0,True,short_only,voladj_mom_96,1.0,0.0,24,18.95794472642798,0.012861451362211618
2026-06-22T17:46:23,2026-06-22 17:20:00,ASTR,-16.216650009155273,-5.803930282592773,8.0,43.0,True,True,156.65,156.65,155.75,False,validation_gate_passed,0.0,True,short_only,voladj_mom_96,1.0,0.0,24,18.95794472642798,0.012861451362211618
2026-06-22T17:46:23,2026-06-22 17:20:00,BSPB,-15.737709999084473,-5.324990272521973,10.0,41.0,True,True,270.92,270.92,269.86,False,validation_gate_passed,0.0,True,short_only,voladj_mom_96,1.0,0.0,24,18.95794472642798,0.012861451362211618
2026-06-22T17:46:23,2026-06-22 17:20:00,CNRU,-25.447586059570312,-15.034866333007812,1.0,50.0,True,True,550.6,550.6,547.6,True,validation_gate_passed,-0.3333333432674408,True,short_only,voladj_mom_96,1.0,0.0,24,18.95794472642798,0.012861451362211618
2026-06-22T17:46:23,2026-06-22 17:20:00,FLOT,-2.533282518386841,7.879437208175659,48.0,3.0,True,True,74.5,74.5,74.44,False,validation_gate_passed,0.0,True,short_only,voladj_mom_96,1.0,0.0,24,18.95794472642798,0.012861451362211618
2026-06-22T17:46:23,2026-06-22 17:20:00,GMKN,-6.808140754699707,3.604578971862793,46.0,5.0,True,True,129.2,129.2,128.94,False,validation_gate_passed,0.0,True,short_only,voladj_mom_96,1.0,0.0,24,18.95794472642798,0.012861451362211618
2026-06-22T17:46:23,2026-06-22 17:20:00,HEAD,-6.254558563232422,4.158161163330078,47.0,4.0,True,True,2677.0,2677.0,2673.0,False,validation_gate_passed,0.0,True,short_only,voladj_mom_96,1.0,0.0,24,18.95794472642798,0.012861451362211618
2026-06-22T17:46:23,2026-06-22 17:20:00,MOEX,-6.8130412101745605,3.5996785163879395,45.0,6.0,True,True,166.02,166.02,165.6,False,validation_gate_passed,0.0,True,short_only,voladj_mom_96,1.0,0.0,24,18.95794472642798,0.012861451362211618
2026-06-22T17:46:23,2026-06-22 17:20:00,MTLR,-17.242826461791992,-6.830106735229492,5.0,46.0,True,True,39.89,39.89,39.6,False,validation_gate_passed,0.0,True,short_only,voladj_mom_96,1.0,0.0,24,18.95794472642798,0.012861451362211618
2026-06-22T17:46:23,2026-06-22 17:20:00,OZON,-7.030051231384277,3.3826684951782227,44.0,7.0,True,True,3639.5,3639.5,3630.0,False,validation_gate_passed,0.0,True,short_only,voladj_mom_96,1.0,0.0,24,18.95794472642798,0.012861451362211618
2026-06-22T17:46:23,2026-06-22 17:20:00,PLZL,-2.0545730590820312,8.358146667480469,49.0,2.0,True,True,2005.2,2005.2,2003.2,False,validation_gate_passed,0.0,True,short_only,voladj_mom_96,1.0,0.0,24,18.95794472642798,0.012861451362211618
2026-06-22T17:46:23,2026-06-22 17:20:00,POSI,-7.843747138977051,2.568972587585449,42.0,9.0,True,True,789.6,789.6,784.8,False,validation_gate_passed,0.0,True,short_only,voladj_mom_96,1.0,0.0,24,18.95794472642798,0.012861451362211618
2026-06-22T17:46:23,2026-06-22 17:20:00,RAGR,-16.91084098815918,-6.49812126159668,6.0,45.0,True,True,85.6,85.6,84.72,False,validation_gate_passed,0.0,True,short_only,voladj_mom_96,1.0,0.0,24,18.95794472642798,0.012861451362211618
2026-06-22T17:46:23,2026-06-22 17:20:00,RNFT,-20.96954345703125,-10.55682373046875,2.0,49.0,True,True,71.75,71.75,71.4,True,validation_gate_passed,-0.3333333432674408,True,short_only,voladj_mom_96,1.0,0.0,24,18.95794472642798,0.012861451362211618
2026-06-22T17:46:23,2026-06-22 17:20:00,ROSN,-16.68189239501953,-6.269172668457031,7.0,44.0,True,True,302.2,302.2,299.7,False,validation_gate_passed,0.0,True,short_only,voladj_mom_96,1.0,0.0,24,18.95794472642798,0.012861451362211618
2026-06-22T17:46:23,2026-06-22 17:20:00,SGZH,-19.400484085083008,-8.987764358520508,4.0,47.0,True,True,0.707,0.707,0.703,False,validation_gate_passed,0.0,True,short_only,voladj_mom_96,1.0,0.0,24,18.95794472642798,0.012861451362211618
2026-06-22T17:46:23,2026-06-22 17:20:00,SMLT,-20.322559356689453,-9.909839630126953,3.0,48.0,True,True,318.2,318.2,314.4,True,validation_gate_passed,-0.3333333432674408,True,short_only,voladj_mom_96,1.0,0.0,24,18.95794472642798,0.012861451362211618
2026-06-22T17:46:23,2026-06-22 17:20:00,SVCB,3.1073617935180664,13.520081520080566,50.0,1.0,True,True,10.78,10.78,10.76,False,validation_gate_passed,0.0,True,short_only,voladj_mom_96,1.0,0.0,24,18.95794472642798,0.012861451362211618
2026-06-22T17:46:23,2026-06-22 17:20:00,TATN,-7.899046897888184,2.5136728286743164,41.0,10.0,True,True,509.7,509.7,508.0,False,validation_gate_passed,0.0,True,short_only,voladj_mom_96,1.0,0.0,24,18.95794472642798,0.012861451362211618
2026-06-22T17:46:23,2026-06-22 17:20:00,VTBR,-15.873224258422852,-5.460504531860352,9.0,42.0,True,True,71.275,71.275,70.995,False,validation_gate_passed,0.0,True,short_only,voladj_mom_96,1.0,0.0,24,18.95794472642798,0.012861451362211618
2026-06-22T17:47:32,2026-06-22 17:20:00,AFKS,-7.703516960144043,2.6199464797973633,42.0,8.0,True,True,12.997,12.997,12.934,False,validation_gate_passed,0.0,True,short_only,voladj_mom_96,1.0,0.0,24,18.95794472642798,0.012861451362211618
2026-06-22T17:47:32,2026-06-22 17:20:00,ASTR,-16.216650009155273,-5.893186569213867,8.0,42.0,True,True,157.55,157.55,155.75,False,validation_gate_passed,0.0,True,short_only,voladj_mom_96,1.0,0.0,24,18.95794472642798,0.012861451362211618
2026-06-22T17:47:32,2026-06-22 17:20:00,BSPB,-15.737709999084473,-5.414246559143066,10.0,40.0,True,True,270.96,270.96,269.86,False,validation_gate_passed,0.0,True,short_only,voladj_mom_96,1.0,0.0,24,18.95794472642798,0.012861451362211618
2026-06-22T17:47:32,2026-06-22 17:20:00,CNRU,-25.447586059570312,-15.124122619628906,1.0,49.0,True,True,550.8,550.8,547.6,True,validation_gate_passed,-0.3333333432674408,True,short_only,voladj_mom_96,1.0,0.0,24,18.95794472642798,0.012861451362211618
2026-06-22T17:47:32,2026-06-22 17:20:00,FLOT,-2.533282518386841,7.790180921554565,47.0,3.0,True,True,74.56,74.56,74.44,False,validation_gate_passed,0.0,True,short_only,voladj_mom_96,1.0,0.0,24,18.95794472642798,0.012861451362211618
2026-06-22T17:47:32,2026-06-22 17:20:00,GMKN,-6.808140754699707,3.515322685241699,45.0,5.0,True,True,129.1,129.1,128.94,False,validation_gate_passed,0.0,True,short_only,voladj_mom_96,1.0,0.0,24,18.95794472642798,0.012861451362211618
2026-06-22T17:47:32,2026-06-22 17:20:00,HEAD,-6.254558563232422,4.068904876708984,46.0,4.0,True,True,2678.0,2678.0,2673.0,False,validation_gate_passed,0.0,True,short_only,voladj_mom_96,1.0,0.0,24,18.95794472642798,0.012861451362211618
2026-06-22T17:47:32,2026-06-22 17:20:00,MOEX,-6.8130412101745605,3.5104222297668457,44.0,6.0,True,True,166.29,166.29,165.6,False,validation_gate_passed,0.0,True,short_only,voladj_mom_96,1.0,0.0,24,18.95794472642798,0.012861451362211618
2026-06-22T17:47:32,2026-06-22 17:20:00,MTLR,-17.242826461791992,-6.919363021850586,5.0,45.0,True,True,40.04,40.04,39.6,False,validation_gate_passed,0.0,True,short_only,voladj_mom_96,1.0,0.0,24,18.95794472642798,0.012861451362211618
2026-06-22T17:47:32,2026-06-22 17:20:00,OZON,-7.030051231384277,3.293412208557129,43.0,7.0,True,True,3644.5,3644.5,3630.0,False,validation_gate_passed,0.0,True,short_only,voladj_mom_96,1.0,0.0,24,18.95794472642798,0.012861451362211618
2026-06-22T17:47:32,2026-06-22 17:20:00,PLZL,-2.0545730590820312,8.268890380859375,48.0,2.0,True,True,2003.6,2003.6,2003.2,False,validation_gate_passed,0.0,True,short_only,voladj_mom_96,1.0,0.0,24,18.95794472642798,0.012861451362211618
2026-06-22T17:47:32,2026-06-22 17:20:00,POSI,-7.843747138977051,2.4797163009643555,41.0,9.0,True,True,793.6,793.6,784.8,False,validation_gate_passed,0.0,True,short_only,voladj_mom_96,1.0,0.0,24,18.95794472642798,0.012861451362211618
2026-06-22T17:47:32,2026-06-22 17:20:00,RAGR,-16.91084098815918,-6.587377548217773,6.0,44.0,True,True,85.96,85.96,84.72,False,validation_gate_passed,0.0,True,short_only,voladj_mom_96,1.0,0.0,24,18.95794472642798,0.012861451362211618
2026-06-22T17:47:32,2026-06-22 17:20:00,RNFT,-20.96954345703125,-10.646080017089844,2.0,48.0,True,True,72.0,72.0,71.4,True,validation_gate_passed,-0.3333333432674408,True,short_only,voladj_mom_96,1.0,0.0,24,18.95794472642798,0.012861451362211618
2026-06-22T17:47:32,2026-06-22 17:20:00,ROSN,-16.68189239501953,-6.358428955078125,7.0,43.0,True,True,301.3,301.3,299.7,False,validation_gate_passed,0.0,True,short_only,voladj_mom_96,1.0,0.0,24,18.95794472642798,0.012861451362211618
2026-06-22T17:47:32,2026-06-22 17:20:00,SGZH,-19.400484085083008,-9.077020645141602,4.0,46.0,True,True,0.7085,0.7085,0.703,False,validation_gate_passed,0.0,True,short_only,voladj_mom_96,1.0,0.0,24,18.95794472642798,0.012861451362211618
2026-06-22T17:47:32,2026-06-22 17:20:00,SMLT,-20.322559356689453,-9.999095916748047,3.0,47.0,True,True,318.2,318.2,314.4,True,validation_gate_passed,-0.3333333432674408,True,short_only,voladj_mom_96,1.0,0.0,24,18.95794472642798,0.012861451362211618
2026-06-22T17:47:32,2026-06-22 17:20:00,SVCB,3.1073617935180664,13.430825233459473,49.0,1.0,True,True,10.78,10.78,10.76,False,validation_gate_passed,0.0,True,short_only,voladj_mom_96,1.0,0.0,24,18.95794472642798,0.012861451362211618
2026-06-22T17:47:32,2026-06-22 17:20:00,TATN,-7.899046897888184,2.4244165420532227,40.0,10.0,True,True,509.9,509.9,508.0,False,validation_gate_passed,0.0,True,short_only,voladj_mom_96,1.0,0.0,24,18.95794472642798,0.012861451362211618
2026-06-22T17:47:32,2026-06-22 17:20:00,VTBR,-15.873224258422852,-5.549760818481445,9.0,41.0,True,True,71.42,71.42,70.995,False,validation_gate_passed,0.0,True,short_only,voladj_mom_96,1.0,0.0,24,18.95794472642798,0.012861451362211618
2026-06-22T17:48:57,2026-06-22 17:20:00,AFKS,-7.703516960144043,2.709202766418457,43.0,8.0,True,True,12.982,12.982,12.934,False,validation_gate_passed,0.0,True,short_only,voladj_mom_96,1.0,0.0,24,18.95794472642798,0.012861451362211618
2026-06-22T17:48:57,2026-06-22 17:20:00,ASTR,-16.216650009155273,-5.803930282592773,8.0,43.0,True,True,157.45,157.45,155.75,False,validation_gate_passed,0.0,True,short_only,voladj_mom_96,1.0,0.0,24,18.95794472642798,0.012861451362211618
2026-06-22T17:48:57,2026-06-22 17:20:00,BSPB,-15.737709999084473,-5.324990272521973,10.0,41.0,True,True,270.72,270.72,269.86,False,validation_gate_passed,0.0,True,short_only,voladj_mom_96,1.0,0.0,24,18.95794472642798,0.012861451362211618
2026-06-22T17:48:57,2026-06-22 17:20:00,CNRU,-25.447586059570312,-15.034866333007812,1.0,50.0,True,True,551.4,551.4,547.6,True,validation_gate_passed,-0.3333333432674408,True,short_only,voladj_mom_96,1.0,0.0,24,18.95794472642798,0.012861451362211618
2026-06-22T17:48:57,2026-06-22 17:20:00,FLOT,-2.533282518386841,7.879437208175659,48.0,3.0,True,True,74.58,74.58,74.44,False,validation_gate_passed,0.0,True,short_only,voladj_mom_96,1.0,0.0,24,18.95794472642798,0.012861451362211618
2026-06-22T17:48:57,2026-06-22 17:20:00,GMKN,-6.808140754699707,3.604578971862793,46.0,5.0,True,True,129.06,129.06,128.94,False,validation_gate_passed,0.0,True,short_only,voladj_mom_96,1.0,0.0,24,18.95794472642798,0.012861451362211618
2026-06-22T17:48:57,2026-06-22 17:20:00,HEAD,-6.254558563232422,4.158161163330078,47.0,4.0,True,True,2675.0,2675.0,2673.0,False,validation_gate_passed,0.0,True,short_only,voladj_mom_96,1.0,0.0,24,18.95794472642798,0.012861451362211618
2026-06-22T17:48:57,2026-06-22 17:20:00,MOEX,-6.8130412101745605,3.5996785163879395,45.0,6.0,True,True,166.25,166.25,165.6,False,validation_gate_passed,0.0,True,short_only,voladj_mom_96,1.0,0.0,24,18.95794472642798,0.012861451362211618
2026-06-22T17:48:57,2026-06-22 17:20:00,MTLR,-17.242826461791992,-6.830106735229492,5.0,46.0,True,True,39.98,39.98,39.6,False,validation_gate_passed,0.0,True,short_only,voladj_mom_96,1.0,0.0,24,18.95794472642798,0.012861451362211618
2026-06-22T17:48:57,2026-06-22 17:20:00,OZON,-7.030051231384277,3.3826684951782227,44.0,7.0,True,True,3644.5,3644.5,3630.0,False,validation_gate_passed,0.0,True,short_only,voladj_mom_96,1.0,0.0,24,18.95794472642798,0.012861451362211618
2026-06-22T17:48:57,2026-06-22 17:20:00,PLZL,-2.0545730590820312,8.358146667480469,49.0,2.0,True,True,2003.6,2003.6,2003.2,False,validation_gate_passed,0.0,True,short_only,voladj_mom_96,1.0,0.0,24,18.95794472642798,0.012861451362211618
2026-06-22T17:48:57,2026-06-22 17:20:00,POSI,-7.843747138977051,2.568972587585449,42.0,9.0,True,True,792.6,792.6,784.8,False,validation_gate_passed,0.0,True,short_only,voladj_mom_96,1.0,0.0,24,18.95794472642798,0.012861451362211618
2026-06-22T17:48:57,2026-06-22 17:20:00,RAGR,-16.91084098815918,-6.49812126159668,6.0,45.0,True,True,85.96,85.96,84.72,False,validation_gate_passed,0.0,True,short_only,voladj_mom_96,1.0,0.0,24,18.95794472642798,0.012861451362211618
2026-06-22T17:48:57,2026-06-22 17:20:00,RNFT,-20.96954345703125,-10.55682373046875,2.0,49.0,True,True,71.9,71.9,71.4,True,validation_gate_passed,-0.3333333432674408,True,short_only,voladj_mom_96,1.0,0.0,24,18.95794472642798,0.012861451362211618
2026-06-22T17:48:57,2026-06-22 17:20:00,ROSN,-16.68189239501953,-6.269172668457031,7.0,44.0,True,True,301.2,301.2,299.7,False,validation_gate_passed,0.0,True,short_only,voladj_mom_96,1.0,0.0,24,18.95794472642798,0.012861451362211618
2026-06-22T17:48:57,2026-06-22 17:20:00,SGZH,-19.400484085083008,-8.987764358520508,4.0,47.0,True,True,0.709,0.709,0.703,False,validation_gate_passed,0.0,True,short_only,voladj_mom_96,1.0,0.0,24,18.95794472642798,0.012861451362211618
2026-06-22T17:48:57,2026-06-22 17:20:00,SMLT,-20.322559356689453,-9.909839630126953,3.0,48.0,True,True,318.2,318.2,314.4,True,validation_gate_passed,-0.3333333432674408,True,short_only,voladj_mom_96,1.0,0.0,24,18.95794472642798,0.012861451362211618
2026-06-22T17:48:57,2026-06-22 17:20:00,SVCB,3.1073617935180664,13.520081520080566,50.0,1.0,True,True,10.77,10.77,10.76,False,validation_gate_passed,0.0,True,short_only,voladj_mom_96,1.0,0.0,24,18.95794472642798,0.012861451362211618
2026-06-22T17:48:57,2026-06-22 17:20:00,TATN,-7.899046897888184,2.5136728286743164,41.0,10.0,True,True,509.7,509.7,508.0,False,validation_gate_passed,0.0,True,short_only,voladj_mom_96,1.0,0.0,24,18.95794472642798,0.012861451362211618
2026-06-22T17:48:57,2026-06-22 17:20:00,VTBR,-15.873224258422852,-5.460504531860352,9.0,42.0,True,True,71.36,71.36,70.995,False,validation_gate_passed,0.0,True,short_only,voladj_mom_96,1.0,0.0,24,18.95794472642798,0.012861451362211618
2026-06-22T17:50:05,2026-06-22 17:20:00,AFKS,-7.703516960144043,2.709202766418457,43.0,8.0,True,True,12.965,12.965,12.934,False,validation_gate_passed,0.0,True,short_only,voladj_mom_96,1.0,0.0,24,18.95794472642798,0.012861451362211618
2026-06-22T17:50:05,2026-06-22 17:20:00,ASTR,-16.216650009155273,-5.803930282592773,8.0,43.0,True,True,157.2,157.2,155.75,False,validation_gate_passed,0.0,True,short_only,voladj_mom_96,1.0,0.0,24,18.95794472642798,0.012861451362211618
2026-06-22T17:50:05,2026-06-22 17:20:00,BSPB,-15.737709999084473,-5.324990272521973,10.0,41.0,True,True,270.56,270.56,269.86,False,validation_gate_passed,0.0,True,short_only,voladj_mom_96,1.0,0.0,24,18.95794472642798,0.012861451362211618
2026-06-22T17:50:05,2026-06-22 17:20:00,CNRU,-25.447586059570312,-15.034866333007812,1.0,50.0,True,True,552.0,552.0,547.6,True,validation_gate_passed,-0.3333333432674408,True,short_only,voladj_mom_96,1.0,0.0,24,18.95794472642798,0.012861451362211618
2026-06-22T17:50:05,2026-06-22 17:20:00,FLOT,-2.533282518386841,7.879437208175659,48.0,3.0,True,True,74.54,74.54,74.44,False,validation_gate_passed,0.0,True,short_only,voladj_mom_96,1.0,0.0,24,18.95794472642798,0.012861451362211618
2026-06-22T17:50:05,2026-06-22 17:20:00,GMKN,-6.808140754699707,3.604578971862793,46.0,5.0,True,True,128.84,128.84,128.94,False,validation_gate_passed,0.0,True,short_only,voladj_mom_96,1.0,0.0,24,18.95794472642798,0.012861451362211618
2026-06-22T17:50:05,2026-06-22 17:20:00,HEAD,-6.254558563232422,4.158161163330078,47.0,4.0,True,True,2675.0,2675.0,2673.0,False,validation_gate_passed,0.0,True,short_only,voladj_mom_96,1.0,0.0,24,18.95794472642798,0.012861451362211618
2026-06-22T17:50:05,2026-06-22 17:20:00,MOEX,-6.8130412101745605,3.5996785163879395,45.0,6.0,True,True,165.81,165.81,165.6,False,validation_gate_passed,0.0,True,short_only,voladj_mom_96,1.0,0.0,24,18.95794472642798,0.012861451362211618
2026-06-22T17:50:05,2026-06-22 17:20:00,MTLR,-17.242826461791992,-6.830106735229492,5.0,46.0,True,True,39.93,39.93,39.6,False,validation_gate_passed,0.0,True,short_only,voladj_mom_96,1.0,0.0,24,18.95794472642798,0.012861451362211618
2026-06-22T17:50:05,2026-06-22 17:20:00,OZON,-7.030051231384277,3.3826684951782227,44.0,7.0,True,True,3642.0,3642.0,3630.0,False,validation_gate_passed,0.0,True,short_only,voladj_mom_96,1.0,0.0,24,18.95794472642798,0.012861451362211618
2026-06-22T17:50:05,2026-06-22 17:20:00,PLZL,-2.0545730590820312,8.358146667480469,49.0,2.0,True,True,2002.2,2002.2,2003.2,False,validation_gate_passed,0.0,True,short_only,voladj_mom_96,1.0,0.0,24,18.95794472642798,0.012861451362211618
2026-06-22T17:50:05,2026-06-22 17:20:00,POSI,-7.843747138977051,2.568972587585449,42.0,9.0,True,True,791.0,791.0,784.8,False,validation_gate_passed,0.0,True,short_only,voladj_mom_96,1.0,0.0,24,18.95794472642798,0.012861451362211618
2026-06-22T17:50:05,2026-06-22 17:20:00,RAGR,-16.91084098815918,-6.49812126159668,6.0,45.0,True,True,85.86,85.86,84.72,False,validation_gate_passed,0.0,True,short_only,voladj_mom_96,1.0,0.0,24,18.95794472642798,0.012861451362211618
2026-06-22T17:50:05,2026-06-22 17:20:00,RNFT,-20.96954345703125,-10.55682373046875,2.0,49.0,True,True,71.8,71.8,71.4,True,validation_gate_passed,-0.3333333432674408,True,short_only,voladj_mom_96,1.0,0.0,24,18.95794472642798,0.012861451362211618
2026-06-22T17:50:05,2026-06-22 17:20:00,ROSN,-16.68189239501953,-6.269172668457031,7.0,44.0,True,True,300.5,300.5,299.7,False,validation_gate_passed,0.0,True,short_only,voladj_mom_96,1.0,0.0,24,18.95794472642798,0.012861451362211618
2026-06-22T17:50:05,2026-06-22 17:20:00,SGZH,-19.400484085083008,-8.987764358520508,4.0,47.0,True,True,0.711,0.711,0.703,False,validation_gate_passed,0.0,True,short_only,voladj_mom_96,1.0,0.0,24,18.95794472642798,0.012861451362211618
2026-06-22T17:50:05,2026-06-22 17:20:00,SMLT,-20.322559356689453,-9.909839630126953,3.0,48.0,True,True,318.2,318.2,314.4,True,validation_gate_passed,-0.3333333432674408,True,short_only,voladj_mom_96,1.0,0.0,24,18.95794472642798,0.012861451362211618
2026-06-22T17:50:05,2026-06-22 17:20:00,SVCB,3.1073617935180664,13.520081520080566,50.0,1.0,True,True,10.76,10.76,10.76,False,validation_gate_passed,0.0,True,short_only,voladj_mom_96,1.0,0.0,24,18.95794472642798,0.012861451362211618
2026-06-22T17:50:05,2026-06-22 17:20:00,TATN,-7.899046897888184,2.5136728286743164,41.0,10.0,True,True,509.1,509.1,508.0,False,validation_gate_passed,0.0,True,short_only,voladj_mom_96,1.0,0.0,24,18.95794472642798,0.012861451362211618
2026-06-22T17:50:05,2026-06-22 17:20:00,VTBR,-15.873224258422852,-5.460504531860352,9.0,42.0,True,True,71.195,71.195,70.995,False,validation_gate_passed,0.0,True,short_only,voladj_mom_96,1.0,0.0,24,18.95794472642798,0.012861451362211618
2026-06-22T17:51:14,2026-06-22 17:20:00,AFKS,-7.703516960144043,2.709202766418457,43.0,8.0,True,True,12.992,12.992,12.934,False,validation_gate_passed,0.0,True,short_only,voladj_mom_96,1.0,0.0,24,18.95794472642798,0.012861451362211618
2026-06-22T17:51:14,2026-06-22 17:20:00,ASTR,-16.216650009155273,-5.803930282592773,8.0,43.0,True,True,157.4,157.4,155.75,False,validation_gate_passed,0.0,True,short_only,voladj_mom_96,1.0,0.0,24,18.95794472642798,0.012861451362211618
2026-06-22T17:51:14,2026-06-22 17:20:00,BSPB,-15.737709999084473,-5.324990272521973,10.0,41.0,True,True,270.53,270.53,269.86,False,validation_gate_passed,0.0,True,short_only,voladj_mom_96,1.0,0.0,24,18.95794472642798,0.012861451362211618
2026-06-22T17:51:14,2026-06-22 17:20:00,CNRU,-25.447586059570312,-15.034866333007812,1.0,50.0,True,True,553.4,553.4,547.6,True,validation_gate_passed,-0.3333333432674408,True,short_only,voladj_mom_96,1.0,0.0,24,18.95794472642798,0.012861451362211618
2026-06-22T17:51:14,2026-06-22 17:20:00,FLOT,-2.533282518386841,7.879437208175659,48.0,3.0,True,True,74.55,74.55,74.44,False,validation_gate_passed,0.0,True,short_only,voladj_mom_96,1.0,0.0,24,18.95794472642798,0.012861451362211618
2026-06-22T17:51:14,2026-06-22 17:20:00,GMKN,-6.808140754699707,3.604578971862793,46.0,5.0,True,True,128.98,128.98,128.94,False,validation_gate_passed,0.0,True,short_only,voladj_mom_96,1.0,0.0,24,18.95794472642798,0.012861451362211618
2026-06-22T17:51:14,2026-06-22 17:20:00,HEAD,-6.254558563232422,4.158161163330078,47.0,4.0,True,True,2676.0,2676.0,2673.0,False,validation_gate_passed,0.0,True,short_only,voladj_mom_96,1.0,0.0,24,18.95794472642798,0.012861451362211618
2026-06-22T17:51:14,2026-06-22 17:20:00,MOEX,-6.8130412101745605,3.5996785163879395,45.0,6.0,True,True,166.0,166.0,165.6,False,validation_gate_passed,0.0,True,short_only,voladj_mom_96,1.0,0.0,24,18.95794472642798,0.012861451362211618
2026-06-22T17:51:14,2026-06-22 17:20:00,MTLR,-17.242826461791992,-6.830106735229492,5.0,46.0,True,True,39.97,39.97,39.6,False,validation_gate_passed,0.0,True,short_only,voladj_mom_96,1.0,0.0,24,18.95794472642798,0.012861451362211618
2026-06-22T17:51:14,2026-06-22 17:20:00,OZON,-7.030051231384277,3.3826684951782227,44.0,7.0,True,True,3642.5,3642.5,3630.0,False,validation_gate_passed,0.0,True,short_only,voladj_mom_96,1.0,0.0,24,18.95794472642798,0.012861451362211618
2026-06-22T17:51:14,2026-06-22 17:20:00,PLZL,-2.0545730590820312,8.358146667480469,49.0,2.0,True,True,2000.4,2000.4,2003.2,False,validation_gate_passed,0.0,True,short_only,voladj_mom_96,1.0,0.0,24,18.95794472642798,0.012861451362211618
2026-06-22T17:51:14,2026-06-22 17:20:00,POSI,-7.843747138977051,2.568972587585449,42.0,9.0,True,True,791.6,791.6,784.8,False,validation_gate_passed,0.0,True,short_only,voladj_mom_96,1.0,0.0,24,18.95794472642798,0.012861451362211618
2026-06-22T17:51:14,2026-06-22 17:20:00,RAGR,-16.91084098815918,-6.49812126159668,6.0,45.0,True,True,86.32,86.32,84.72,False,validation_gate_passed,0.0,True,short_only,voladj_mom_96,1.0,0.0,24,18.95794472642798,0.012861451362211618
2026-06-22T17:51:14,2026-06-22 17:20:00,RNFT,-20.96954345703125,-10.55682373046875,2.0,49.0,True,True,72.15,72.15,71.4,True,validation_gate_passed,-0.3333333432674408,True,short_only,voladj_mom_96,1.0,0.0,24,18.95794472642798,0.012861451362211618
2026-06-22T17:51:14,2026-06-22 17:20:00,ROSN,-16.68189239501953,-6.269172668457031,7.0,44.0,True,True,301.55,301.55,299.7,False,validation_gate_passed,0.0,True,short_only,voladj_mom_96,1.0,0.0,24,18.95794472642798,0.012861451362211618
2026-06-22T17:51:14,2026-06-22 17:20:00,SGZH,-19.400484085083008,-8.987764358520508,4.0,47.0,True,True,0.7145,0.7145,0.703,False,validation_gate_passed,0.0,True,short_only,voladj_mom_96,1.0,0.0,24,18.95794472642798,0.012861451362211618
2026-06-22T17:51:14,2026-06-22 17:20:00,SMLT,-20.322559356689453,-9.909839630126953,3.0,48.0,True,True,318.4,318.4,314.4,True,validation_gate_passed,-0.3333333432674408,True,short_only,voladj_mom_96,1.0,0.0,24,18.95794472642798,0.012861451362211618
2026-06-22T17:51:14,2026-06-22 17:20:00,SVCB,3.1073617935180664,13.520081520080566,50.0,1.0,True,True,10.77,10.77,10.76,False,validation_gate_passed,0.0,True,short_only,voladj_mom_96,1.0,0.0,24,18.95794472642798,0.012861451362211618
2026-06-22T17:51:14,2026-06-22 17:20:00,TATN,-7.899046897888184,2.5136728286743164,41.0,10.0,True,True,509.4,509.4,508.0,False,validation_gate_passed,0.0,True,short_only,voladj_mom_96,1.0,0.0,24,18.95794472642798,0.012861451362211618
2026-06-22T17:51:14,2026-06-22 17:20:00,VTBR,-15.873224258422852,-5.460504531860352,9.0,42.0,True,True,71.26,71.26,70.995,False,validation_gate_passed,0.0,True,short_only,voladj_mom_96,1.0,0.0,24,18.95794472642798,0.012861451362211618
2026-06-22T17:52:37,2026-06-22 17:20:00,AFKS,-7.703516960144043,2.709202766418457,43.0,8.0,True,True,12.991,12.991,12.934,False,validation_gate_passed,0.0,True,short_only,voladj_mom_96,1.0,0.0,24,18.95794472642798,0.012861451362211618
2026-06-22T17:52:37,2026-06-22 17:20:00,ASTR,-16.216650009155273,-5.803930282592773,8.0,43.0,True,True,157.15,157.15,155.75,False,validation_gate_passed,0.0,True,short_only,voladj_mom_96,1.0,0.0,24,18.95794472642798,0.012861451362211618
2026-06-22T17:52:37,2026-06-22 17:20:00,BSPB,-15.737709999084473,-5.324990272521973,10.0,41.0,True,True,270.53,270.53,269.86,False,validation_gate_passed,0.0,True,short_only,voladj_mom_96,1.0,0.0,24,18.95794472642798,0.012861451362211618
2026-06-22T17:52:37,2026-06-22 17:20:00,CNRU,-25.447586059570312,-15.034866333007812,1.0,50.0,True,True,554.2,554.2,547.6,True,validation_gate_passed,-0.3333333432674408,True,short_only,voladj_mom_96,1.0,0.0,24,18.95794472642798,0.012861451362211618
2026-06-22T17:52:37,2026-06-22 17:20:00,FLOT,-2.533282518386841,7.879437208175659,48.0,3.0,True,True,74.58,74.58,74.44,False,validation_gate_passed,0.0,True,short_only,voladj_mom_96,1.0,0.0,24,18.95794472642798,0.012861451362211618
2026-06-22T17:52:37,2026-06-22 17:20:00,GMKN,-6.808140754699707,3.604578971862793,46.0,5.0,True,True,128.9,128.9,128.94,False,validation_gate_passed,0.0,True,short_only,voladj_mom_96,1.0,0.0,24,18.95794472642798,0.012861451362211618
2026-06-22T17:52:37,2026-06-22 17:20:00,HEAD,-6.254558563232422,4.158161163330078,47.0,4.0,True,True,2676.0,2676.0,2673.0,False,validation_gate_passed,0.0,True,short_only,voladj_mom_96,1.0,0.0,24,18.95794472642798,0.012861451362211618
2026-06-22T17:52:37,2026-06-22 17:20:00,MOEX,-6.8130412101745605,3.5996785163879395,45.0,6.0,True,True,166.05,166.05,165.6,False,validation_gate_passed,0.0,True,short_only,voladj_mom_96,1.0,0.0,24,18.95794472642798,0.012861451362211618
2026-06-22T17:52:37,2026-06-22 17:20:00,MTLR,-17.242826461791992,-6.830106735229492,5.0,46.0,True,True,40.19,40.19,39.6,False,validation_gate_passed,0.0,True,short_only,voladj_mom_96,1.0,0.0,24,18.95794472642798,0.012861451362211618
2026-06-22T17:52:37,2026-06-22 17:20:00,OZON,-7.030051231384277,3.3826684951782227,44.0,7.0,True,True,3638.5,3638.5,3630.0,False,validation_gate_passed,0.0,True,short_only,voladj_mom_96,1.0,0.0,24,18.95794472642798,0.012861451362211618
2026-06-22T17:52:37,2026-06-22 17:20:00,PLZL,-2.0545730590820312,8.358146667480469,49.0,2.0,True,True,1999.4,1999.4,2003.2,False,validation_gate_passed,0.0,True,short_only,voladj_mom_96,1.0,0.0,24,18.95794472642798,0.012861451362211618
2026-06-22T17:52:37,2026-06-22 17:20:00,POSI,-7.843747138977051,2.568972587585449,42.0,9.0,True,True,790.8,790.8,784.8,False,validation_gate_passed,0.0,True,short_only,voladj_mom_96,1.0,0.0,24,18.95794472642798,0.012861451362211618
2026-06-22T17:52:37,2026-06-22 17:20:00,RAGR,-16.91084098815918,-6.49812126159668,6.0,45.0,True,True,86.34,86.34,84.72,False,validation_gate_passed,0.0,True,short_only,voladj_mom_96,1.0,0.0,24,18.95794472642798,0.012861451362211618
2026-06-22T17:52:37,2026-06-22 17:20:00,RNFT,-20.96954345703125,-10.55682373046875,2.0,49.0,True,True,72.05,72.05,71.4,True,validation_gate_passed,-0.3333333432674408,True,short_only,voladj_mom_96,1.0,0.0,24,18.95794472642798,0.012861451362211618
2026-06-22T17:52:37,2026-06-22 17:20:00,ROSN,-16.68189239501953,-6.269172668457031,7.0,44.0,True,True,300.95,300.95,299.7,False,validation_gate_passed,0.0,True,short_only,voladj_mom_96,1.0,0.0,24,18.95794472642798,0.012861451362211618
2026-06-22T17:52:37,2026-06-22 17:20:00,SGZH,-19.400484085083008,-8.987764358520508,4.0,47.0,True,True,0.712,0.712,0.703,False,validation_gate_passed,0.0,True,short_only,voladj_mom_96,1.0,0.0,24,18.95794472642798,0.012861451362211618
2026-06-22T17:52:37,2026-06-22 17:20:00,SMLT,-20.322559356689453,-9.909839630126953,3.0,48.0,True,True,318.2,318.2,314.4,True,validation_gate_passed,-0.3333333432674408,True,short_only,voladj_mom_96,1.0,0.0,24,18.95794472642798,0.012861451362211618
2026-06-22T17:52:37,2026-06-22 17:20:00,SVCB,3.1073617935180664,13.520081520080566,50.0,1.0,True,True,10.775,10.775,10.76,False,validation_gate_passed,0.0,True,short_only,voladj_mom_96,1.0,0.0,24,18.95794472642798,0.012861451362211618
2026-06-22T17:52:37,2026-06-22 17:20:00,TATN,-7.899046897888184,2.5136728286743164,41.0,10.0,True,True,509.5,509.5,508.0,False,validation_gate_passed,0.0,True,short_only,voladj_mom_96,1.0,0.0,24,18.95794472642798,0.012861451362211618
2026-06-22T17:52:37,2026-06-22 17:20:00,VTBR,-15.873224258422852,-5.460504531860352,9.0,42.0,True,True,71.255,71.255,70.995,False,validation_gate_passed,0.0,True,short_only,voladj_mom_96,1.0,0.0,24,18.95794472642798,0.012861451362211618
2026-06-22T17:53:59,2026-06-22 17:20:00,AFKS,-7.703516960144043,2.709202766418457,43.0,8.0,True,True,12.995,12.995,12.934,False,validation_gate_passed,0.0,True,short_only,voladj_mom_96,1.0,0.0,24,18.95794472642798,0.012861451362211618
2026-06-22T17:53:59,2026-06-22 17:20:00,ASTR,-16.216650009155273,-5.803930282592773,8.0,43.0,True,True,157.6,157.6,155.75,False,validation_gate_passed,0.0,True,short_only,voladj_mom_96,1.0,0.0,24,18.95794472642798,0.012861451362211618
2026-06-22T17:53:59,2026-06-22 17:20:00,BSPB,-15.737709999084473,-5.324990272521973,10.0,41.0,True,True,270.79,270.79,269.86,False,validation_gate_passed,0.0,True,short_only,voladj_mom_96,1.0,0.0,24,18.95794472642798,0.012861451362211618
2026-06-22T17:53:59,2026-06-22 17:20:00,CNRU,-25.447586059570312,-15.034866333007812,1.0,50.0,True,True,552.0,552.0,547.6,True,validation_gate_passed,-0.3333333432674408,True,short_only,voladj_mom_96,1.0,0.0,24,18.95794472642798,0.012861451362211618
2026-06-22T17:53:59,2026-06-22 17:20:00,FLOT,-2.533282518386841,7.879437208175659,48.0,3.0,True,True,74.55,74.55,74.44,False,validation_gate_passed,0.0,True,short_only,voladj_mom_96,1.0,0.0,24,18.95794472642798,0.012861451362211618
2026-06-22T17:53:59,2026-06-22 17:20:00,GMKN,-6.808140754699707,3.604578971862793,46.0,5.0,True,True,128.94,128.94,128.94,False,validation_gate_passed,0.0,True,short_only,voladj_mom_96,1.0,0.0,24,18.95794472642798,0.012861451362211618
2026-06-22T17:53:59,2026-06-22 17:20:00,HEAD,-6.254558563232422,4.158161163330078,47.0,4.0,True,True,2675.0,2675.0,2673.0,False,validation_gate_passed,0.0,True,short_only,voladj_mom_96,1.0,0.0,24,18.95794472642798,0.012861451362211618
2026-06-22T17:53:59,2026-06-22 17:20:00,MOEX,-6.8130412101745605,3.5996785163879395,45.0,6.0,True,True,165.97,165.97,165.6,False,validation_gate_passed,0.0,True,short_only,voladj_mom_96,1.0,0.0,24,18.95794472642798,0.012861451362211618
2026-06-22T17:53:59,2026-06-22 17:20:00,MTLR,-17.242826461791992,-6.830106735229492,5.0,46.0,True,True,40.21,40.21,39.6,False,validation_gate_passed,0.0,True,short_only,voladj_mom_96,1.0,0.0,24,18.95794472642798,0.012861451362211618
2026-06-22T17:53:59,2026-06-22 17:20:00,OZON,-7.030051231384277,3.3826684951782227,44.0,7.0,True,True,3634.0,3634.0,3630.0,False,validation_gate_passed,0.0,True,short_only,voladj_mom_96,1.0,0.0,24,18.95794472642798,0.012861451362211618
2026-06-22T17:53:59,2026-06-22 17:20:00,PLZL,-2.0545730590820312,8.358146667480469,49.0,2.0,True,True,1999.0,1999.0,2003.2,False,validation_gate_passed,0.0,True,short_only,voladj_mom_96,1.0,0.0,24,18.95794472642798,0.012861451362211618
2026-06-22T17:53:59,2026-06-22 17:20:00,POSI,-7.843747138977051,2.568972587585449,42.0,9.0,True,True,790.8,790.8,784.8,False,validation_gate_passed,0.0,True,short_only,voladj_mom_96,1.0,0.0,24,18.95794472642798,0.012861451362211618
2026-06-22T17:53:59,2026-06-22 17:20:00,RAGR,-16.91084098815918,-6.49812126159668,6.0,45.0,True,True,86.28,86.28,84.72,False,validation_gate_passed,0.0,True,short_only,voladj_mom_96,1.0,0.0,24,18.95794472642798,0.012861451362211618
2026-06-22T17:53:59,2026-06-22 17:20:00,RNFT,-20.96954345703125,-10.55682373046875,2.0,49.0,True,True,72.05,72.05,71.4,True,validation_gate_passed,-0.3333333432674408,True,short_only,voladj_mom_96,1.0,0.0,24,18.95794472642798,0.012861451362211618
2026-06-22T17:53:59,2026-06-22 17:20:00,ROSN,-16.68189239501953,-6.269172668457031,7.0,44.0,True,True,299.85,299.85,299.7,False,validation_gate_passed,0.0,True,short_only,voladj_mom_96,1.0,0.0,24,18.95794472642798,0.012861451362211618
2026-06-22T17:53:59,2026-06-22 17:20:00,SGZH,-19.400484085083008,-8.987764358520508,4.0,47.0,True,True,0.7125,0.7125,0.703,False,validation_gate_passed,0.0,True,short_only,voladj_mom_96,1.0,0.0,24,18.95794472642798,0.012861451362211618
2026-06-22T17:53:59,2026-06-22 17:20:00,SMLT,-20.322559356689453,-9.909839630126953,3.0,48.0,True,True,318.2,318.2,314.4,True,validation_gate_passed,-0.3333333432674408,True,short_only,voladj_mom_96,1.0,0.0,24,18.95794472642798,0.012861451362211618
2026-06-22T17:53:59,2026-06-22 17:20:00,SVCB,3.1073617935180664,13.520081520080566,50.0,1.0,True,True,10.76,10.76,10.76,False,validation_gate_passed,0.0,True,short_only,voladj_mom_96,1.0,0.0,24,18.95794472642798,0.012861451362211618
2026-06-22T17:53:59,2026-06-22 17:20:00,TATN,-7.899046897888184,2.5136728286743164,41.0,10.0,True,True,509.3,509.3,508.0,False,validation_gate_passed,0.0,True,short_only,voladj_mom_96,1.0,0.0,24,18.95794472642798,0.012861451362211618
2026-06-22T17:53:59,2026-06-22 17:20:00,VTBR,-15.873224258422852,-5.460504531860352,9.0,42.0,True,True,71.18,71.18,70.995,False,validation_gate_passed,0.0,True,short_only,voladj_mom_96,1.0,0.0,24,18.95794472642798,0.012861451362211618
2026-06-22T17:55:08,2026-06-22 17:30:00,ASTR,-16.830015182495117,-5.891797065734863,9.0,42.0,True,True,157.1,157.1,157.4,False,validation_gate_blocked,0.0,False,short_only,voladj_mom_96,1.5,0.0,24,29.629641133560547,-1.3069865635097933
2026-06-22T17:55:08,2026-06-22 17:30:00,CBOM,-8.450830459594727,2.4873876571655273,42.0,9.0,True,True,8.122,8.122,8.117,False,validation_gate_blocked,0.0,False,short_only,voladj_mom_96,1.5,0.0,24,29.629641133560547,-1.3069865635097933
2026-06-22T17:55:08,2026-06-22 17:30:00,CNRU,-25.79403305053711,-14.855814933776855,1.0,50.0,True,True,552.6,552.6,552.8,False,validation_gate_blocked,0.0,False,short_only,voladj_mom_96,1.5,0.0,24,29.629641133560547,-1.3069865635097933
2026-06-22T17:55:08,2026-06-22 17:30:00,FEES,-16.98714828491211,-6.0489301681518555,8.0,43.0,True,True,0.0496,0.0496,0.04966,False,validation_gate_blocked,0.0,False,short_only,voladj_mom_96,1.5,0.0,24,29.629641133560547,-1.3069865635097933
2026-06-22T17:55:08,2026-06-22 17:30:00,FLOT,-2.994542360305786,7.943675756454468,48.0,3.0,True,True,74.55,74.55,74.59,False,validation_gate_blocked,0.0,False,short_only,voladj_mom_96,1.5,0.0,24,29.629641133560547,-1.3069865635097933
2026-06-22T17:55:08,2026-06-22 17:30:00,GMKN,-6.191915512084961,4.746302604675293,47.0,4.0,True,True,128.82,128.82,128.98,False,validation_gate_blocked,0.0,False,short_only,voladj_mom_96,1.5,0.0,24,29.629641133560547,-1.3069865635097933
2026-06-22T17:55:08,2026-06-22 17:30:00,HEAD,-7.5964813232421875,3.3417367935180664,45.0,6.0,True,True,2674.0,2674.0,2676.0,False,validation_gate_blocked,0.0,False,short_only,voladj_mom_96,1.5,0.0,24,29.629641133560547,-1.3069865635097933
2026-06-22T17:55:08,2026-06-22 17:30:00,HYDR,-8.368803024291992,2.5694150924682617,43.0,8.0,True,True,0.3191,0.3191,0.3193,False,validation_gate_blocked,0.0,False,short_only,voladj_mom_96,1.5,0.0,24,29.629641133560547,-1.3069865635097933
2026-06-22T17:55:08,2026-06-22 17:30:00,MGNT,-8.51204776763916,2.4261703491210938,41.0,10.0,True,True,2002.0,2002.0,2002.0,False,validation_gate_blocked,0.0,False,short_only,voladj_mom_96,1.5,0.0,24,29.629641133560547,-1.3069865635097933
2026-06-22T17:55:08,2026-06-22 17:30:00,MOEX,-7.583708763122559,3.3545093536376953,46.0,5.0,True,True,166.2,166.2,166.24,False,validation_gate_blocked,0.0,False,short_only,voladj_mom_96,1.5,0.0,24,29.629641133560547,-1.3069865635097933
2026-06-22T17:55:08,2026-06-22 17:30:00,MTLR,-18.893451690673828,-7.955233573913574,5.0,46.0,True,True,40.16,40.16,40.23,False,validation_gate_blocked,0.0,False,short_only,voladj_mom_96,1.5,0.0,24,29.629641133560547,-1.3069865635097933
2026-06-22T17:55:08,2026-06-22 17:30:00,NLMK,-16.621158599853516,-5.682940483093262,10.0,41.0,True,True,65.14,65.14,65.2,False,validation_gate_blocked,0.0,False,short_only,voladj_mom_96,1.5,0.0,24,29.629641133560547,-1.3069865635097933
2026-06-22T17:55:08,2026-06-22 17:30:00,OZON,-8.356945037841797,2.581273078918457,44.0,7.0,True,True,3636.0,3636.0,3636.0,False,validation_gate_blocked,0.0,False,short_only,voladj_mom_96,1.5,0.0,24,29.629641133560547,-1.3069865635097933
2026-06-22T17:55:08,2026-06-22 17:30:00,PLZL,-1.446379542350769,9.491838574409485,49.0,2.0,True,True,1998.8,1998.8,1999.8,False,validation_gate_blocked,0.0,False,short_only,voladj_mom_96,1.5,0.0,24,29.629641133560547,-1.3069865635097933
2026-06-22T17:55:08,2026-06-22 17:30:00,RNFT,-20.635150909423828,-9.696932792663574,3.0,48.0,True,True,71.85,71.85,72.0,False,validation_gate_blocked,0.0,False,short_only,voladj_mom_96,1.5,0.0,24,29.629641133560547,-1.3069865635097933
2026-06-22T17:55:08,2026-06-22 17:30:00,ROSN,-18.882173538208008,-7.943955421447754,6.0,45.0,True,True,301.15,301.15,301.0,False,validation_gate_blocked,0.0,False,short_only,voladj_mom_96,1.5,0.0,24,29.629641133560547,-1.3069865635097933
2026-06-22T17:55:08,2026-06-22 17:30:00,SGZH,-20.60518455505371,-9.666966438293457,4.0,47.0,True,True,0.7145,0.7145,0.7145,False,validation_gate_blocked,0.0,False,short_only,voladj_mom_96,1.5,0.0,24,29.629641133560547,-1.3069865635097933
2026-06-22T17:55:08,2026-06-22 17:30:00,SMLT,-21.260833740234375,-10.322615623474121,2.0,49.0,True,True,318.4,318.4,318.8,False,validation_gate_blocked,0.0,False,short_only,voladj_mom_96,1.5,0.0,24,29.629641133560547,-1.3069865635097933
2026-06-22T17:55:08,2026-06-22 17:30:00,SVCB,2.4435043334960938,13.381722450256348,50.0,1.0,True,True,10.77,10.77,10.775,False,validation_gate_blocked,0.0,False,short_only,voladj_mom_96,1.5,0.0,24,29.629641133560547,-1.3069865635097933
2026-06-22T17:55:08,2026-06-22 17:30:00,VTBR,-17.49346351623535,-6.555245399475098,7.0,44.0,True,True,71.155,71.155,71.235,False,validation_gate_blocked,0.0,False,short_only,voladj_mom_96,1.5,0.0,24,29.629641133560547,-1.3069865635097933
2026-06-22T17:56:22,2026-06-22 17:30:00,ASTR,-16.830015182495117,-6.0513916015625,8.0,41.0,True,True,156.7,156.7,157.4,False,validation_gate_blocked,0.0,False,short_only,voladj_mom_96,1.5,0.0,24,29.629641133560547,-1.3069865635097933
2026-06-22T17:56:22,2026-06-22 17:30:00,CBOM,-8.450830459594727,2.3277931213378906,40.0,9.0,True,True,8.165,8.165,8.117,False,validation_gate_blocked,0.0,False,short_only,voladj_mom_96,1.5,0.0,24,29.629641133560547,-1.3069865635097933
2026-06-22T17:56:22,2026-06-22 17:30:00,CNRU,-25.79403305053711,-15.015409469604492,1.0,48.0,True,True,553.8,553.8,552.8,False,validation_gate_blocked,0.0,False,short_only,voladj_mom_96,1.5,0.0,24,29.629641133560547,-1.3069865635097933
2026-06-22T17:56:22,2026-06-22 17:30:00,FLOT,-2.994542360305786,7.784081220626831,46.0,3.0,True,True,74.51,74.51,74.59,False,validation_gate_blocked,0.0,False,short_only,voladj_mom_96,1.5,0.0,24,29.629641133560547,-1.3069865635097933
2026-06-22T17:56:22,2026-06-22 17:30:00,GAZP,-16.54956817626953,-5.770944595336914,10.0,39.0,True,True,99.67,99.67,99.84,False,validation_gate_blocked,0.0,False,short_only,voladj_mom_96,1.5,0.0,24,29.629641133560547,-1.3069865635097933
2026-06-22T17:56:22,2026-06-22 17:30:00,GMKN,-6.191915512084961,4.586708068847656,45.0,4.0,True,True,128.76,128.76,128.98,False,validation_gate_blocked,0.0,False,short_only,voladj_mom_96,1.5,0.0,24,29.629641133560547,-1.3069865635097933
2026-06-22T17:56:22,2026-06-22 17:30:00,HEAD,-7.5964813232421875,3.1821422576904297,43.0,6.0,True,True,2675.0,2675.0,2676.0,False,validation_gate_blocked,0.0,False,short_only,voladj_mom_96,1.5,0.0,24,29.629641133560547,-1.3069865635097933
2026-06-22T17:56:22,2026-06-22 17:30:00,HYDR,-8.368803024291992,2.409820556640625,41.0,8.0,True,True,0.3178,0.3178,0.3193,False,validation_gate_blocked,0.0,False,short_only,voladj_mom_96,1.5,0.0,24,29.629641133560547,-1.3069865635097933
2026-06-22T17:56:22,2026-06-22 17:30:00,MGNT,-8.51204776763916,2.266575813293457,39.0,10.0,True,True,2001.0,2001.0,2002.0,False,validation_gate_blocked,0.0,False,short_only,voladj_mom_96,1.5,0.0,24,29.629641133560547,-1.3069865635097933
2026-06-22T17:56:22,2026-06-22 17:30:00,MOEX,-7.583708763122559,3.1949148178100586,44.0,5.0,True,True,165.95,165.95,166.24,False,validation_gate_blocked,0.0,False,short_only,voladj_mom_96,1.5,0.0,24,29.629641133560547,-1.3069865635097933
2026-06-22T17:56:22,2026-06-22 17:30:00,MTLR,-18.893451690673828,-8.114828109741211,5.0,44.0,True,True,40.25,40.25,40.23,False,validation_gate_blocked,0.0,False,short_only,voladj_mom_96,1.5,0.0,24,29.629641133560547,-1.3069865635097933
2026-06-22T17:56:22,2026-06-22 17:30:00,NLMK,-16.621158599853516,-5.842535018920898,9.0,40.0,True,True,65.08,65.08,65.2,False,validation_gate_blocked,0.0,False,short_only,voladj_mom_96,1.5,0.0,24,29.629641133560547,-1.3069865635097933
2026-06-22T17:56:22,2026-06-22 17:30:00,OZON,-8.356945037841797,2.4216785430908203,42.0,7.0,True,True,3635.0,3635.0,3636.0,False,validation_gate_blocked,0.0,False,short_only,voladj_mom_96,1.5,0.0,24,29.629641133560547,-1.3069865635097933
2026-06-22T17:56:22,2026-06-22 17:30:00,PLZL,-1.446379542350769,9.332244038581848,47.0,2.0,True,True,1997.6,1997.6,1999.8,False,validation_gate_blocked,0.0,False,short_only,voladj_mom_96,1.5,0.0,24,29.629641133560547,-1.3069865635097933
2026-06-22T17:56:22,2026-06-22 17:30:00,RNFT,-20.635150909423828,-9.856527328491211,3.0,46.0,True,True,71.65,71.65,72.0,False,validation_gate_blocked,0.0,False,short_only,voladj_mom_96,1.5,0.0,24,29.629641133560547,-1.3069865635097933
2026-06-22T17:56:22,2026-06-22 17:30:00,ROSN,-18.882173538208008,-8.10354995727539,6.0,43.0,True,True,301.3,301.3,301.0,False,validation_gate_blocked,0.0,False,short_only,voladj_mom_96,1.5,0.0,24,29.629641133560547,-1.3069865635097933
2026-06-22T17:56:22,2026-06-22 17:30:00,SGZH,-20.60518455505371,-9.826560974121094,4.0,45.0,True,True,0.71,0.71,0.7145,False,validation_gate_blocked,0.0,False,short_only,voladj_mom_96,1.5,0.0,24,29.629641133560547,-1.3069865635097933
2026-06-22T17:56:22,2026-06-22 17:30:00,SMLT,-21.260833740234375,-10.482210159301758,2.0,47.0,True,True,317.6,317.6,318.8,False,validation_gate_blocked,0.0,False,short_only,voladj_mom_96,1.5,0.0,24,29.629641133560547,-1.3069865635097933
2026-06-22T17:56:22,2026-06-22 17:30:00,SVCB,2.4435043334960938,13.222127914428711,48.0,1.0,True,True,10.765,10.765,10.775,False,validation_gate_blocked,0.0,False,short_only,voladj_mom_96,1.5,0.0,24,29.629641133560547,-1.3069865635097933
2026-06-22T17:56:22,2026-06-22 17:30:00,VTBR,-17.49346351623535,-6.714839935302734,7.0,42.0,True,True,71.055,71.055,71.235,False,validation_gate_blocked,0.0,False,short_only,voladj_mom_96,1.5,0.0,24,29.629641133560547,-1.3069865635097933
2026-06-22T17:57:48,2026-06-22 17:30:00,ASTR,-16.830015182495117,-5.891797065734863,9.0,42.0,True,True,157.25,157.25,157.4,False,validation_gate_blocked,0.0,False,short_only,voladj_mom_96,1.5,0.0,24,29.629641133560547,-1.3069865635097933
2026-06-22T17:57:48,2026-06-22 17:30:00,CBOM,-8.450830459594727,2.4873876571655273,42.0,9.0,True,True,8.19,8.19,8.117,False,validation_gate_blocked,0.0,False,short_only,voladj_mom_96,1.5,0.0,24,29.629641133560547,-1.3069865635097933
2026-06-22T17:57:48,2026-06-22 17:30:00,CNRU,-25.79403305053711,-14.855814933776855,1.0,50.0,True,True,553.8,553.8,552.8,False,validation_gate_blocked,0.0,False,short_only,voladj_mom_96,1.5,0.0,24,29.629641133560547,-1.3069865635097933
2026-06-22T17:57:48,2026-06-22 17:30:00,FEES,-16.98714828491211,-6.0489301681518555,8.0,43.0,True,True,0.04958,0.04958,0.04966,False,validation_gate_blocked,0.0,False,short_only,voladj_mom_96,1.5,0.0,24,29.629641133560547,-1.3069865635097933
2026-06-22T17:57:48,2026-06-22 17:30:00,FLOT,-2.994542360305786,7.943675756454468,48.0,3.0,True,True,74.58,74.58,74.59,False,validation_gate_blocked,0.0,False,short_only,voladj_mom_96,1.5,0.0,24,29.629641133560547,-1.3069865635097933
2026-06-22T17:57:48,2026-06-22 17:30:00,GMKN,-6.191915512084961,4.746302604675293,47.0,4.0,True,True,128.9,128.9,128.98,False,validation_gate_blocked,0.0,False,short_only,voladj_mom_96,1.5,0.0,24,29.629641133560547,-1.3069865635097933
2026-06-22T17:57:48,2026-06-22 17:30:00,HEAD,-7.5964813232421875,3.3417367935180664,45.0,6.0,True,True,2674.0,2674.0,2676.0,False,validation_gate_blocked,0.0,False,short_only,voladj_mom_96,1.5,0.0,24,29.629641133560547,-1.3069865635097933
2026-06-22T17:57:48,2026-06-22 17:30:00,HYDR,-8.368803024291992,2.5694150924682617,43.0,8.0,True,True,0.3185,0.3185,0.3193,False,validation_gate_blocked,0.0,False,short_only,voladj_mom_96,1.5,0.0,24,29.629641133560547,-1.3069865635097933
2026-06-22T17:57:48,2026-06-22 17:30:00,MGNT,-8.51204776763916,2.4261703491210938,41.0,10.0,True,True,2001.5,2001.5,2002.0,False,validation_gate_blocked,0.0,False,short_only,voladj_mom_96,1.5,0.0,24,29.629641133560547,-1.3069865635097933
2026-06-22T17:57:48,2026-06-22 17:30:00,MOEX,-7.583708763122559,3.3545093536376953,46.0,5.0,True,True,166.1,166.1,166.24,False,validation_gate_blocked,0.0,False,short_only,voladj_mom_96,1.5,0.0,24,29.629641133560547,-1.3069865635097933
2026-06-22T17:57:48,2026-06-22 17:30:00,MTLR,-18.893451690673828,-7.955233573913574,5.0,46.0,True,True,40.28,40.28,40.23,False,validation_gate_blocked,0.0,False,short_only,voladj_mom_96,1.5,0.0,24,29.629641133560547,-1.3069865635097933
2026-06-22T17:57:48,2026-06-22 17:30:00,NLMK,-16.621158599853516,-5.682940483093262,10.0,41.0,True,True,64.92,64.92,65.2,False,validation_gate_blocked,0.0,False,short_only,voladj_mom_96,1.5,0.0,24,29.629641133560547,-1.3069865635097933
2026-06-22T17:57:48,2026-06-22 17:30:00,OZON,-8.356945037841797,2.581273078918457,44.0,7.0,True,True,3633.5,3633.5,3636.0,False,validation_gate_blocked,0.0,False,short_only,voladj_mom_96,1.5,0.0,24,29.629641133560547,-1.3069865635097933
2026-06-22T17:57:48,2026-06-22 17:30:00,PLZL,-1.446379542350769,9.491838574409485,49.0,2.0,True,True,1998.0,1998.0,1999.8,False,validation_gate_blocked,0.0,False,short_only,voladj_mom_96,1.5,0.0,24,29.629641133560547,-1.3069865635097933
2026-06-22T17:57:48,2026-06-22 17:30:00,RNFT,-20.635150909423828,-9.696932792663574,3.0,48.0,True,True,71.85,71.85,72.0,False,validation_gate_blocked,0.0,False,short_only,voladj_mom_96,1.5,0.0,24,29.629641133560547,-1.3069865635097933
2026-06-22T17:57:48,2026-06-22 17:30:00,ROSN,-18.882173538208008,-7.943955421447754,6.0,45.0,True,True,300.8,300.8,301.0,False,validation_gate_blocked,0.0,False,short_only,voladj_mom_96,1.5,0.0,24,29.629641133560547,-1.3069865635097933
2026-06-22T17:57:48,2026-06-22 17:30:00,SGZH,-20.60518455505371,-9.666966438293457,4.0,47.0,True,True,0.7125,0.7125,0.7145,False,validation_gate_blocked,0.0,False,short_only,voladj_mom_96,1.5,0.0,24,29.629641133560547,-1.3069865635097933
2026-06-22T17:57:48,2026-06-22 17:30:00,SMLT,-21.260833740234375,-10.322615623474121,2.0,49.0,True,True,318.4,318.4,318.8,False,validation_gate_blocked,0.0,False,short_only,voladj_mom_96,1.5,0.0,24,29.629641133560547,-1.3069865635097933
2026-06-22T17:57:48,2026-06-22 17:30:00,SVCB,2.4435043334960938,13.381722450256348,50.0,1.0,True,True,10.775,10.775,10.775,False,validation_gate_blocked,0.0,False,short_only,voladj_mom_96,1.5,0.0,24,29.629641133560547,-1.3069865635097933
2026-06-22T17:57:48,2026-06-22 17:30:00,VTBR,-17.49346351623535,-6.555245399475098,7.0,44.0,True,True,71.215,71.215,71.235,False,validation_gate_blocked,0.0,False,short_only,voladj_mom_96,1.5,0.0,24,29.629641133560547,-1.3069865635097933
2026-06-22T17:59:00,2026-06-22 17:30:00,ASTR,-16.830015182495117,-5.891797065734863,9.0,42.0,True,True,156.95,156.95,157.4,False,validation_gate_blocked,0.0,False,short_only,voladj_mom_96,1.5,0.0,24,29.629641133560547,-1.3069865635097933
2026-06-22T17:59:00,2026-06-22 17:30:00,CBOM,-8.450830459594727,2.4873876571655273,42.0,9.0,True,True,8.188,8.188,8.117,False,validation_gate_blocked,0.0,False,short_only,voladj_mom_96,1.5,0.0,24,29.629641133560547,-1.3069865635097933
2026-06-22T17:59:00,2026-06-22 17:30:00,CNRU,-25.79403305053711,-14.855814933776855,1.0,50.0,True,True,553.8,553.8,552.8,False,validation_gate_blocked,0.0,False,short_only,voladj_mom_96,1.5,0.0,24,29.629641133560547,-1.3069865635097933
2026-06-22T17:59:00,2026-06-22 17:30:00,FEES,-16.98714828491211,-6.0489301681518555,8.0,43.0,True,True,0.04942,0.04942,0.04966,False,validation_gate_blocked,0.0,False,short_only,voladj_mom_96,1.5,0.0,24,29.629641133560547,-1.3069865635097933
2026-06-22T17:59:00,2026-06-22 17:30:00,FLOT,-2.994542360305786,7.943675756454468,48.0,3.0,True,True,74.6,74.6,74.59,False,validation_gate_blocked,0.0,False,short_only,voladj_mom_96,1.5,0.0,24,29.629641133560547,-1.3069865635097933
2026-06-22T17:59:00,2026-06-22 17:30:00,GMKN,-6.191915512084961,4.746302604675293,47.0,4.0,True,True,128.84,128.84,128.98,False,validation_gate_blocked,0.0,False,short_only,voladj_mom_96,1.5,0.0,24,29.629641133560547,-1.3069865635097933
2026-06-22T17:59:00,2026-06-22 17:30:00,HEAD,-7.5964813232421875,3.3417367935180664,45.0,6.0,True,True,2672.0,2672.0,2676.0,False,validation_gate_blocked,0.0,False,short_only,voladj_mom_96,1.5,0.0,24,29.629641133560547,-1.3069865635097933
2026-06-22T17:59:00,2026-06-22 17:30:00,HYDR,-8.368803024291992,2.5694150924682617,43.0,8.0,True,True,0.3182,0.3182,0.3193,False,validation_gate_blocked,0.0,False,short_only,voladj_mom_96,1.5,0.0,24,29.629641133560547,-1.3069865635097933
2026-06-22T17:59:00,2026-06-22 17:30:00,MGNT,-8.51204776763916,2.4261703491210938,41.0,10.0,True,True,2000.0,2000.0,2002.0,False,validation_gate_blocked,0.0,False,short_only,voladj_mom_96,1.5,0.0,24,29.629641133560547,-1.3069865635097933
2026-06-22T17:59:00,2026-06-22 17:30:00,MOEX,-7.583708763122559,3.3545093536376953,46.0,5.0,True,True,165.9,165.9,166.24,False,validation_gate_blocked,0.0,False,short_only,voladj_mom_96,1.5,0.0,24,29.629641133560547,-1.3069865635097933
2026-06-22T17:59:00,2026-06-22 17:30:00,MTLR,-18.893451690673828,-7.955233573913574,5.0,46.0,True,True,40.25,40.25,40.23,False,validation_gate_blocked,0.0,False,short_only,voladj_mom_96,1.5,0.0,24,29.629641133560547,-1.3069865635097933
2026-06-22T17:59:00,2026-06-22 17:30:00,NLMK,-16.621158599853516,-5.682940483093262,10.0,41.0,True,True,64.82,64.82,65.2,False,validation_gate_blocked,0.0,False,short_only,voladj_mom_96,1.5,0.0,24,29.629641133560547,-1.3069865635097933
2026-06-22T17:59:00,2026-06-22 17:30:00,OZON,-8.356945037841797,2.581273078918457,44.0,7.0,True,True,3628.5,3628.5,3636.0,False,validation_gate_blocked,0.0,False,short_only,voladj_mom_96,1.5,0.0,24,29.629641133560547,-1.3069865635097933
2026-06-22T17:59:00,2026-06-22 17:30:00,PLZL,-1.446379542350769,9.491838574409485,49.0,2.0,True,True,1997.6,1997.6,1999.8,False,validation_gate_blocked,0.0,False,short_only,voladj_mom_96,1.5,0.0,24,29.629641133560547,-1.3069865635097933
2026-06-22T17:59:00,2026-06-22 17:30:00,RNFT,-20.635150909423828,-9.696932792663574,3.0,48.0,True,True,71.6,71.6,72.0,False,validation_gate_blocked,0.0,False,short_only,voladj_mom_96,1.5,0.0,24,29.629641133560547,-1.3069865635097933
2026-06-22T17:59:00,2026-06-22 17:30:00,ROSN,-18.882173538208008,-7.943955421447754,6.0,45.0,True,True,300.7,300.7,301.0,False,validation_gate_blocked,0.0,False,short_only,voladj_mom_96,1.5,0.0,24,29.629641133560547,-1.3069865635097933
2026-06-22T17:59:00,2026-06-22 17:30:00,SGZH,-20.60518455505371,-9.666966438293457,4.0,47.0,True,True,0.7115,0.7115,0.7145,False,validation_gate_blocked,0.0,False,short_only,voladj_mom_96,1.5,0.0,24,29.629641133560547,-1.3069865635097933
2026-06-22T17:59:00,2026-06-22 17:30:00,SMLT,-21.260833740234375,-10.322615623474121,2.0,49.0,True,True,317.0,317.0,318.8,False,validation_gate_blocked,0.0,False,short_only,voladj_mom_96,1.5,0.0,24,29.629641133560547,-1.3069865635097933
2026-06-22T17:59:00,2026-06-22 17:30:00,SVCB,2.4435043334960938,13.381722450256348,50.0,1.0,True,True,10.765,10.765,10.775,False,validation_gate_blocked,0.0,False,short_only,voladj_mom_96,1.5,0.0,24,29.629641133560547,-1.3069865635097933
2026-06-22T17:59:00,2026-06-22 17:30:00,VTBR,-17.49346351623535,-6.555245399475098,7.0,44.0,True,True,71.085,71.085,71.235,False,validation_gate_blocked,0.0,False,short_only,voladj_mom_96,1.5,0.0,24,29.629641133560547,-1.3069865635097933
2026-06-22T18:00:09,2026-06-22 17:30:00,ASTR,-16.830015182495117,-5.891797065734863,9.0,42.0,True,True,156.45,156.45,157.4,False,validation_gate_blocked,0.0,False,short_only,voladj_mom_96,1.5,0.0,24,29.629641133560547,-1.3069865635097933
2026-06-22T18:00:09,2026-06-22 17:30:00,CBOM,-8.450830459594727,2.4873876571655273,42.0,9.0,True,True,8.189,8.189,8.117,False,validation_gate_blocked,0.0,False,short_only,voladj_mom_96,1.5,0.0,24,29.629641133560547,-1.3069865635097933
2026-06-22T18:00:09,2026-06-22 17:30:00,CNRU,-25.79403305053711,-14.855814933776855,1.0,50.0,True,True,554.4,554.4,552.8,False,validation_gate_blocked,0.0,False,short_only,voladj_mom_96,1.5,0.0,24,29.629641133560547,-1.3069865635097933
2026-06-22T18:00:09,2026-06-22 17:30:00,FEES,-16.98714828491211,-6.0489301681518555,8.0,43.0,True,True,0.0494,0.0494,0.04966,False,validation_gate_blocked,0.0,False,short_only,voladj_mom_96,1.5,0.0,24,29.629641133560547,-1.3069865635097933
2026-06-22T18:00:09,2026-06-22 17:30:00,FLOT,-2.994542360305786,7.943675756454468,48.0,3.0,True,True,74.6,74.6,74.59,False,validation_gate_blocked,0.0,False,short_only,voladj_mom_96,1.5,0.0,24,29.629641133560547,-1.3069865635097933
2026-06-22T18:00:09,2026-06-22 17:30:00,GMKN,-6.191915512084961,4.746302604675293,47.0,4.0,True,True,128.88,128.88,128.98,False,validation_gate_blocked,0.0,False,short_only,voladj_mom_96,1.5,0.0,24,29.629641133560547,-1.3069865635097933
2026-06-22T18:00:09,2026-06-22 17:30:00,HEAD,-7.5964813232421875,3.3417367935180664,45.0,6.0,True,True,2674.0,2674.0,2676.0,False,validation_gate_blocked,0.0,False,short_only,voladj_mom_96,1.5,0.0,24,29.629641133560547,-1.3069865635097933
2026-06-22T18:00:09,2026-06-22 17:30:00,HYDR,-8.368803024291992,2.5694150924682617,43.0,8.0,True,True,0.3174,0.3174,0.3193,False,validation_gate_blocked,0.0,False,short_only,voladj_mom_96,1.5,0.0,24,29.629641133560547,-1.3069865635097933
2026-06-22T18:00:09,2026-06-22 17:30:00,MGNT,-8.51204776763916,2.4261703491210938,41.0,10.0,True,True,2000.0,2000.0,2002.0,False,validation_gate_blocked,0.0,False,short_only,voladj_mom_96,1.5,0.0,24,29.629641133560547,-1.3069865635097933
2026-06-22T18:00:09,2026-06-22 17:30:00,MOEX,-7.583708763122559,3.3545093536376953,46.0,5.0,True,True,165.53,165.53,166.24,False,validation_gate_blocked,0.0,False,short_only,voladj_mom_96,1.5,0.0,24,29.629641133560547,-1.3069865635097933
2026-06-22T18:00:09,2026-06-22 17:30:00,MTLR,-18.893451690673828,-7.955233573913574,5.0,46.0,True,True,40.25,40.25,40.23,False,validation_gate_blocked,0.0,False,short_only,voladj_mom_96,1.5,0.0,24,29.629641133560547,-1.3069865635097933
2026-06-22T18:00:09,2026-06-22 17:30:00,NLMK,-16.621158599853516,-5.682940483093262,10.0,41.0,True,True,64.84,64.84,65.2,False,validation_gate_blocked,0.0,False,short_only,voladj_mom_96,1.5,0.0,24,29.629641133560547,-1.3069865635097933
2026-06-22T18:00:09,2026-06-22 17:30:00,OZON,-8.356945037841797,2.581273078918457,44.0,7.0,True,True,3625.0,3625.0,3636.0,False,validation_gate_blocked,0.0,False,short_only,voladj_mom_96,1.5,0.0,24,29.629641133560547,-1.3069865635097933
2026-06-22T18:00:09,2026-06-22 17:30:00,PLZL,-1.446379542350769,9.491838574409485,49.0,2.0,True,True,1996.8,1996.8,1999.8,False,validation_gate_blocked,0.0,False,short_only,voladj_mom_96,1.5,0.0,24,29.629641133560547,-1.3069865635097933
2026-06-22T18:00:09,2026-06-22 17:30:00,RNFT,-20.635150909423828,-9.696932792663574,3.0,48.0,True,True,71.6,71.6,72.0,False,validation_gate_blocked,0.0,False,short_only,voladj_mom_96,1.5,0.0,24,29.629641133560547,-1.3069865635097933
2026-06-22T18:00:09,2026-06-22 17:30:00,ROSN,-18.882173538208008,-7.943955421447754,6.0,45.0,True,True,300.7,300.7,301.0,False,validation_gate_blocked,0.0,False,short_only,voladj_mom_96,1.5,0.0,24,29.629641133560547,-1.3069865635097933
2026-06-22T18:00:09,2026-06-22 17:30:00,SGZH,-20.60518455505371,-9.666966438293457,4.0,47.0,True,True,0.7105,0.7105,0.7145,False,validation_gate_blocked,0.0,False,short_only,voladj_mom_96,1.5,0.0,24,29.629641133560547,-1.3069865635097933
2026-06-22T18:00:09,2026-06-22 17:30:00,SMLT,-21.260833740234375,-10.322615623474121,2.0,49.0,True,True,317.4,317.4,318.8,False,validation_gate_blocked,0.0,False,short_only,voladj_mom_96,1.5,0.0,24,29.629641133560547,-1.3069865635097933
2026-06-22T18:00:09,2026-06-22 17:30:00,SVCB,2.4435043334960938,13.381722450256348,50.0,1.0,True,True,10.755,10.755,10.775,False,validation_gate_blocked,0.0,False,short_only,voladj_mom_96,1.5,0.0,24,29.629641133560547,-1.3069865635097933
2026-06-22T18:00:09,2026-06-22 17:30:00,VTBR,-17.49346351623535,-6.555245399475098,7.0,44.0,True,True,71.09,71.09,71.235,False,validation_gate_blocked,0.0,False,short_only,voladj_mom_96,1.5,0.0,24,29.629641133560547,-1.3069865635097933
